ISO-10303-21;
HEADER;
FILE_DESCRIPTION(('Open CASCADE Model'),'2;1');
FILE_NAME('Open CASCADE Shape Model','2026-08-18T19:07:41',('Author'),(
    'Open CASCADE'),'Open CASCADE STEP processor 7.9','Open CASCADE 7.9'
  ,'Unknown');
FILE_SCHEMA(('AUTOMOTIVE_DESIGN { 1 0 10303 214 1 1 1 1 }'));
ENDSEC;
DATA;
#1 = APPLICATION_PROTOCOL_DEFINITION('international standard',
  'automotive_design',2000,#2);
#2 = APPLICATION_CONTEXT(
  'core data for automotive mechanical design processes');
#3 = SHAPE_DEFINITION_REPRESENTATION(#4,#10);
#4 = PRODUCT_DEFINITION_SHAPE('','',#5);
#5 = PRODUCT_DEFINITION('design','',#6,#9);
#6 = PRODUCT_DEFINITION_FORMATION('','',#7);
#7 = PRODUCT('Open CASCADE STEP translator 7.9 1',
  'Open CASCADE STEP translator 7.9 1','',(#8));
#8 = PRODUCT_CONTEXT('',#2,'mechanical');
#9 = PRODUCT_DEFINITION_CONTEXT('part definition',#2,'design');
#10 = ADVANCED_BREP_SHAPE_REPRESENTATION('',(#11,#15),#6015);
#11 = AXIS2_PLACEMENT_3D('',#12,#13,#14);
#12 = CARTESIAN_POINT('',(0.,0.,0.));
#13 = DIRECTION('',(0.,0.,1.));
#14 = DIRECTION('',(1.,0.,-0.));
#15 = MANIFOLD_SOLID_BREP('',#16);
#16 = CLOSED_SHELL('',(#17,#137,#213,#289,#1725,#2214,#2290,#2366,#2442,
    #2492,#2754,#2804,#2853,#2903,#2952,#2980,#3047,#3227,#3296,#3323,
    #3350,#3375,#3451,#3624,#3671,#3697,#3744,#3813,#3840,#3867,#3892,
    #3968,#4141,#4188,#4242,#4290,#4322,#4369,#4423,#4471,#4523,#4570,
    #4750,#4797,#4866,#4893,#4920,#4945,#4996,#5043,#5069,#5096,#5123,
    #5150,#5177,#5185,#5193,#5299,#5348,#5397,#5424,#5493,#5540,#5587,
    #5612,#5647,#5654,#5689,#5696,#5731,#5766,#5779,#5834,#5889,#5944,
    #5999,#6003,#6007,#6011));
#17 = ADVANCED_FACE('',(#18),#32,.T.);
#18 = FACE_BOUND('',#19,.T.);
#19 = EDGE_LOOP('',(#20,#55,#83,#111));
#20 = ORIENTED_EDGE('',*,*,#21,.T.);
#21 = EDGE_CURVE('',#22,#24,#26,.T.);
#22 = VERTEX_POINT('',#23);
#23 = CARTESIAN_POINT('',(-37.,-35.,0.));
#24 = VERTEX_POINT('',#25);
#25 = CARTESIAN_POINT('',(-37.,-35.,1.));
#26 = SURFACE_CURVE('',#27,(#31,#43),.PCURVE_S1.);
#27 = LINE('',#28,#29);
#28 = CARTESIAN_POINT('',(-37.,-35.,0.));
#29 = VECTOR('',#30,1.);
#30 = DIRECTION('',(0.,0.,1.));
#31 = PCURVE('',#32,#37);
#32 = PLANE('',#33);
#33 = AXIS2_PLACEMENT_3D('',#34,#35,#36);
#34 = CARTESIAN_POINT('',(-37.,-35.,0.));
#35 = DIRECTION('',(-1.,0.,0.));
#36 = DIRECTION('',(0.,1.,0.));
#37 = DEFINITIONAL_REPRESENTATION('',(#38),#42);
#38 = LINE('',#39,#40);
#39 = CARTESIAN_POINT('',(0.,0.));
#40 = VECTOR('',#41,1.);
#41 = DIRECTION('',(0.,-1.));
#42 = ( GEOMETRIC_REPRESENTATION_CONTEXT(2) 
PARAMETRIC_REPRESENTATION_CONTEXT() REPRESENTATION_CONTEXT('2D SPACE',''
  ) );
#43 = PCURVE('',#44,#49);
#44 = CYLINDRICAL_SURFACE('',#45,5.);
#45 = AXIS2_PLACEMENT_3D('',#46,#47,#48);
#46 = CARTESIAN_POINT('',(-32.,-35.,0.));
#47 = DIRECTION('',(-0.,-0.,-1.));
#48 = DIRECTION('',(1.,0.,0.));
#49 = DEFINITIONAL_REPRESENTATION('',(#50),#54);
#50 = LINE('',#51,#52);
#51 = CARTESIAN_POINT('',(-3.14159265359,0.));
#52 = VECTOR('',#53,1.);
#53 = DIRECTION('',(-0.,-1.));
#54 = ( GEOMETRIC_REPRESENTATION_CONTEXT(2) 
PARAMETRIC_REPRESENTATION_CONTEXT() REPRESENTATION_CONTEXT('2D SPACE',''
  ) );
#55 = ORIENTED_EDGE('',*,*,#56,.T.);
#56 = EDGE_CURVE('',#24,#57,#59,.T.);
#57 = VERTEX_POINT('',#58);
#58 = CARTESIAN_POINT('',(-37.,35.,1.));
#59 = SURFACE_CURVE('',#60,(#64,#71),.PCURVE_S1.);
#60 = LINE('',#61,#62);
#61 = CARTESIAN_POINT('',(-37.,0.,1.));
#62 = VECTOR('',#63,1.);
#63 = DIRECTION('',(0.,1.,0.));
#64 = PCURVE('',#32,#65);
#65 = DEFINITIONAL_REPRESENTATION('',(#66),#70);
#66 = LINE('',#67,#68);
#67 = CARTESIAN_POINT('',(35.,-1.));
#68 = VECTOR('',#69,1.);
#69 = DIRECTION('',(1.,0.));
#70 = ( GEOMETRIC_REPRESENTATION_CONTEXT(2) 
PARAMETRIC_REPRESENTATION_CONTEXT() REPRESENTATION_CONTEXT('2D SPACE',''
  ) );
#71 = PCURVE('',#72,#77);
#72 = PLANE('',#73);
#73 = AXIS2_PLACEMENT_3D('',#74,#75,#76);
#74 = CARTESIAN_POINT('',(0.,0.,1.));
#75 = DIRECTION('',(0.,0.,1.));
#76 = DIRECTION('',(1.,0.,0.));
#77 = DEFINITIONAL_REPRESENTATION('',(#78),#82);
#78 = LINE('',#79,#80);
#79 = CARTESIAN_POINT('',(-37.,0.));
#80 = VECTOR('',#81,1.);
#81 = DIRECTION('',(0.,1.));
#82 = ( GEOMETRIC_REPRESENTATION_CONTEXT(2) 
PARAMETRIC_REPRESENTATION_CONTEXT() REPRESENTATION_CONTEXT('2D SPACE',''
  ) );
#83 = ORIENTED_EDGE('',*,*,#84,.F.);
#84 = EDGE_CURVE('',#85,#57,#87,.T.);
#85 = VERTEX_POINT('',#86);
#86 = CARTESIAN_POINT('',(-37.,35.,0.));
#87 = SURFACE_CURVE('',#88,(#92,#99),.PCURVE_S1.);
#88 = LINE('',#89,#90);
#89 = CARTESIAN_POINT('',(-37.,35.,0.));
#90 = VECTOR('',#91,1.);
#91 = DIRECTION('',(0.,0.,1.));
#92 = PCURVE('',#32,#93);
#93 = DEFINITIONAL_REPRESENTATION('',(#94),#98);
#94 = LINE('',#95,#96);
#95 = CARTESIAN_POINT('',(70.,0.));
#96 = VECTOR('',#97,1.);
#97 = DIRECTION('',(0.,-1.));
#98 = ( GEOMETRIC_REPRESENTATION_CONTEXT(2) 
PARAMETRIC_REPRESENTATION_CONTEXT() REPRESENTATION_CONTEXT('2D SPACE',''
  ) );
#99 = PCURVE('',#100,#105);
#100 = CYLINDRICAL_SURFACE('',#101,5.);
#101 = AXIS2_PLACEMENT_3D('',#102,#103,#104);
#102 = CARTESIAN_POINT('',(-32.,35.,0.));
#103 = DIRECTION('',(-0.,-0.,-1.));
#104 = DIRECTION('',(1.,0.,0.));
#105 = DEFINITIONAL_REPRESENTATION('',(#106),#110);
#106 = LINE('',#107,#108);
#107 = CARTESIAN_POINT('',(-3.14159265359,0.));
#108 = VECTOR('',#109,1.);
#109 = DIRECTION('',(-0.,-1.));
#110 = ( GEOMETRIC_REPRESENTATION_CONTEXT(2) 
PARAMETRIC_REPRESENTATION_CONTEXT() REPRESENTATION_CONTEXT('2D SPACE',''
  ) );
#111 = ORIENTED_EDGE('',*,*,#112,.F.);
#112 = EDGE_CURVE('',#22,#85,#113,.T.);
#113 = SURFACE_CURVE('',#114,(#118,#125),.PCURVE_S1.);
#114 = LINE('',#115,#116);
#115 = CARTESIAN_POINT('',(-37.,0.,0.));
#116 = VECTOR('',#117,1.);
#117 = DIRECTION('',(0.,1.,0.));
#118 = PCURVE('',#32,#119);
#119 = DEFINITIONAL_REPRESENTATION('',(#120),#124);
#120 = LINE('',#121,#122);
#121 = CARTESIAN_POINT('',(35.,0.));
#122 = VECTOR('',#123,1.);
#123 = DIRECTION('',(1.,0.));
#124 = ( GEOMETRIC_REPRESENTATION_CONTEXT(2) 
PARAMETRIC_REPRESENTATION_CONTEXT() REPRESENTATION_CONTEXT('2D SPACE',''
  ) );
#125 = PCURVE('',#126,#131);
#126 = PLANE('',#127);
#127 = AXIS2_PLACEMENT_3D('',#128,#129,#130);
#128 = CARTESIAN_POINT('',(0.,0.,0.));
#129 = DIRECTION('',(0.,0.,1.));
#130 = DIRECTION('',(1.,0.,0.));
#131 = DEFINITIONAL_REPRESENTATION('',(#132),#136);
#132 = LINE('',#133,#134);
#133 = CARTESIAN_POINT('',(-37.,0.));
#134 = VECTOR('',#135,1.);
#135 = DIRECTION('',(0.,1.));
#136 = ( GEOMETRIC_REPRESENTATION_CONTEXT(2) 
PARAMETRIC_REPRESENTATION_CONTEXT() REPRESENTATION_CONTEXT('2D SPACE',''
  ) );
#137 = ADVANCED_FACE('',(#138),#44,.T.);
#138 = FACE_BOUND('',#139,.F.);
#139 = EDGE_LOOP('',(#140,#164,#165,#189));
#140 = ORIENTED_EDGE('',*,*,#141,.F.);
#141 = EDGE_CURVE('',#22,#142,#144,.T.);
#142 = VERTEX_POINT('',#143);
#143 = CARTESIAN_POINT('',(-36.95182011741,-35.69244315637,0.));
#144 = SURFACE_CURVE('',#145,(#150,#157),.PCURVE_S1.);
#145 = CIRCLE('',#146,5.);
#146 = AXIS2_PLACEMENT_3D('',#147,#148,#149);
#147 = CARTESIAN_POINT('',(-32.,-35.,0.));
#148 = DIRECTION('',(0.,0.,1.));
#149 = DIRECTION('',(1.,0.,0.));
#150 = PCURVE('',#44,#151);
#151 = DEFINITIONAL_REPRESENTATION('',(#152),#156);
#152 = LINE('',#153,#154);
#153 = CARTESIAN_POINT('',(-0.,0.));
#154 = VECTOR('',#155,1.);
#155 = DIRECTION('',(-1.,0.));
#156 = ( GEOMETRIC_REPRESENTATION_CONTEXT(2) 
PARAMETRIC_REPRESENTATION_CONTEXT() REPRESENTATION_CONTEXT('2D SPACE',''
  ) );
#157 = PCURVE('',#126,#158);
#158 = DEFINITIONAL_REPRESENTATION('',(#159),#163);
#159 = CIRCLE('',#160,5.);
#160 = AXIS2_PLACEMENT_2D('',#161,#162);
#161 = CARTESIAN_POINT('',(-32.,-35.));
#162 = DIRECTION('',(1.,0.));
#163 = ( GEOMETRIC_REPRESENTATION_CONTEXT(2) 
PARAMETRIC_REPRESENTATION_CONTEXT() REPRESENTATION_CONTEXT('2D SPACE',''
  ) );
#164 = ORIENTED_EDGE('',*,*,#21,.T.);
#165 = ORIENTED_EDGE('',*,*,#166,.T.);
#166 = EDGE_CURVE('',#24,#167,#169,.T.);
#167 = VERTEX_POINT('',#168);
#168 = CARTESIAN_POINT('',(-36.95182011741,-35.69244315637,1.));
#169 = SURFACE_CURVE('',#170,(#175,#182),.PCURVE_S1.);
#170 = CIRCLE('',#171,5.);
#171 = AXIS2_PLACEMENT_3D('',#172,#173,#174);
#172 = CARTESIAN_POINT('',(-32.,-35.,1.));
#173 = DIRECTION('',(0.,0.,1.));
#174 = DIRECTION('',(1.,0.,0.));
#175 = PCURVE('',#44,#176);
#176 = DEFINITIONAL_REPRESENTATION('',(#177),#181);
#177 = LINE('',#178,#179);
#178 = CARTESIAN_POINT('',(-0.,-1.));
#179 = VECTOR('',#180,1.);
#180 = DIRECTION('',(-1.,0.));
#181 = ( GEOMETRIC_REPRESENTATION_CONTEXT(2) 
PARAMETRIC_REPRESENTATION_CONTEXT() REPRESENTATION_CONTEXT('2D SPACE',''
  ) );
#182 = PCURVE('',#72,#183);
#183 = DEFINITIONAL_REPRESENTATION('',(#184),#188);
#184 = CIRCLE('',#185,5.);
#185 = AXIS2_PLACEMENT_2D('',#186,#187);
#186 = CARTESIAN_POINT('',(-32.,-35.));
#187 = DIRECTION('',(1.,0.));
#188 = ( GEOMETRIC_REPRESENTATION_CONTEXT(2) 
PARAMETRIC_REPRESENTATION_CONTEXT() REPRESENTATION_CONTEXT('2D SPACE',''
  ) );
#189 = ORIENTED_EDGE('',*,*,#190,.T.);
#190 = EDGE_CURVE('',#167,#142,#191,.T.);
#191 = SURFACE_CURVE('',#192,(#196,#202),.PCURVE_S1.);
#192 = LINE('',#193,#194);
#193 = CARTESIAN_POINT('',(-36.95182011741,-35.69244315637,0.));
#194 = VECTOR('',#195,1.);
#195 = DIRECTION('',(-0.,-0.,-1.));
#196 = PCURVE('',#44,#197);
#197 = DEFINITIONAL_REPRESENTATION('',(#198),#201);
#198 = B_SPLINE_CURVE_WITH_KNOTS('',1,(#199,#200),.UNSPECIFIED.,.F.,.F.,
  (2,2),(-1.0000006,6.E-07),.PIECEWISE_BEZIER_KNOTS.);
#199 = CARTESIAN_POINT('',(-3.280527830902,-1.0000006));
#200 = CARTESIAN_POINT('',(-3.280527830902,6.E-07));
#201 = ( GEOMETRIC_REPRESENTATION_CONTEXT(2) 
PARAMETRIC_REPRESENTATION_CONTEXT() REPRESENTATION_CONTEXT('2D SPACE',''
  ) );
#202 = PCURVE('',#203,#208);
#203 = PLANE('',#204);
#204 = AXIS2_PLACEMENT_3D('',#205,#206,#207);
#205 = CARTESIAN_POINT('',(-36.56966065782,-35.3282484577,0.));
#206 = DIRECTION('',(0.689886885942,-0.723917180764,0.));
#207 = DIRECTION('',(0.,0.,1.));
#208 = DEFINITIONAL_REPRESENTATION('',(#209),#212);
#209 = B_SPLINE_CURVE_WITH_KNOTS('',1,(#210,#211),.UNSPECIFIED.,.F.,.F.,
  (2,2),(-1.0000006,6.E-07),.PIECEWISE_BEZIER_KNOTS.);
#210 = CARTESIAN_POINT('',(1.0000006,0.527904945123));
#211 = CARTESIAN_POINT('',(-6.E-07,0.527904945123));
#212 = ( GEOMETRIC_REPRESENTATION_CONTEXT(2) 
PARAMETRIC_REPRESENTATION_CONTEXT() REPRESENTATION_CONTEXT('2D SPACE',''
  ) );
#213 = ADVANCED_FACE('',(#214),#100,.T.);
#214 = FACE_BOUND('',#215,.F.);
#215 = EDGE_LOOP('',(#216,#240,#266,#288));
#216 = ORIENTED_EDGE('',*,*,#217,.F.);
#217 = EDGE_CURVE('',#218,#85,#220,.T.);
#218 = VERTEX_POINT('',#219);
#219 = CARTESIAN_POINT('',(-36.95182011741,35.692443156372,0.));
#220 = SURFACE_CURVE('',#221,(#226,#233),.PCURVE_S1.);
#221 = CIRCLE('',#222,5.);
#222 = AXIS2_PLACEMENT_3D('',#223,#224,#225);
#223 = CARTESIAN_POINT('',(-32.,35.,0.));
#224 = DIRECTION('',(0.,0.,1.));
#225 = DIRECTION('',(1.,0.,0.));
#226 = PCURVE('',#100,#227);
#227 = DEFINITIONAL_REPRESENTATION('',(#228),#232);
#228 = LINE('',#229,#230);
#229 = CARTESIAN_POINT('',(-0.,0.));
#230 = VECTOR('',#231,1.);
#231 = DIRECTION('',(-1.,0.));
#232 = ( GEOMETRIC_REPRESENTATION_CONTEXT(2) 
PARAMETRIC_REPRESENTATION_CONTEXT() REPRESENTATION_CONTEXT('2D SPACE',''
  ) );
#233 = PCURVE('',#126,#234);
#234 = DEFINITIONAL_REPRESENTATION('',(#235),#239);
#235 = CIRCLE('',#236,5.);
#236 = AXIS2_PLACEMENT_2D('',#237,#238);
#237 = CARTESIAN_POINT('',(-32.,35.));
#238 = DIRECTION('',(1.,0.));
#239 = ( GEOMETRIC_REPRESENTATION_CONTEXT(2) 
PARAMETRIC_REPRESENTATION_CONTEXT() REPRESENTATION_CONTEXT('2D SPACE',''
  ) );
#240 = ORIENTED_EDGE('',*,*,#241,.F.);
#241 = EDGE_CURVE('',#242,#218,#244,.T.);
#242 = VERTEX_POINT('',#243);
#243 = CARTESIAN_POINT('',(-36.95182011741,35.692443156372,1.));
#244 = SURFACE_CURVE('',#245,(#249,#255),.PCURVE_S1.);
#245 = LINE('',#246,#247);
#246 = CARTESIAN_POINT('',(-36.95182011741,35.692443156372,0.));
#247 = VECTOR('',#248,1.);
#248 = DIRECTION('',(-0.,-0.,-1.));
#249 = PCURVE('',#100,#250);
#250 = DEFINITIONAL_REPRESENTATION('',(#251),#254);
#251 = B_SPLINE_CURVE_WITH_KNOTS('',1,(#252,#253),.UNSPECIFIED.,.F.,.F.,
  (2,2),(-1.0000006,6.E-07),.PIECEWISE_BEZIER_KNOTS.);
#252 = CARTESIAN_POINT('',(-3.002657476278,-1.0000006));
#253 = CARTESIAN_POINT('',(-3.002657476278,6.E-07));
#254 = ( GEOMETRIC_REPRESENTATION_CONTEXT(2) 
PARAMETRIC_REPRESENTATION_CONTEXT() REPRESENTATION_CONTEXT('2D SPACE',''
  ) );
#255 = PCURVE('',#256,#261);
#256 = PLANE('',#257);
#257 = AXIS2_PLACEMENT_3D('',#258,#259,#260);
#258 = CARTESIAN_POINT('',(-36.56966065782,35.328248457708,0.));
#259 = DIRECTION('',(-0.689886885942,-0.723917180764,0.));
#260 = DIRECTION('',(0.,0.,1.));
#261 = DEFINITIONAL_REPRESENTATION('',(#262),#265);
#262 = B_SPLINE_CURVE_WITH_KNOTS('',1,(#263,#264),.UNSPECIFIED.,.F.,.F.,
  (2,2),(-1.0000006,6.E-07),.PIECEWISE_BEZIER_KNOTS.);
#263 = CARTESIAN_POINT('',(1.0000006,0.527904945123));
#264 = CARTESIAN_POINT('',(-6.E-07,0.527904945123));
#265 = ( GEOMETRIC_REPRESENTATION_CONTEXT(2) 
PARAMETRIC_REPRESENTATION_CONTEXT() REPRESENTATION_CONTEXT('2D SPACE',''
  ) );
#266 = ORIENTED_EDGE('',*,*,#267,.T.);
#267 = EDGE_CURVE('',#242,#57,#268,.T.);
#268 = SURFACE_CURVE('',#269,(#274,#281),.PCURVE_S1.);
#269 = CIRCLE('',#270,5.);
#270 = AXIS2_PLACEMENT_3D('',#271,#272,#273);
#271 = CARTESIAN_POINT('',(-32.,35.,1.));
#272 = DIRECTION('',(0.,0.,1.));
#273 = DIRECTION('',(1.,0.,0.));
#274 = PCURVE('',#100,#275);
#275 = DEFINITIONAL_REPRESENTATION('',(#276),#280);
#276 = LINE('',#277,#278);
#277 = CARTESIAN_POINT('',(-0.,-1.));
#278 = VECTOR('',#279,1.);
#279 = DIRECTION('',(-1.,0.));
#280 = ( GEOMETRIC_REPRESENTATION_CONTEXT(2) 
PARAMETRIC_REPRESENTATION_CONTEXT() REPRESENTATION_CONTEXT('2D SPACE',''
  ) );
#281 = PCURVE('',#72,#282);
#282 = DEFINITIONAL_REPRESENTATION('',(#283),#287);
#283 = CIRCLE('',#284,5.);
#284 = AXIS2_PLACEMENT_2D('',#285,#286);
#285 = CARTESIAN_POINT('',(-32.,35.));
#286 = DIRECTION('',(1.,0.));
#287 = ( GEOMETRIC_REPRESENTATION_CONTEXT(2) 
PARAMETRIC_REPRESENTATION_CONTEXT() REPRESENTATION_CONTEXT('2D SPACE',''
  ) );
#288 = ORIENTED_EDGE('',*,*,#84,.F.);
#289 = ADVANCED_FACE('',(#290,#520,#805,#1199,#1450),#126,.F.);
#290 = FACE_BOUND('',#291,.F.);
#291 = EDGE_LOOP('',(#292,#322,#351,#379,#408,#436,#465,#493));
#292 = ORIENTED_EDGE('',*,*,#293,.F.);
#293 = EDGE_CURVE('',#294,#296,#298,.T.);
#294 = VERTEX_POINT('',#295);
#295 = CARTESIAN_POINT('',(-53.5,-48.5,0.));
#296 = VERTEX_POINT('',#297);
#297 = CARTESIAN_POINT('',(-53.5,48.5,0.));
#298 = SURFACE_CURVE('',#299,(#303,#310),.PCURVE_S1.);
#299 = LINE('',#300,#301);
#300 = CARTESIAN_POINT('',(-53.5,0.,0.));
#301 = VECTOR('',#302,1.);
#302 = DIRECTION('',(0.,1.,0.));
#303 = PCURVE('',#126,#304);
#304 = DEFINITIONAL_REPRESENTATION('',(#305),#309);
#305 = LINE('',#306,#307);
#306 = CARTESIAN_POINT('',(-53.5,0.));
#307 = VECTOR('',#308,1.);
#308 = DIRECTION('',(0.,1.));
#309 = ( GEOMETRIC_REPRESENTATION_CONTEXT(2) 
PARAMETRIC_REPRESENTATION_CONTEXT() REPRESENTATION_CONTEXT('2D SPACE',''
  ) );
#310 = PCURVE('',#311,#316);
#311 = PLANE('',#312);
#312 = AXIS2_PLACEMENT_3D('',#313,#314,#315);
#313 = CARTESIAN_POINT('',(-53.5,-48.5,0.));
#314 = DIRECTION('',(-1.,0.,0.));
#315 = DIRECTION('',(0.,1.,0.));
#316 = DEFINITIONAL_REPRESENTATION('',(#317),#321);
#317 = LINE('',#318,#319);
#318 = CARTESIAN_POINT('',(48.5,0.));
#319 = VECTOR('',#320,1.);
#320 = DIRECTION('',(1.,0.));
#321 = ( GEOMETRIC_REPRESENTATION_CONTEXT(2) 
PARAMETRIC_REPRESENTATION_CONTEXT() REPRESENTATION_CONTEXT('2D SPACE',''
  ) );
#322 = ORIENTED_EDGE('',*,*,#323,.T.);
#323 = EDGE_CURVE('',#294,#324,#326,.T.);
#324 = VERTEX_POINT('',#325);
#325 = CARTESIAN_POINT('',(-47.,-55.,0.));
#326 = SURFACE_CURVE('',#327,(#332,#339),.PCURVE_S1.);
#327 = CIRCLE('',#328,6.5);
#328 = AXIS2_PLACEMENT_3D('',#329,#330,#331);
#329 = CARTESIAN_POINT('',(-47.,-48.5,0.));
#330 = DIRECTION('',(0.,0.,1.));
#331 = DIRECTION('',(1.,0.,0.));
#332 = PCURVE('',#126,#333);
#333 = DEFINITIONAL_REPRESENTATION('',(#334),#338);
#334 = CIRCLE('',#335,6.5);
#335 = AXIS2_PLACEMENT_2D('',#336,#337);
#336 = CARTESIAN_POINT('',(-47.,-48.5));
#337 = DIRECTION('',(1.,0.));
#338 = ( GEOMETRIC_REPRESENTATION_CONTEXT(2) 
PARAMETRIC_REPRESENTATION_CONTEXT() REPRESENTATION_CONTEXT('2D SPACE',''
  ) );
#339 = PCURVE('',#340,#345);
#340 = CYLINDRICAL_SURFACE('',#341,6.5);
#341 = AXIS2_PLACEMENT_3D('',#342,#343,#344);
#342 = CARTESIAN_POINT('',(-47.,-48.5,0.));
#343 = DIRECTION('',(-0.,-0.,-1.));
#344 = DIRECTION('',(1.,0.,0.));
#345 = DEFINITIONAL_REPRESENTATION('',(#346),#350);
#346 = LINE('',#347,#348);
#347 = CARTESIAN_POINT('',(-0.,0.));
#348 = VECTOR('',#349,1.);
#349 = DIRECTION('',(-1.,0.));
#350 = ( GEOMETRIC_REPRESENTATION_CONTEXT(2) 
PARAMETRIC_REPRESENTATION_CONTEXT() REPRESENTATION_CONTEXT('2D SPACE',''
  ) );
#351 = ORIENTED_EDGE('',*,*,#352,.T.);
#352 = EDGE_CURVE('',#324,#353,#355,.T.);
#353 = VERTEX_POINT('',#354);
#354 = CARTESIAN_POINT('',(47.,-55.,0.));
#355 = SURFACE_CURVE('',#356,(#360,#367),.PCURVE_S1.);
#356 = LINE('',#357,#358);
#357 = CARTESIAN_POINT('',(0.,-55.,0.));
#358 = VECTOR('',#359,1.);
#359 = DIRECTION('',(1.,0.,0.));
#360 = PCURVE('',#126,#361);
#361 = DEFINITIONAL_REPRESENTATION('',(#362),#366);
#362 = LINE('',#363,#364);
#363 = CARTESIAN_POINT('',(0.,-55.));
#364 = VECTOR('',#365,1.);
#365 = DIRECTION('',(1.,0.));
#366 = ( GEOMETRIC_REPRESENTATION_CONTEXT(2) 
PARAMETRIC_REPRESENTATION_CONTEXT() REPRESENTATION_CONTEXT('2D SPACE',''
  ) );
#367 = PCURVE('',#368,#373);
#368 = PLANE('',#369);
#369 = AXIS2_PLACEMENT_3D('',#370,#371,#372);
#370 = CARTESIAN_POINT('',(-47.,-55.,0.));
#371 = DIRECTION('',(0.,1.,0.));
#372 = DIRECTION('',(1.,0.,0.));
#373 = DEFINITIONAL_REPRESENTATION('',(#374),#378);
#374 = LINE('',#375,#376);
#375 = CARTESIAN_POINT('',(47.,0.));
#376 = VECTOR('',#377,1.);
#377 = DIRECTION('',(1.,0.));
#378 = ( GEOMETRIC_REPRESENTATION_CONTEXT(2) 
PARAMETRIC_REPRESENTATION_CONTEXT() REPRESENTATION_CONTEXT('2D SPACE',''
  ) );
#379 = ORIENTED_EDGE('',*,*,#380,.T.);
#380 = EDGE_CURVE('',#353,#381,#383,.T.);
#381 = VERTEX_POINT('',#382);
#382 = CARTESIAN_POINT('',(53.5,-48.5,0.));
#383 = SURFACE_CURVE('',#384,(#389,#396),.PCURVE_S1.);
#384 = CIRCLE('',#385,6.5);
#385 = AXIS2_PLACEMENT_3D('',#386,#387,#388);
#386 = CARTESIAN_POINT('',(47.,-48.5,0.));
#387 = DIRECTION('',(0.,0.,1.));
#388 = DIRECTION('',(1.,0.,0.));
#389 = PCURVE('',#126,#390);
#390 = DEFINITIONAL_REPRESENTATION('',(#391),#395);
#391 = CIRCLE('',#392,6.5);
#392 = AXIS2_PLACEMENT_2D('',#393,#394);
#393 = CARTESIAN_POINT('',(47.,-48.5));
#394 = DIRECTION('',(1.,0.));
#395 = ( GEOMETRIC_REPRESENTATION_CONTEXT(2) 
PARAMETRIC_REPRESENTATION_CONTEXT() REPRESENTATION_CONTEXT('2D SPACE',''
  ) );
#396 = PCURVE('',#397,#402);
#397 = CYLINDRICAL_SURFACE('',#398,6.5);
#398 = AXIS2_PLACEMENT_3D('',#399,#400,#401);
#399 = CARTESIAN_POINT('',(47.,-48.5,0.));
#400 = DIRECTION('',(-0.,-0.,-1.));
#401 = DIRECTION('',(1.,0.,0.));
#402 = DEFINITIONAL_REPRESENTATION('',(#403),#407);
#403 = LINE('',#404,#405);
#404 = CARTESIAN_POINT('',(-0.,0.));
#405 = VECTOR('',#406,1.);
#406 = DIRECTION('',(-1.,0.));
#407 = ( GEOMETRIC_REPRESENTATION_CONTEXT(2) 
PARAMETRIC_REPRESENTATION_CONTEXT() REPRESENTATION_CONTEXT('2D SPACE',''
  ) );
#408 = ORIENTED_EDGE('',*,*,#409,.T.);
#409 = EDGE_CURVE('',#381,#410,#412,.T.);
#410 = VERTEX_POINT('',#411);
#411 = CARTESIAN_POINT('',(53.5,48.5,0.));
#412 = SURFACE_CURVE('',#413,(#417,#424),.PCURVE_S1.);
#413 = LINE('',#414,#415);
#414 = CARTESIAN_POINT('',(53.5,0.,0.));
#415 = VECTOR('',#416,1.);
#416 = DIRECTION('',(0.,1.,0.));
#417 = PCURVE('',#126,#418);
#418 = DEFINITIONAL_REPRESENTATION('',(#419),#423);
#419 = LINE('',#420,#421);
#420 = CARTESIAN_POINT('',(53.5,0.));
#421 = VECTOR('',#422,1.);
#422 = DIRECTION('',(0.,1.));
#423 = ( GEOMETRIC_REPRESENTATION_CONTEXT(2) 
PARAMETRIC_REPRESENTATION_CONTEXT() REPRESENTATION_CONTEXT('2D SPACE',''
  ) );
#424 = PCURVE('',#425,#430);
#425 = PLANE('',#426);
#426 = AXIS2_PLACEMENT_3D('',#427,#428,#429);
#427 = CARTESIAN_POINT('',(53.5,-48.5,0.));
#428 = DIRECTION('',(-1.,0.,0.));
#429 = DIRECTION('',(0.,1.,0.));
#430 = DEFINITIONAL_REPRESENTATION('',(#431),#435);
#431 = LINE('',#432,#433);
#432 = CARTESIAN_POINT('',(48.5,0.));
#433 = VECTOR('',#434,1.);
#434 = DIRECTION('',(1.,0.));
#435 = ( GEOMETRIC_REPRESENTATION_CONTEXT(2) 
PARAMETRIC_REPRESENTATION_CONTEXT() REPRESENTATION_CONTEXT('2D SPACE',''
  ) );
#436 = ORIENTED_EDGE('',*,*,#437,.T.);
#437 = EDGE_CURVE('',#410,#438,#440,.T.);
#438 = VERTEX_POINT('',#439);
#439 = CARTESIAN_POINT('',(47.,55.,0.));
#440 = SURFACE_CURVE('',#441,(#446,#453),.PCURVE_S1.);
#441 = CIRCLE('',#442,6.5);
#442 = AXIS2_PLACEMENT_3D('',#443,#444,#445);
#443 = CARTESIAN_POINT('',(47.,48.5,0.));
#444 = DIRECTION('',(0.,0.,1.));
#445 = DIRECTION('',(1.,0.,0.));
#446 = PCURVE('',#126,#447);
#447 = DEFINITIONAL_REPRESENTATION('',(#448),#452);
#448 = CIRCLE('',#449,6.5);
#449 = AXIS2_PLACEMENT_2D('',#450,#451);
#450 = CARTESIAN_POINT('',(47.,48.5));
#451 = DIRECTION('',(1.,0.));
#452 = ( GEOMETRIC_REPRESENTATION_CONTEXT(2) 
PARAMETRIC_REPRESENTATION_CONTEXT() REPRESENTATION_CONTEXT('2D SPACE',''
  ) );
#453 = PCURVE('',#454,#459);
#454 = CYLINDRICAL_SURFACE('',#455,6.5);
#455 = AXIS2_PLACEMENT_3D('',#456,#457,#458);
#456 = CARTESIAN_POINT('',(47.,48.5,0.));
#457 = DIRECTION('',(-0.,-0.,-1.));
#458 = DIRECTION('',(1.,0.,0.));
#459 = DEFINITIONAL_REPRESENTATION('',(#460),#464);
#460 = LINE('',#461,#462);
#461 = CARTESIAN_POINT('',(-0.,0.));
#462 = VECTOR('',#463,1.);
#463 = DIRECTION('',(-1.,0.));
#464 = ( GEOMETRIC_REPRESENTATION_CONTEXT(2) 
PARAMETRIC_REPRESENTATION_CONTEXT() REPRESENTATION_CONTEXT('2D SPACE',''
  ) );
#465 = ORIENTED_EDGE('',*,*,#466,.F.);
#466 = EDGE_CURVE('',#467,#438,#469,.T.);
#467 = VERTEX_POINT('',#468);
#468 = CARTESIAN_POINT('',(-47.,55.,0.));
#469 = SURFACE_CURVE('',#470,(#474,#481),.PCURVE_S1.);
#470 = LINE('',#471,#472);
#471 = CARTESIAN_POINT('',(0.,55.,0.));
#472 = VECTOR('',#473,1.);
#473 = DIRECTION('',(1.,0.,0.));
#474 = PCURVE('',#126,#475);
#475 = DEFINITIONAL_REPRESENTATION('',(#476),#480);
#476 = LINE('',#477,#478);
#477 = CARTESIAN_POINT('',(0.,55.));
#478 = VECTOR('',#479,1.);
#479 = DIRECTION('',(1.,0.));
#480 = ( GEOMETRIC_REPRESENTATION_CONTEXT(2) 
PARAMETRIC_REPRESENTATION_CONTEXT() REPRESENTATION_CONTEXT('2D SPACE',''
  ) );
#481 = PCURVE('',#482,#487);
#482 = PLANE('',#483);
#483 = AXIS2_PLACEMENT_3D('',#484,#485,#486);
#484 = CARTESIAN_POINT('',(-47.,55.,0.));
#485 = DIRECTION('',(0.,1.,0.));
#486 = DIRECTION('',(1.,0.,0.));
#487 = DEFINITIONAL_REPRESENTATION('',(#488),#492);
#488 = LINE('',#489,#490);
#489 = CARTESIAN_POINT('',(47.,0.));
#490 = VECTOR('',#491,1.);
#491 = DIRECTION('',(1.,0.));
#492 = ( GEOMETRIC_REPRESENTATION_CONTEXT(2) 
PARAMETRIC_REPRESENTATION_CONTEXT() REPRESENTATION_CONTEXT('2D SPACE',''
  ) );
#493 = ORIENTED_EDGE('',*,*,#494,.T.);
#494 = EDGE_CURVE('',#467,#296,#495,.T.);
#495 = SURFACE_CURVE('',#496,(#501,#508),.PCURVE_S1.);
#496 = CIRCLE('',#497,6.5);
#497 = AXIS2_PLACEMENT_3D('',#498,#499,#500);
#498 = CARTESIAN_POINT('',(-47.,48.5,0.));
#499 = DIRECTION('',(0.,0.,1.));
#500 = DIRECTION('',(1.,0.,0.));
#501 = PCURVE('',#126,#502);
#502 = DEFINITIONAL_REPRESENTATION('',(#503),#507);
#503 = CIRCLE('',#504,6.5);
#504 = AXIS2_PLACEMENT_2D('',#505,#506);
#505 = CARTESIAN_POINT('',(-47.,48.5));
#506 = DIRECTION('',(1.,0.));
#507 = ( GEOMETRIC_REPRESENTATION_CONTEXT(2) 
PARAMETRIC_REPRESENTATION_CONTEXT() REPRESENTATION_CONTEXT('2D SPACE',''
  ) );
#508 = PCURVE('',#509,#514);
#509 = CYLINDRICAL_SURFACE('',#510,6.5);
#510 = AXIS2_PLACEMENT_3D('',#511,#512,#513);
#511 = CARTESIAN_POINT('',(-47.,48.5,0.));
#512 = DIRECTION('',(-0.,-0.,-1.));
#513 = DIRECTION('',(1.,0.,0.));
#514 = DEFINITIONAL_REPRESENTATION('',(#515),#519);
#515 = LINE('',#516,#517);
#516 = CARTESIAN_POINT('',(-0.,0.));
#517 = VECTOR('',#518,1.);
#518 = DIRECTION('',(-1.,0.));
#519 = ( GEOMETRIC_REPRESENTATION_CONTEXT(2) 
PARAMETRIC_REPRESENTATION_CONTEXT() REPRESENTATION_CONTEXT('2D SPACE',''
  ) );
#520 = FACE_BOUND('',#521,.F.);
#521 = EDGE_LOOP('',(#522,#552,#581,#609,#638,#666,#695,#723,#752,#780)
  );
#522 = ORIENTED_EDGE('',*,*,#523,.F.);
#523 = EDGE_CURVE('',#524,#526,#528,.T.);
#524 = VERTEX_POINT('',#525);
#525 = CARTESIAN_POINT('',(-43.45,-50.81506350946,0.));
#526 = VERTEX_POINT('',#527);
#527 = CARTESIAN_POINT('',(-43.45,-53.,0.));
#528 = SURFACE_CURVE('',#529,(#533,#540),.PCURVE_S1.);
#529 = LINE('',#530,#531);
#530 = CARTESIAN_POINT('',(-43.45,-48.65,0.));
#531 = VECTOR('',#532,1.);
#532 = DIRECTION('',(1.110223024625E-16,-1.,0.));
#533 = PCURVE('',#126,#534);
#534 = DEFINITIONAL_REPRESENTATION('',(#535),#539);
#535 = LINE('',#536,#537);
#536 = CARTESIAN_POINT('',(-43.45,-48.65));
#537 = VECTOR('',#538,1.);
#538 = DIRECTION('',(1.110223024625E-16,-1.));
#539 = ( GEOMETRIC_REPRESENTATION_CONTEXT(2) 
PARAMETRIC_REPRESENTATION_CONTEXT() REPRESENTATION_CONTEXT('2D SPACE',''
  ) );
#540 = PCURVE('',#541,#546);
#541 = PLANE('',#542);
#542 = AXIS2_PLACEMENT_3D('',#543,#544,#545);
#543 = CARTESIAN_POINT('',(-43.45,-48.65,0.));
#544 = DIRECTION('',(1.,1.110223024625E-16,0.));
#545 = DIRECTION('',(0.,0.,1.));
#546 = DEFINITIONAL_REPRESENTATION('',(#547),#551);
#547 = LINE('',#548,#549);
#548 = CARTESIAN_POINT('',(0.,0.));
#549 = VECTOR('',#550,1.);
#550 = DIRECTION('',(0.,1.));
#551 = ( GEOMETRIC_REPRESENTATION_CONTEXT(2) 
PARAMETRIC_REPRESENTATION_CONTEXT() REPRESENTATION_CONTEXT('2D SPACE',''
  ) );
#552 = ORIENTED_EDGE('',*,*,#553,.T.);
#553 = EDGE_CURVE('',#524,#554,#556,.T.);
#554 = VERTEX_POINT('',#555);
#555 = CARTESIAN_POINT('',(-42.82527908495,-49.57804027152,0.));
#556 = SURFACE_CURVE('',#557,(#562,#569),.PCURVE_S1.);
#557 = CIRCLE('',#558,3.5);
#558 = AXIS2_PLACEMENT_3D('',#559,#560,#561);
#559 = CARTESIAN_POINT('',(-46.2,-48.65,0.));
#560 = DIRECTION('',(0.,0.,1.));
#561 = DIRECTION('',(1.,0.,0.));
#562 = PCURVE('',#126,#563);
#563 = DEFINITIONAL_REPRESENTATION('',(#564),#568);
#564 = CIRCLE('',#565,3.5);
#565 = AXIS2_PLACEMENT_2D('',#566,#567);
#566 = CARTESIAN_POINT('',(-46.2,-48.65));
#567 = DIRECTION('',(1.,0.));
#568 = ( GEOMETRIC_REPRESENTATION_CONTEXT(2) 
PARAMETRIC_REPRESENTATION_CONTEXT() REPRESENTATION_CONTEXT('2D SPACE',''
  ) );
#569 = PCURVE('',#570,#575);
#570 = CYLINDRICAL_SURFACE('',#571,3.5);
#571 = AXIS2_PLACEMENT_3D('',#572,#573,#574);
#572 = CARTESIAN_POINT('',(-46.2,-48.65,0.));
#573 = DIRECTION('',(-0.,-0.,-1.));
#574 = DIRECTION('',(1.,0.,0.));
#575 = DEFINITIONAL_REPRESENTATION('',(#576),#580);
#576 = LINE('',#577,#578);
#577 = CARTESIAN_POINT('',(-0.,0.));
#578 = VECTOR('',#579,1.);
#579 = DIRECTION('',(-1.,0.));
#580 = ( GEOMETRIC_REPRESENTATION_CONTEXT(2) 
PARAMETRIC_REPRESENTATION_CONTEXT() REPRESENTATION_CONTEXT('2D SPACE',''
  ) );
#581 = ORIENTED_EDGE('',*,*,#582,.F.);
#582 = EDGE_CURVE('',#583,#554,#585,.T.);
#583 = VERTEX_POINT('',#584);
#584 = CARTESIAN_POINT('',(-32.72008444572,-39.94787614952,0.));
#585 = SURFACE_CURVE('',#586,(#590,#597),.PCURVE_S1.);
#586 = LINE('',#587,#588);
#587 = CARTESIAN_POINT('',(-32.43033934217,-39.67175154229,0.));
#588 = VECTOR('',#589,1.);
#589 = DIRECTION('',(-0.723917180764,-0.689886885942,0.));
#590 = PCURVE('',#126,#591);
#591 = DEFINITIONAL_REPRESENTATION('',(#592),#596);
#592 = LINE('',#593,#594);
#593 = CARTESIAN_POINT('',(-32.43033934217,-39.67175154229));
#594 = VECTOR('',#595,1.);
#595 = DIRECTION('',(-0.723917180764,-0.689886885942));
#596 = ( GEOMETRIC_REPRESENTATION_CONTEXT(2) 
PARAMETRIC_REPRESENTATION_CONTEXT() REPRESENTATION_CONTEXT('2D SPACE',''
  ) );
#597 = PCURVE('',#598,#603);
#598 = PLANE('',#599);
#599 = AXIS2_PLACEMENT_3D('',#600,#601,#602);
#600 = CARTESIAN_POINT('',(-32.43033934217,-39.67175154229,0.));
#601 = DIRECTION('',(0.689886885942,-0.723917180764,0.));
#602 = DIRECTION('',(0.,0.,1.));
#603 = DEFINITIONAL_REPRESENTATION('',(#604),#608);
#604 = LINE('',#605,#606);
#605 = CARTESIAN_POINT('',(0.,0.));
#606 = VECTOR('',#607,1.);
#607 = DIRECTION('',(0.,1.));
#608 = ( GEOMETRIC_REPRESENTATION_CONTEXT(2) 
PARAMETRIC_REPRESENTATION_CONTEXT() REPRESENTATION_CONTEXT('2D SPACE',''
  ) );
#609 = ORIENTED_EDGE('',*,*,#610,.T.);
#610 = EDGE_CURVE('',#583,#611,#613,.T.);
#611 = VERTEX_POINT('',#612);
#612 = CARTESIAN_POINT('',(-32.,-40.,0.));
#613 = SURFACE_CURVE('',#614,(#619,#626),.PCURVE_S1.);
#614 = CIRCLE('',#615,5.);
#615 = AXIS2_PLACEMENT_3D('',#616,#617,#618);
#616 = CARTESIAN_POINT('',(-32.,-35.,0.));
#617 = DIRECTION('',(0.,0.,1.));
#618 = DIRECTION('',(1.,0.,0.));
#619 = PCURVE('',#126,#620);
#620 = DEFINITIONAL_REPRESENTATION('',(#621),#625);
#621 = CIRCLE('',#622,5.);
#622 = AXIS2_PLACEMENT_2D('',#623,#624);
#623 = CARTESIAN_POINT('',(-32.,-35.));
#624 = DIRECTION('',(1.,0.));
#625 = ( GEOMETRIC_REPRESENTATION_CONTEXT(2) 
PARAMETRIC_REPRESENTATION_CONTEXT() REPRESENTATION_CONTEXT('2D SPACE',''
  ) );
#626 = PCURVE('',#627,#632);
#627 = CYLINDRICAL_SURFACE('',#628,5.);
#628 = AXIS2_PLACEMENT_3D('',#629,#630,#631);
#629 = CARTESIAN_POINT('',(-32.,-35.,0.));
#630 = DIRECTION('',(-0.,-0.,-1.));
#631 = DIRECTION('',(1.,0.,0.));
#632 = DEFINITIONAL_REPRESENTATION('',(#633),#637);
#633 = LINE('',#634,#635);
#634 = CARTESIAN_POINT('',(-0.,0.));
#635 = VECTOR('',#636,1.);
#636 = DIRECTION('',(-1.,0.));
#637 = ( GEOMETRIC_REPRESENTATION_CONTEXT(2) 
PARAMETRIC_REPRESENTATION_CONTEXT() REPRESENTATION_CONTEXT('2D SPACE',''
  ) );
#638 = ORIENTED_EDGE('',*,*,#639,.T.);
#639 = EDGE_CURVE('',#611,#640,#642,.T.);
#640 = VERTEX_POINT('',#641);
#641 = CARTESIAN_POINT('',(32.,-40.,0.));
#642 = SURFACE_CURVE('',#643,(#647,#654),.PCURVE_S1.);
#643 = LINE('',#644,#645);
#644 = CARTESIAN_POINT('',(0.,-40.,0.));
#645 = VECTOR('',#646,1.);
#646 = DIRECTION('',(1.,0.,0.));
#647 = PCURVE('',#126,#648);
#648 = DEFINITIONAL_REPRESENTATION('',(#649),#653);
#649 = LINE('',#650,#651);
#650 = CARTESIAN_POINT('',(0.,-40.));
#651 = VECTOR('',#652,1.);
#652 = DIRECTION('',(1.,0.));
#653 = ( GEOMETRIC_REPRESENTATION_CONTEXT(2) 
PARAMETRIC_REPRESENTATION_CONTEXT() REPRESENTATION_CONTEXT('2D SPACE',''
  ) );
#654 = PCURVE('',#655,#660);
#655 = PLANE('',#656);
#656 = AXIS2_PLACEMENT_3D('',#657,#658,#659);
#657 = CARTESIAN_POINT('',(-32.,-40.,0.));
#658 = DIRECTION('',(0.,1.,0.));
#659 = DIRECTION('',(1.,0.,0.));
#660 = DEFINITIONAL_REPRESENTATION('',(#661),#665);
#661 = LINE('',#662,#663);
#662 = CARTESIAN_POINT('',(32.,0.));
#663 = VECTOR('',#664,1.);
#664 = DIRECTION('',(1.,0.));
#665 = ( GEOMETRIC_REPRESENTATION_CONTEXT(2) 
PARAMETRIC_REPRESENTATION_CONTEXT() REPRESENTATION_CONTEXT('2D SPACE',''
  ) );
#666 = ORIENTED_EDGE('',*,*,#667,.T.);
#667 = EDGE_CURVE('',#640,#668,#670,.T.);
#668 = VERTEX_POINT('',#669);
#669 = CARTESIAN_POINT('',(32.720084445726,-39.94787614952,0.));
#670 = SURFACE_CURVE('',#671,(#676,#683),.PCURVE_S1.);
#671 = CIRCLE('',#672,5.);
#672 = AXIS2_PLACEMENT_3D('',#673,#674,#675);
#673 = CARTESIAN_POINT('',(32.,-35.,0.));
#674 = DIRECTION('',(0.,0.,1.));
#675 = DIRECTION('',(1.,0.,0.));
#676 = PCURVE('',#126,#677);
#677 = DEFINITIONAL_REPRESENTATION('',(#678),#682);
#678 = CIRCLE('',#679,5.);
#679 = AXIS2_PLACEMENT_2D('',#680,#681);
#680 = CARTESIAN_POINT('',(32.,-35.));
#681 = DIRECTION('',(1.,0.));
#682 = ( GEOMETRIC_REPRESENTATION_CONTEXT(2) 
PARAMETRIC_REPRESENTATION_CONTEXT() REPRESENTATION_CONTEXT('2D SPACE',''
  ) );
#683 = PCURVE('',#684,#689);
#684 = CYLINDRICAL_SURFACE('',#685,5.);
#685 = AXIS2_PLACEMENT_3D('',#686,#687,#688);
#686 = CARTESIAN_POINT('',(32.,-35.,0.));
#687 = DIRECTION('',(-0.,-0.,-1.));
#688 = DIRECTION('',(1.,0.,0.));
#689 = DEFINITIONAL_REPRESENTATION('',(#690),#694);
#690 = LINE('',#691,#692);
#691 = CARTESIAN_POINT('',(-0.,0.));
#692 = VECTOR('',#693,1.);
#693 = DIRECTION('',(-1.,0.));
#694 = ( GEOMETRIC_REPRESENTATION_CONTEXT(2) 
PARAMETRIC_REPRESENTATION_CONTEXT() REPRESENTATION_CONTEXT('2D SPACE',''
  ) );
#695 = ORIENTED_EDGE('',*,*,#696,.T.);
#696 = EDGE_CURVE('',#668,#697,#699,.T.);
#697 = VERTEX_POINT('',#698);
#698 = CARTESIAN_POINT('',(42.825279084957,-49.57804027152,0.));
#699 = SURFACE_CURVE('',#700,(#704,#711),.PCURVE_S1.);
#700 = LINE('',#701,#702);
#701 = CARTESIAN_POINT('',(32.430339342174,-39.67175154229,0.));
#702 = VECTOR('',#703,1.);
#703 = DIRECTION('',(0.723917180764,-0.689886885942,0.));
#704 = PCURVE('',#126,#705);
#705 = DEFINITIONAL_REPRESENTATION('',(#706),#710);
#706 = LINE('',#707,#708);
#707 = CARTESIAN_POINT('',(32.430339342174,-39.67175154229));
#708 = VECTOR('',#709,1.);
#709 = DIRECTION('',(0.723917180764,-0.689886885942));
#710 = ( GEOMETRIC_REPRESENTATION_CONTEXT(2) 
PARAMETRIC_REPRESENTATION_CONTEXT() REPRESENTATION_CONTEXT('2D SPACE',''
  ) );
#711 = PCURVE('',#712,#717);
#712 = PLANE('',#713);
#713 = AXIS2_PLACEMENT_3D('',#714,#715,#716);
#714 = CARTESIAN_POINT('',(32.430339342174,-39.67175154229,0.));
#715 = DIRECTION('',(0.689886885942,0.723917180764,0.));
#716 = DIRECTION('',(0.,0.,1.));
#717 = DEFINITIONAL_REPRESENTATION('',(#718),#722);
#718 = LINE('',#719,#720);
#719 = CARTESIAN_POINT('',(0.,0.));
#720 = VECTOR('',#721,1.);
#721 = DIRECTION('',(0.,1.));
#722 = ( GEOMETRIC_REPRESENTATION_CONTEXT(2) 
PARAMETRIC_REPRESENTATION_CONTEXT() REPRESENTATION_CONTEXT('2D SPACE',''
  ) );
#723 = ORIENTED_EDGE('',*,*,#724,.T.);
#724 = EDGE_CURVE('',#697,#725,#727,.T.);
#725 = VERTEX_POINT('',#726);
#726 = CARTESIAN_POINT('',(43.45,-50.81506350946,0.));
#727 = SURFACE_CURVE('',#728,(#733,#740),.PCURVE_S1.);
#728 = CIRCLE('',#729,3.5);
#729 = AXIS2_PLACEMENT_3D('',#730,#731,#732);
#730 = CARTESIAN_POINT('',(46.2,-48.65,0.));
#731 = DIRECTION('',(0.,0.,1.));
#732 = DIRECTION('',(1.,0.,0.));
#733 = PCURVE('',#126,#734);
#734 = DEFINITIONAL_REPRESENTATION('',(#735),#739);
#735 = CIRCLE('',#736,3.5);
#736 = AXIS2_PLACEMENT_2D('',#737,#738);
#737 = CARTESIAN_POINT('',(46.2,-48.65));
#738 = DIRECTION('',(1.,0.));
#739 = ( GEOMETRIC_REPRESENTATION_CONTEXT(2) 
PARAMETRIC_REPRESENTATION_CONTEXT() REPRESENTATION_CONTEXT('2D SPACE',''
  ) );
#740 = PCURVE('',#741,#746);
#741 = CYLINDRICAL_SURFACE('',#742,3.5);
#742 = AXIS2_PLACEMENT_3D('',#743,#744,#745);
#743 = CARTESIAN_POINT('',(46.2,-48.65,0.));
#744 = DIRECTION('',(-0.,-0.,-1.));
#745 = DIRECTION('',(1.,0.,0.));
#746 = DEFINITIONAL_REPRESENTATION('',(#747),#751);
#747 = LINE('',#748,#749);
#748 = CARTESIAN_POINT('',(-0.,0.));
#749 = VECTOR('',#750,1.);
#750 = DIRECTION('',(-1.,0.));
#751 = ( GEOMETRIC_REPRESENTATION_CONTEXT(2) 
PARAMETRIC_REPRESENTATION_CONTEXT() REPRESENTATION_CONTEXT('2D SPACE',''
  ) );
#752 = ORIENTED_EDGE('',*,*,#753,.T.);
#753 = EDGE_CURVE('',#725,#754,#756,.T.);
#754 = VERTEX_POINT('',#755);
#755 = CARTESIAN_POINT('',(43.45,-53.,0.));
#756 = SURFACE_CURVE('',#757,(#761,#768),.PCURVE_S1.);
#757 = LINE('',#758,#759);
#758 = CARTESIAN_POINT('',(43.45,-48.65,0.));
#759 = VECTOR('',#760,1.);
#760 = DIRECTION('',(1.110223024625E-16,-1.,0.));
#761 = PCURVE('',#126,#762);
#762 = DEFINITIONAL_REPRESENTATION('',(#763),#767);
#763 = LINE('',#764,#765);
#764 = CARTESIAN_POINT('',(43.45,-48.65));
#765 = VECTOR('',#766,1.);
#766 = DIRECTION('',(1.110223024625E-16,-1.));
#767 = ( GEOMETRIC_REPRESENTATION_CONTEXT(2) 
PARAMETRIC_REPRESENTATION_CONTEXT() REPRESENTATION_CONTEXT('2D SPACE',''
  ) );
#768 = PCURVE('',#769,#774);
#769 = PLANE('',#770);
#770 = AXIS2_PLACEMENT_3D('',#771,#772,#773);
#771 = CARTESIAN_POINT('',(43.45,-48.65,0.));
#772 = DIRECTION('',(1.,1.110223024625E-16,0.));
#773 = DIRECTION('',(0.,0.,1.));
#774 = DEFINITIONAL_REPRESENTATION('',(#775),#779);
#775 = LINE('',#776,#777);
#776 = CARTESIAN_POINT('',(0.,0.));
#777 = VECTOR('',#778,1.);
#778 = DIRECTION('',(0.,1.));
#779 = ( GEOMETRIC_REPRESENTATION_CONTEXT(2) 
PARAMETRIC_REPRESENTATION_CONTEXT() REPRESENTATION_CONTEXT('2D SPACE',''
  ) );
#780 = ORIENTED_EDGE('',*,*,#781,.T.);
#781 = EDGE_CURVE('',#754,#526,#782,.T.);
#782 = SURFACE_CURVE('',#783,(#787,#794),.PCURVE_S1.);
#783 = LINE('',#784,#785);
#784 = CARTESIAN_POINT('',(-23.25,-53.,0.));
#785 = VECTOR('',#786,1.);
#786 = DIRECTION('',(-1.,0.,0.));
#787 = PCURVE('',#126,#788);
#788 = DEFINITIONAL_REPRESENTATION('',(#789),#793);
#789 = LINE('',#790,#791);
#790 = CARTESIAN_POINT('',(-23.25,-53.));
#791 = VECTOR('',#792,1.);
#792 = DIRECTION('',(-1.,0.));
#793 = ( GEOMETRIC_REPRESENTATION_CONTEXT(2) 
PARAMETRIC_REPRESENTATION_CONTEXT() REPRESENTATION_CONTEXT('2D SPACE',''
  ) );
#794 = PCURVE('',#795,#800);
#795 = PLANE('',#796);
#796 = AXIS2_PLACEMENT_3D('',#797,#798,#799);
#797 = CARTESIAN_POINT('',(-46.5,-53.,-0.2));
#798 = DIRECTION('',(0.,1.,0.));
#799 = DIRECTION('',(1.,0.,0.));
#800 = DEFINITIONAL_REPRESENTATION('',(#801),#804);
#801 = B_SPLINE_CURVE_WITH_KNOTS('',1,(#802,#803),.UNSPECIFIED.,.F.,.F.,
  (2,2),(-69.75,23.25),.PIECEWISE_BEZIER_KNOTS.);
#802 = CARTESIAN_POINT('',(93.,-0.2));
#803 = CARTESIAN_POINT('',(0.,-0.2));
#804 = ( GEOMETRIC_REPRESENTATION_CONTEXT(2) 
PARAMETRIC_REPRESENTATION_CONTEXT() REPRESENTATION_CONTEXT('2D SPACE',''
  ) );
#805 = FACE_BOUND('',#806,.F.);
#806 = EDGE_LOOP('',(#807,#837,#861,#885,#913,#942,#970,#999,#1027,#1056
    ,#1080,#1108,#1141,#1168));
#807 = ORIENTED_EDGE('',*,*,#808,.F.);
#808 = EDGE_CURVE('',#809,#811,#813,.T.);
#809 = VERTEX_POINT('',#810);
#810 = CARTESIAN_POINT('',(48.95,-50.81506350946,0.));
#811 = VERTEX_POINT('',#812);
#812 = CARTESIAN_POINT('',(48.95,-52.27458607002,0.));
#813 = SURFACE_CURVE('',#814,(#818,#825),.PCURVE_S1.);
#814 = LINE('',#815,#816);
#815 = CARTESIAN_POINT('',(48.95,-48.65,0.));
#816 = VECTOR('',#817,1.);
#817 = DIRECTION('',(1.110223024625E-16,-1.,0.));
#818 = PCURVE('',#126,#819);
#819 = DEFINITIONAL_REPRESENTATION('',(#820),#824);
#820 = LINE('',#821,#822);
#821 = CARTESIAN_POINT('',(48.95,-48.65));
#822 = VECTOR('',#823,1.);
#823 = DIRECTION('',(1.110223024625E-16,-1.));
#824 = ( GEOMETRIC_REPRESENTATION_CONTEXT(2) 
PARAMETRIC_REPRESENTATION_CONTEXT() REPRESENTATION_CONTEXT('2D SPACE',''
  ) );
#825 = PCURVE('',#826,#831);
#826 = PLANE('',#827);
#827 = AXIS2_PLACEMENT_3D('',#828,#829,#830);
#828 = CARTESIAN_POINT('',(48.95,-48.65,0.));
#829 = DIRECTION('',(1.,1.110223024625E-16,0.));
#830 = DIRECTION('',(0.,0.,1.));
#831 = DEFINITIONAL_REPRESENTATION('',(#832),#836);
#832 = LINE('',#833,#834);
#833 = CARTESIAN_POINT('',(0.,0.));
#834 = VECTOR('',#835,1.);
#835 = DIRECTION('',(0.,1.));
#836 = ( GEOMETRIC_REPRESENTATION_CONTEXT(2) 
PARAMETRIC_REPRESENTATION_CONTEXT() REPRESENTATION_CONTEXT('2D SPACE',''
  ) );
#837 = ORIENTED_EDGE('',*,*,#838,.T.);
#838 = EDGE_CURVE('',#809,#839,#841,.T.);
#839 = VERTEX_POINT('',#840);
#840 = CARTESIAN_POINT('',(49.7,-48.65,0.));
#841 = SURFACE_CURVE('',#842,(#847,#854),.PCURVE_S1.);
#842 = CIRCLE('',#843,3.5);
#843 = AXIS2_PLACEMENT_3D('',#844,#845,#846);
#844 = CARTESIAN_POINT('',(46.2,-48.65,0.));
#845 = DIRECTION('',(0.,0.,1.));
#846 = DIRECTION('',(1.,0.,0.));
#847 = PCURVE('',#126,#848);
#848 = DEFINITIONAL_REPRESENTATION('',(#849),#853);
#849 = CIRCLE('',#850,3.5);
#850 = AXIS2_PLACEMENT_2D('',#851,#852);
#851 = CARTESIAN_POINT('',(46.2,-48.65));
#852 = DIRECTION('',(1.,0.));
#853 = ( GEOMETRIC_REPRESENTATION_CONTEXT(2) 
PARAMETRIC_REPRESENTATION_CONTEXT() REPRESENTATION_CONTEXT('2D SPACE',''
  ) );
#854 = PCURVE('',#741,#855);
#855 = DEFINITIONAL_REPRESENTATION('',(#856),#860);
#856 = LINE('',#857,#858);
#857 = CARTESIAN_POINT('',(-0.,0.));
#858 = VECTOR('',#859,1.);
#859 = DIRECTION('',(-1.,0.));
#860 = ( GEOMETRIC_REPRESENTATION_CONTEXT(2) 
PARAMETRIC_REPRESENTATION_CONTEXT() REPRESENTATION_CONTEXT('2D SPACE',''
  ) );
#861 = ORIENTED_EDGE('',*,*,#862,.T.);
#862 = EDGE_CURVE('',#839,#863,#865,.T.);
#863 = VERTEX_POINT('',#864);
#864 = CARTESIAN_POINT('',(46.964600400608,-45.23453718694,0.));
#865 = SURFACE_CURVE('',#866,(#871,#878),.PCURVE_S1.);
#866 = CIRCLE('',#867,3.5);
#867 = AXIS2_PLACEMENT_3D('',#868,#869,#870);
#868 = CARTESIAN_POINT('',(46.2,-48.65,0.));
#869 = DIRECTION('',(0.,0.,1.));
#870 = DIRECTION('',(1.,0.,0.));
#871 = PCURVE('',#126,#872);
#872 = DEFINITIONAL_REPRESENTATION('',(#873),#877);
#873 = CIRCLE('',#874,3.5);
#874 = AXIS2_PLACEMENT_2D('',#875,#876);
#875 = CARTESIAN_POINT('',(46.2,-48.65));
#876 = DIRECTION('',(1.,0.));
#877 = ( GEOMETRIC_REPRESENTATION_CONTEXT(2) 
PARAMETRIC_REPRESENTATION_CONTEXT() REPRESENTATION_CONTEXT('2D SPACE',''
  ) );
#878 = PCURVE('',#741,#879);
#879 = DEFINITIONAL_REPRESENTATION('',(#880),#884);
#880 = LINE('',#881,#882);
#881 = CARTESIAN_POINT('',(-0.,0.));
#882 = VECTOR('',#883,1.);
#883 = DIRECTION('',(-1.,0.));
#884 = ( GEOMETRIC_REPRESENTATION_CONTEXT(2) 
PARAMETRIC_REPRESENTATION_CONTEXT() REPRESENTATION_CONTEXT('2D SPACE',''
  ) );
#885 = ORIENTED_EDGE('',*,*,#886,.F.);
#886 = EDGE_CURVE('',#887,#863,#889,.T.);
#887 = VERTEX_POINT('',#888);
#888 = CARTESIAN_POINT('',(36.951820117411,-35.69244315637,0.));
#889 = SURFACE_CURVE('',#890,(#894,#901),.PCURVE_S1.);
#890 = LINE('',#891,#892);
#891 = CARTESIAN_POINT('',(36.569660657826,-35.3282484577,0.));
#892 = VECTOR('',#893,1.);
#893 = DIRECTION('',(0.723917180764,-0.689886885942,0.));
#894 = PCURVE('',#126,#895);
#895 = DEFINITIONAL_REPRESENTATION('',(#896),#900);
#896 = LINE('',#897,#898);
#897 = CARTESIAN_POINT('',(36.569660657826,-35.3282484577));
#898 = VECTOR('',#899,1.);
#899 = DIRECTION('',(0.723917180764,-0.689886885942));
#900 = ( GEOMETRIC_REPRESENTATION_CONTEXT(2) 
PARAMETRIC_REPRESENTATION_CONTEXT() REPRESENTATION_CONTEXT('2D SPACE',''
  ) );
#901 = PCURVE('',#902,#907);
#902 = PLANE('',#903);
#903 = AXIS2_PLACEMENT_3D('',#904,#905,#906);
#904 = CARTESIAN_POINT('',(36.569660657826,-35.3282484577,0.));
#905 = DIRECTION('',(0.689886885942,0.723917180764,0.));
#906 = DIRECTION('',(0.,0.,1.));
#907 = DEFINITIONAL_REPRESENTATION('',(#908),#912);
#908 = LINE('',#909,#910);
#909 = CARTESIAN_POINT('',(0.,0.));
#910 = VECTOR('',#911,1.);
#911 = DIRECTION('',(0.,1.));
#912 = ( GEOMETRIC_REPRESENTATION_CONTEXT(2) 
PARAMETRIC_REPRESENTATION_CONTEXT() REPRESENTATION_CONTEXT('2D SPACE',''
  ) );
#913 = ORIENTED_EDGE('',*,*,#914,.T.);
#914 = EDGE_CURVE('',#887,#915,#917,.T.);
#915 = VERTEX_POINT('',#916);
#916 = CARTESIAN_POINT('',(37.,-35.,0.));
#917 = SURFACE_CURVE('',#918,(#923,#930),.PCURVE_S1.);
#918 = CIRCLE('',#919,5.);
#919 = AXIS2_PLACEMENT_3D('',#920,#921,#922);
#920 = CARTESIAN_POINT('',(32.,-35.,0.));
#921 = DIRECTION('',(0.,0.,1.));
#922 = DIRECTION('',(1.,0.,0.));
#923 = PCURVE('',#126,#924);
#924 = DEFINITIONAL_REPRESENTATION('',(#925),#929);
#925 = CIRCLE('',#926,5.);
#926 = AXIS2_PLACEMENT_2D('',#927,#928);
#927 = CARTESIAN_POINT('',(32.,-35.));
#928 = DIRECTION('',(1.,0.));
#929 = ( GEOMETRIC_REPRESENTATION_CONTEXT(2) 
PARAMETRIC_REPRESENTATION_CONTEXT() REPRESENTATION_CONTEXT('2D SPACE',''
  ) );
#930 = PCURVE('',#931,#936);
#931 = CYLINDRICAL_SURFACE('',#932,5.);
#932 = AXIS2_PLACEMENT_3D('',#933,#934,#935);
#933 = CARTESIAN_POINT('',(32.,-35.,0.));
#934 = DIRECTION('',(-0.,-0.,-1.));
#935 = DIRECTION('',(1.,0.,0.));
#936 = DEFINITIONAL_REPRESENTATION('',(#937),#941);
#937 = LINE('',#938,#939);
#938 = CARTESIAN_POINT('',(-0.,0.));
#939 = VECTOR('',#940,1.);
#940 = DIRECTION('',(-1.,0.));
#941 = ( GEOMETRIC_REPRESENTATION_CONTEXT(2) 
PARAMETRIC_REPRESENTATION_CONTEXT() REPRESENTATION_CONTEXT('2D SPACE',''
  ) );
#942 = ORIENTED_EDGE('',*,*,#943,.T.);
#943 = EDGE_CURVE('',#915,#944,#946,.T.);
#944 = VERTEX_POINT('',#945);
#945 = CARTESIAN_POINT('',(37.,35.,0.));
#946 = SURFACE_CURVE('',#947,(#951,#958),.PCURVE_S1.);
#947 = LINE('',#948,#949);
#948 = CARTESIAN_POINT('',(37.,0.,0.));
#949 = VECTOR('',#950,1.);
#950 = DIRECTION('',(0.,1.,0.));
#951 = PCURVE('',#126,#952);
#952 = DEFINITIONAL_REPRESENTATION('',(#953),#957);
#953 = LINE('',#954,#955);
#954 = CARTESIAN_POINT('',(37.,0.));
#955 = VECTOR('',#956,1.);
#956 = DIRECTION('',(0.,1.));
#957 = ( GEOMETRIC_REPRESENTATION_CONTEXT(2) 
PARAMETRIC_REPRESENTATION_CONTEXT() REPRESENTATION_CONTEXT('2D SPACE',''
  ) );
#958 = PCURVE('',#959,#964);
#959 = PLANE('',#960);
#960 = AXIS2_PLACEMENT_3D('',#961,#962,#963);
#961 = CARTESIAN_POINT('',(37.,-35.,0.));
#962 = DIRECTION('',(-1.,0.,0.));
#963 = DIRECTION('',(0.,1.,0.));
#964 = DEFINITIONAL_REPRESENTATION('',(#965),#969);
#965 = LINE('',#966,#967);
#966 = CARTESIAN_POINT('',(35.,0.));
#967 = VECTOR('',#968,1.);
#968 = DIRECTION('',(1.,0.));
#969 = ( GEOMETRIC_REPRESENTATION_CONTEXT(2) 
PARAMETRIC_REPRESENTATION_CONTEXT() REPRESENTATION_CONTEXT('2D SPACE',''
  ) );
#970 = ORIENTED_EDGE('',*,*,#971,.T.);
#971 = EDGE_CURVE('',#944,#972,#974,.T.);
#972 = VERTEX_POINT('',#973);
#973 = CARTESIAN_POINT('',(36.951820117411,35.692443156372,0.));
#974 = SURFACE_CURVE('',#975,(#980,#987),.PCURVE_S1.);
#975 = CIRCLE('',#976,5.);
#976 = AXIS2_PLACEMENT_3D('',#977,#978,#979);
#977 = CARTESIAN_POINT('',(32.,35.,0.));
#978 = DIRECTION('',(0.,0.,1.));
#979 = DIRECTION('',(1.,0.,0.));
#980 = PCURVE('',#126,#981);
#981 = DEFINITIONAL_REPRESENTATION('',(#982),#986);
#982 = CIRCLE('',#983,5.);
#983 = AXIS2_PLACEMENT_2D('',#984,#985);
#984 = CARTESIAN_POINT('',(32.,35.));
#985 = DIRECTION('',(1.,0.));
#986 = ( GEOMETRIC_REPRESENTATION_CONTEXT(2) 
PARAMETRIC_REPRESENTATION_CONTEXT() REPRESENTATION_CONTEXT('2D SPACE',''
  ) );
#987 = PCURVE('',#988,#993);
#988 = CYLINDRICAL_SURFACE('',#989,5.);
#989 = AXIS2_PLACEMENT_3D('',#990,#991,#992);
#990 = CARTESIAN_POINT('',(32.,35.,0.));
#991 = DIRECTION('',(-0.,-0.,-1.));
#992 = DIRECTION('',(1.,0.,0.));
#993 = DEFINITIONAL_REPRESENTATION('',(#994),#998);
#994 = LINE('',#995,#996);
#995 = CARTESIAN_POINT('',(-0.,0.));
#996 = VECTOR('',#997,1.);
#997 = DIRECTION('',(-1.,0.));
#998 = ( GEOMETRIC_REPRESENTATION_CONTEXT(2) 
PARAMETRIC_REPRESENTATION_CONTEXT() REPRESENTATION_CONTEXT('2D SPACE',''
  ) );
#999 = ORIENTED_EDGE('',*,*,#1000,.T.);
#1000 = EDGE_CURVE('',#972,#1001,#1003,.T.);
#1001 = VERTEX_POINT('',#1002);
#1002 = CARTESIAN_POINT('',(46.964600400608,45.234537186941,0.));
#1003 = SURFACE_CURVE('',#1004,(#1008,#1015),.PCURVE_S1.);
#1004 = LINE('',#1005,#1006);
#1005 = CARTESIAN_POINT('',(36.569660657826,35.328248457708,0.));
#1006 = VECTOR('',#1007,1.);
#1007 = DIRECTION('',(0.723917180764,0.689886885942,0.));
#1008 = PCURVE('',#126,#1009);
#1009 = DEFINITIONAL_REPRESENTATION('',(#1010),#1014);
#1010 = LINE('',#1011,#1012);
#1011 = CARTESIAN_POINT('',(36.569660657826,35.328248457708));
#1012 = VECTOR('',#1013,1.);
#1013 = DIRECTION('',(0.723917180764,0.689886885942));
#1014 = ( GEOMETRIC_REPRESENTATION_CONTEXT(2) 
PARAMETRIC_REPRESENTATION_CONTEXT() REPRESENTATION_CONTEXT('2D SPACE',''
  ) );
#1015 = PCURVE('',#1016,#1021);
#1016 = PLANE('',#1017);
#1017 = AXIS2_PLACEMENT_3D('',#1018,#1019,#1020);
#1018 = CARTESIAN_POINT('',(36.569660657826,35.328248457708,0.));
#1019 = DIRECTION('',(-0.689886885942,0.723917180764,0.));
#1020 = DIRECTION('',(0.,0.,1.));
#1021 = DEFINITIONAL_REPRESENTATION('',(#1022),#1026);
#1022 = LINE('',#1023,#1024);
#1023 = CARTESIAN_POINT('',(0.,0.));
#1024 = VECTOR('',#1025,1.);
#1025 = DIRECTION('',(0.,1.));
#1026 = ( GEOMETRIC_REPRESENTATION_CONTEXT(2) 
PARAMETRIC_REPRESENTATION_CONTEXT() REPRESENTATION_CONTEXT('2D SPACE',''
  ) );
#1027 = ORIENTED_EDGE('',*,*,#1028,.T.);
#1028 = EDGE_CURVE('',#1001,#1029,#1031,.T.);
#1029 = VERTEX_POINT('',#1030);
#1030 = CARTESIAN_POINT('',(49.7,48.65,0.));
#1031 = SURFACE_CURVE('',#1032,(#1037,#1044),.PCURVE_S1.);
#1032 = CIRCLE('',#1033,3.5);
#1033 = AXIS2_PLACEMENT_3D('',#1034,#1035,#1036);
#1034 = CARTESIAN_POINT('',(46.2,48.65,0.));
#1035 = DIRECTION('',(0.,0.,1.));
#1036 = DIRECTION('',(1.,0.,0.));
#1037 = PCURVE('',#126,#1038);
#1038 = DEFINITIONAL_REPRESENTATION('',(#1039),#1043);
#1039 = CIRCLE('',#1040,3.5);
#1040 = AXIS2_PLACEMENT_2D('',#1041,#1042);
#1041 = CARTESIAN_POINT('',(46.2,48.65));
#1042 = DIRECTION('',(1.,0.));
#1043 = ( GEOMETRIC_REPRESENTATION_CONTEXT(2) 
PARAMETRIC_REPRESENTATION_CONTEXT() REPRESENTATION_CONTEXT('2D SPACE',''
  ) );
#1044 = PCURVE('',#1045,#1050);
#1045 = CYLINDRICAL_SURFACE('',#1046,3.5);
#1046 = AXIS2_PLACEMENT_3D('',#1047,#1048,#1049);
#1047 = CARTESIAN_POINT('',(46.2,48.65,0.));
#1048 = DIRECTION('',(-0.,-0.,-1.));
#1049 = DIRECTION('',(1.,0.,0.));
#1050 = DEFINITIONAL_REPRESENTATION('',(#1051),#1055);
#1051 = LINE('',#1052,#1053);
#1052 = CARTESIAN_POINT('',(-0.,0.));
#1053 = VECTOR('',#1054,1.);
#1054 = DIRECTION('',(-1.,0.));
#1055 = ( GEOMETRIC_REPRESENTATION_CONTEXT(2) 
PARAMETRIC_REPRESENTATION_CONTEXT() REPRESENTATION_CONTEXT('2D SPACE',''
  ) );
#1056 = ORIENTED_EDGE('',*,*,#1057,.T.);
#1057 = EDGE_CURVE('',#1029,#1058,#1060,.T.);
#1058 = VERTEX_POINT('',#1059);
#1059 = CARTESIAN_POINT('',(48.95,50.815063509461,0.));
#1060 = SURFACE_CURVE('',#1061,(#1066,#1073),.PCURVE_S1.);
#1061 = CIRCLE('',#1062,3.5);
#1062 = AXIS2_PLACEMENT_3D('',#1063,#1064,#1065);
#1063 = CARTESIAN_POINT('',(46.2,48.65,0.));
#1064 = DIRECTION('',(0.,0.,1.));
#1065 = DIRECTION('',(1.,0.,0.));
#1066 = PCURVE('',#126,#1067);
#1067 = DEFINITIONAL_REPRESENTATION('',(#1068),#1072);
#1068 = CIRCLE('',#1069,3.5);
#1069 = AXIS2_PLACEMENT_2D('',#1070,#1071);
#1070 = CARTESIAN_POINT('',(46.2,48.65));
#1071 = DIRECTION('',(1.,0.));
#1072 = ( GEOMETRIC_REPRESENTATION_CONTEXT(2) 
PARAMETRIC_REPRESENTATION_CONTEXT() REPRESENTATION_CONTEXT('2D SPACE',''
  ) );
#1073 = PCURVE('',#1045,#1074);
#1074 = DEFINITIONAL_REPRESENTATION('',(#1075),#1079);
#1075 = LINE('',#1076,#1077);
#1076 = CARTESIAN_POINT('',(-0.,0.));
#1077 = VECTOR('',#1078,1.);
#1078 = DIRECTION('',(-1.,0.));
#1079 = ( GEOMETRIC_REPRESENTATION_CONTEXT(2) 
PARAMETRIC_REPRESENTATION_CONTEXT() REPRESENTATION_CONTEXT('2D SPACE',''
  ) );
#1080 = ORIENTED_EDGE('',*,*,#1081,.T.);
#1081 = EDGE_CURVE('',#1058,#1082,#1084,.T.);
#1082 = VERTEX_POINT('',#1083);
#1083 = CARTESIAN_POINT('',(48.95,52.274586070022,0.));
#1084 = SURFACE_CURVE('',#1085,(#1089,#1096),.PCURVE_S1.);
#1085 = LINE('',#1086,#1087);
#1086 = CARTESIAN_POINT('',(48.95,48.65,0.));
#1087 = VECTOR('',#1088,1.);
#1088 = DIRECTION('',(1.110223024625E-16,1.,0.));
#1089 = PCURVE('',#126,#1090);
#1090 = DEFINITIONAL_REPRESENTATION('',(#1091),#1095);
#1091 = LINE('',#1092,#1093);
#1092 = CARTESIAN_POINT('',(48.95,48.65));
#1093 = VECTOR('',#1094,1.);
#1094 = DIRECTION('',(1.110223024625E-16,1.));
#1095 = ( GEOMETRIC_REPRESENTATION_CONTEXT(2) 
PARAMETRIC_REPRESENTATION_CONTEXT() REPRESENTATION_CONTEXT('2D SPACE',''
  ) );
#1096 = PCURVE('',#1097,#1102);
#1097 = PLANE('',#1098);
#1098 = AXIS2_PLACEMENT_3D('',#1099,#1100,#1101);
#1099 = CARTESIAN_POINT('',(48.95,48.65,0.));
#1100 = DIRECTION('',(-1.,1.110223024625E-16,0.));
#1101 = DIRECTION('',(0.,0.,1.));
#1102 = DEFINITIONAL_REPRESENTATION('',(#1103),#1107);
#1103 = LINE('',#1104,#1105);
#1104 = CARTESIAN_POINT('',(0.,0.));
#1105 = VECTOR('',#1106,1.);
#1106 = DIRECTION('',(0.,1.));
#1107 = ( GEOMETRIC_REPRESENTATION_CONTEXT(2) 
PARAMETRIC_REPRESENTATION_CONTEXT() REPRESENTATION_CONTEXT('2D SPACE',''
  ) );
#1108 = ORIENTED_EDGE('',*,*,#1109,.T.);
#1109 = EDGE_CURVE('',#1082,#1110,#1112,.T.);
#1110 = VERTEX_POINT('',#1111);
#1111 = CARTESIAN_POINT('',(51.,48.5,0.));
#1112 = SURFACE_CURVE('',#1113,(#1118,#1129),.PCURVE_S1.);
#1113 = CIRCLE('',#1114,4.5);
#1114 = AXIS2_PLACEMENT_3D('',#1115,#1116,#1117);
#1115 = CARTESIAN_POINT('',(46.5,48.5,0.));
#1116 = DIRECTION('',(0.,0.,-1.));
#1117 = DIRECTION('',(1.,0.,0.));
#1118 = PCURVE('',#126,#1119);
#1119 = DEFINITIONAL_REPRESENTATION('',(#1120),#1128);
#1120 = ( BOUNDED_CURVE() B_SPLINE_CURVE(2,(#1121,#1122,#1123,#1124,
#1125,#1126,#1127),.UNSPECIFIED.,.T.,.F.) B_SPLINE_CURVE_WITH_KNOTS((1,2
    ,2,2,2,1),(-2.094395102393,0.,2.094395102393,4.188790204786,
6.28318530718,8.377580409573),.UNSPECIFIED.) CURVE() 
GEOMETRIC_REPRESENTATION_ITEM() RATIONAL_B_SPLINE_CURVE((1.,0.5,1.,0.5,
1.,0.5,1.)) REPRESENTATION_ITEM('') );
#1121 = CARTESIAN_POINT('',(51.,48.5));
#1122 = CARTESIAN_POINT('',(51.,40.70577136594));
#1123 = CARTESIAN_POINT('',(44.25,44.60288568297));
#1124 = CARTESIAN_POINT('',(37.5,48.5));
#1125 = CARTESIAN_POINT('',(44.25,52.39711431703));
#1126 = CARTESIAN_POINT('',(51.,56.29422863406));
#1127 = CARTESIAN_POINT('',(51.,48.5));
#1128 = ( GEOMETRIC_REPRESENTATION_CONTEXT(2) 
PARAMETRIC_REPRESENTATION_CONTEXT() REPRESENTATION_CONTEXT('2D SPACE',''
  ) );
#1129 = PCURVE('',#1130,#1135);
#1130 = CYLINDRICAL_SURFACE('',#1131,4.5);
#1131 = AXIS2_PLACEMENT_3D('',#1132,#1133,#1134);
#1132 = CARTESIAN_POINT('',(46.5,48.5,-0.2));
#1133 = DIRECTION('',(-0.,-0.,-1.));
#1134 = DIRECTION('',(1.,0.,0.));
#1135 = DEFINITIONAL_REPRESENTATION('',(#1136),#1140);
#1136 = LINE('',#1137,#1138);
#1137 = CARTESIAN_POINT('',(-6.28318530718,-0.2));
#1138 = VECTOR('',#1139,1.);
#1139 = DIRECTION('',(1.,-0.));
#1140 = ( GEOMETRIC_REPRESENTATION_CONTEXT(2) 
PARAMETRIC_REPRESENTATION_CONTEXT() REPRESENTATION_CONTEXT('2D SPACE',''
  ) );
#1141 = ORIENTED_EDGE('',*,*,#1142,.T.);
#1142 = EDGE_CURVE('',#1110,#1143,#1145,.T.);
#1143 = VERTEX_POINT('',#1144);
#1144 = CARTESIAN_POINT('',(51.,-48.5,0.));
#1145 = SURFACE_CURVE('',#1146,(#1150,#1157),.PCURVE_S1.);
#1146 = LINE('',#1147,#1148);
#1147 = CARTESIAN_POINT('',(51.,-24.25,0.));
#1148 = VECTOR('',#1149,1.);
#1149 = DIRECTION('',(0.,-1.,0.));
#1150 = PCURVE('',#126,#1151);
#1151 = DEFINITIONAL_REPRESENTATION('',(#1152),#1156);
#1152 = LINE('',#1153,#1154);
#1153 = CARTESIAN_POINT('',(51.,-24.25));
#1154 = VECTOR('',#1155,1.);
#1155 = DIRECTION('',(0.,-1.));
#1156 = ( GEOMETRIC_REPRESENTATION_CONTEXT(2) 
PARAMETRIC_REPRESENTATION_CONTEXT() REPRESENTATION_CONTEXT('2D SPACE',''
  ) );
#1157 = PCURVE('',#1158,#1163);
#1158 = PLANE('',#1159);
#1159 = AXIS2_PLACEMENT_3D('',#1160,#1161,#1162);
#1160 = CARTESIAN_POINT('',(51.,-48.5,-0.2));
#1161 = DIRECTION('',(-1.,0.,0.));
#1162 = DIRECTION('',(0.,1.,0.));
#1163 = DEFINITIONAL_REPRESENTATION('',(#1164),#1167);
#1164 = B_SPLINE_CURVE_WITH_KNOTS('',1,(#1165,#1166),.UNSPECIFIED.,.F.,
  .F.,(2,2),(-72.75,24.25),.PIECEWISE_BEZIER_KNOTS.);
#1165 = CARTESIAN_POINT('',(97.,-0.2));
#1166 = CARTESIAN_POINT('',(0.,-0.2));
#1167 = ( GEOMETRIC_REPRESENTATION_CONTEXT(2) 
PARAMETRIC_REPRESENTATION_CONTEXT() REPRESENTATION_CONTEXT('2D SPACE',''
  ) );
#1168 = ORIENTED_EDGE('',*,*,#1169,.T.);
#1169 = EDGE_CURVE('',#1143,#811,#1170,.T.);
#1170 = SURFACE_CURVE('',#1171,(#1176,#1187),.PCURVE_S1.);
#1171 = CIRCLE('',#1172,4.5);
#1172 = AXIS2_PLACEMENT_3D('',#1173,#1174,#1175);
#1173 = CARTESIAN_POINT('',(46.5,-48.5,0.));
#1174 = DIRECTION('',(0.,0.,-1.));
#1175 = DIRECTION('',(1.,0.,0.));
#1176 = PCURVE('',#126,#1177);
#1177 = DEFINITIONAL_REPRESENTATION('',(#1178),#1186);
#1178 = ( BOUNDED_CURVE() B_SPLINE_CURVE(2,(#1179,#1180,#1181,#1182,
#1183,#1184,#1185),.UNSPECIFIED.,.T.,.F.) B_SPLINE_CURVE_WITH_KNOTS((1,2
    ,2,2,2,1),(-2.094395102393,0.,2.094395102393,4.188790204786,
6.28318530718,8.377580409573),.UNSPECIFIED.) CURVE() 
GEOMETRIC_REPRESENTATION_ITEM() RATIONAL_B_SPLINE_CURVE((1.,0.5,1.,0.5,
1.,0.5,1.)) REPRESENTATION_ITEM('') );
#1179 = CARTESIAN_POINT('',(51.,-48.5));
#1180 = CARTESIAN_POINT('',(51.,-56.29422863406));
#1181 = CARTESIAN_POINT('',(44.25,-52.39711431703));
#1182 = CARTESIAN_POINT('',(37.5,-48.5));
#1183 = CARTESIAN_POINT('',(44.25,-44.60288568297));
#1184 = CARTESIAN_POINT('',(51.,-40.70577136594));
#1185 = CARTESIAN_POINT('',(51.,-48.5));
#1186 = ( GEOMETRIC_REPRESENTATION_CONTEXT(2) 
PARAMETRIC_REPRESENTATION_CONTEXT() REPRESENTATION_CONTEXT('2D SPACE',''
  ) );
#1187 = PCURVE('',#1188,#1193);
#1188 = CYLINDRICAL_SURFACE('',#1189,4.5);
#1189 = AXIS2_PLACEMENT_3D('',#1190,#1191,#1192);
#1190 = CARTESIAN_POINT('',(46.5,-48.5,-0.2));
#1191 = DIRECTION('',(-0.,-0.,-1.));
#1192 = DIRECTION('',(1.,0.,0.));
#1193 = DEFINITIONAL_REPRESENTATION('',(#1194),#1198);
#1194 = LINE('',#1195,#1196);
#1195 = CARTESIAN_POINT('',(-6.28318530718,-0.2));
#1196 = VECTOR('',#1197,1.);
#1197 = DIRECTION('',(1.,-0.));
#1198 = ( GEOMETRIC_REPRESENTATION_CONTEXT(2) 
PARAMETRIC_REPRESENTATION_CONTEXT() REPRESENTATION_CONTEXT('2D SPACE',''
  ) );
#1199 = FACE_BOUND('',#1200,.F.);
#1200 = EDGE_LOOP('',(#1201,#1202,#1203,#1226,#1250,#1278,#1311,#1338,
    #1371,#1399,#1428,#1449));
#1201 = ORIENTED_EDGE('',*,*,#112,.F.);
#1202 = ORIENTED_EDGE('',*,*,#141,.T.);
#1203 = ORIENTED_EDGE('',*,*,#1204,.T.);
#1204 = EDGE_CURVE('',#142,#1205,#1207,.T.);
#1205 = VERTEX_POINT('',#1206);
#1206 = CARTESIAN_POINT('',(-46.9646004006,-45.23453718694,0.));
#1207 = SURFACE_CURVE('',#1208,(#1212,#1219),.PCURVE_S1.);
#1208 = LINE('',#1209,#1210);
#1209 = CARTESIAN_POINT('',(-36.56966065782,-35.3282484577,0.));
#1210 = VECTOR('',#1211,1.);
#1211 = DIRECTION('',(-0.723917180764,-0.689886885942,0.));
#1212 = PCURVE('',#126,#1213);
#1213 = DEFINITIONAL_REPRESENTATION('',(#1214),#1218);
#1214 = LINE('',#1215,#1216);
#1215 = CARTESIAN_POINT('',(-36.56966065782,-35.3282484577));
#1216 = VECTOR('',#1217,1.);
#1217 = DIRECTION('',(-0.723917180764,-0.689886885942));
#1218 = ( GEOMETRIC_REPRESENTATION_CONTEXT(2) 
PARAMETRIC_REPRESENTATION_CONTEXT() REPRESENTATION_CONTEXT('2D SPACE',''
  ) );
#1219 = PCURVE('',#203,#1220);
#1220 = DEFINITIONAL_REPRESENTATION('',(#1221),#1225);
#1221 = LINE('',#1222,#1223);
#1222 = CARTESIAN_POINT('',(0.,0.));
#1223 = VECTOR('',#1224,1.);
#1224 = DIRECTION('',(0.,1.));
#1225 = ( GEOMETRIC_REPRESENTATION_CONTEXT(2) 
PARAMETRIC_REPRESENTATION_CONTEXT() REPRESENTATION_CONTEXT('2D SPACE',''
  ) );
#1226 = ORIENTED_EDGE('',*,*,#1227,.T.);
#1227 = EDGE_CURVE('',#1205,#1228,#1230,.T.);
#1228 = VERTEX_POINT('',#1229);
#1229 = CARTESIAN_POINT('',(-48.95,-50.81506350946,0.));
#1230 = SURFACE_CURVE('',#1231,(#1236,#1243),.PCURVE_S1.);
#1231 = CIRCLE('',#1232,3.5);
#1232 = AXIS2_PLACEMENT_3D('',#1233,#1234,#1235);
#1233 = CARTESIAN_POINT('',(-46.2,-48.65,0.));
#1234 = DIRECTION('',(0.,0.,1.));
#1235 = DIRECTION('',(1.,0.,0.));
#1236 = PCURVE('',#126,#1237);
#1237 = DEFINITIONAL_REPRESENTATION('',(#1238),#1242);
#1238 = CIRCLE('',#1239,3.5);
#1239 = AXIS2_PLACEMENT_2D('',#1240,#1241);
#1240 = CARTESIAN_POINT('',(-46.2,-48.65));
#1241 = DIRECTION('',(1.,0.));
#1242 = ( GEOMETRIC_REPRESENTATION_CONTEXT(2) 
PARAMETRIC_REPRESENTATION_CONTEXT() REPRESENTATION_CONTEXT('2D SPACE',''
  ) );
#1243 = PCURVE('',#570,#1244);
#1244 = DEFINITIONAL_REPRESENTATION('',(#1245),#1249);
#1245 = LINE('',#1246,#1247);
#1246 = CARTESIAN_POINT('',(-0.,0.));
#1247 = VECTOR('',#1248,1.);
#1248 = DIRECTION('',(-1.,0.));
#1249 = ( GEOMETRIC_REPRESENTATION_CONTEXT(2) 
PARAMETRIC_REPRESENTATION_CONTEXT() REPRESENTATION_CONTEXT('2D SPACE',''
  ) );
#1250 = ORIENTED_EDGE('',*,*,#1251,.T.);
#1251 = EDGE_CURVE('',#1228,#1252,#1254,.T.);
#1252 = VERTEX_POINT('',#1253);
#1253 = CARTESIAN_POINT('',(-48.95,-52.27458607002,0.));
#1254 = SURFACE_CURVE('',#1255,(#1259,#1266),.PCURVE_S1.);
#1255 = LINE('',#1256,#1257);
#1256 = CARTESIAN_POINT('',(-48.95,-48.65,0.));
#1257 = VECTOR('',#1258,1.);
#1258 = DIRECTION('',(1.110223024625E-16,-1.,0.));
#1259 = PCURVE('',#126,#1260);
#1260 = DEFINITIONAL_REPRESENTATION('',(#1261),#1265);
#1261 = LINE('',#1262,#1263);
#1262 = CARTESIAN_POINT('',(-48.95,-48.65));
#1263 = VECTOR('',#1264,1.);
#1264 = DIRECTION('',(1.110223024625E-16,-1.));
#1265 = ( GEOMETRIC_REPRESENTATION_CONTEXT(2) 
PARAMETRIC_REPRESENTATION_CONTEXT() REPRESENTATION_CONTEXT('2D SPACE',''
  ) );
#1266 = PCURVE('',#1267,#1272);
#1267 = PLANE('',#1268);
#1268 = AXIS2_PLACEMENT_3D('',#1269,#1270,#1271);
#1269 = CARTESIAN_POINT('',(-48.95,-48.65,0.));
#1270 = DIRECTION('',(1.,1.110223024625E-16,0.));
#1271 = DIRECTION('',(0.,0.,1.));
#1272 = DEFINITIONAL_REPRESENTATION('',(#1273),#1277);
#1273 = LINE('',#1274,#1275);
#1274 = CARTESIAN_POINT('',(0.,0.));
#1275 = VECTOR('',#1276,1.);
#1276 = DIRECTION('',(0.,1.));
#1277 = ( GEOMETRIC_REPRESENTATION_CONTEXT(2) 
PARAMETRIC_REPRESENTATION_CONTEXT() REPRESENTATION_CONTEXT('2D SPACE',''
  ) );
#1278 = ORIENTED_EDGE('',*,*,#1279,.T.);
#1279 = EDGE_CURVE('',#1252,#1280,#1282,.T.);
#1280 = VERTEX_POINT('',#1281);
#1281 = CARTESIAN_POINT('',(-51.,-48.5,0.));
#1282 = SURFACE_CURVE('',#1283,(#1288,#1299),.PCURVE_S1.);
#1283 = CIRCLE('',#1284,4.5);
#1284 = AXIS2_PLACEMENT_3D('',#1285,#1286,#1287);
#1285 = CARTESIAN_POINT('',(-46.5,-48.5,0.));
#1286 = DIRECTION('',(0.,0.,-1.));
#1287 = DIRECTION('',(1.,0.,0.));
#1288 = PCURVE('',#126,#1289);
#1289 = DEFINITIONAL_REPRESENTATION('',(#1290),#1298);
#1290 = ( BOUNDED_CURVE() B_SPLINE_CURVE(2,(#1291,#1292,#1293,#1294,
#1295,#1296,#1297),.UNSPECIFIED.,.T.,.F.) B_SPLINE_CURVE_WITH_KNOTS((1,2
    ,2,2,2,1),(-2.094395102393,0.,2.094395102393,4.188790204786,
6.28318530718,8.377580409573),.UNSPECIFIED.) CURVE() 
GEOMETRIC_REPRESENTATION_ITEM() RATIONAL_B_SPLINE_CURVE((1.,0.5,1.,0.5,
1.,0.5,1.)) REPRESENTATION_ITEM('') );
#1291 = CARTESIAN_POINT('',(-42.,-48.5));
#1292 = CARTESIAN_POINT('',(-42.,-56.29422863406));
#1293 = CARTESIAN_POINT('',(-48.75,-52.39711431703));
#1294 = CARTESIAN_POINT('',(-55.5,-48.5));
#1295 = CARTESIAN_POINT('',(-48.75,-44.60288568297));
#1296 = CARTESIAN_POINT('',(-42.,-40.70577136594));
#1297 = CARTESIAN_POINT('',(-42.,-48.5));
#1298 = ( GEOMETRIC_REPRESENTATION_CONTEXT(2) 
PARAMETRIC_REPRESENTATION_CONTEXT() REPRESENTATION_CONTEXT('2D SPACE',''
  ) );
#1299 = PCURVE('',#1300,#1305);
#1300 = CYLINDRICAL_SURFACE('',#1301,4.5);
#1301 = AXIS2_PLACEMENT_3D('',#1302,#1303,#1304);
#1302 = CARTESIAN_POINT('',(-46.5,-48.5,-0.2));
#1303 = DIRECTION('',(-0.,-0.,-1.));
#1304 = DIRECTION('',(1.,0.,0.));
#1305 = DEFINITIONAL_REPRESENTATION('',(#1306),#1310);
#1306 = LINE('',#1307,#1308);
#1307 = CARTESIAN_POINT('',(-6.28318530718,-0.2));
#1308 = VECTOR('',#1309,1.);
#1309 = DIRECTION('',(1.,-0.));
#1310 = ( GEOMETRIC_REPRESENTATION_CONTEXT(2) 
PARAMETRIC_REPRESENTATION_CONTEXT() REPRESENTATION_CONTEXT('2D SPACE',''
  ) );
#1311 = ORIENTED_EDGE('',*,*,#1312,.F.);
#1312 = EDGE_CURVE('',#1313,#1280,#1315,.T.);
#1313 = VERTEX_POINT('',#1314);
#1314 = CARTESIAN_POINT('',(-51.,48.5,0.));
#1315 = SURFACE_CURVE('',#1316,(#1320,#1327),.PCURVE_S1.);
#1316 = LINE('',#1317,#1318);
#1317 = CARTESIAN_POINT('',(-51.,-24.25,0.));
#1318 = VECTOR('',#1319,1.);
#1319 = DIRECTION('',(0.,-1.,0.));
#1320 = PCURVE('',#126,#1321);
#1321 = DEFINITIONAL_REPRESENTATION('',(#1322),#1326);
#1322 = LINE('',#1323,#1324);
#1323 = CARTESIAN_POINT('',(-51.,-24.25));
#1324 = VECTOR('',#1325,1.);
#1325 = DIRECTION('',(0.,-1.));
#1326 = ( GEOMETRIC_REPRESENTATION_CONTEXT(2) 
PARAMETRIC_REPRESENTATION_CONTEXT() REPRESENTATION_CONTEXT('2D SPACE',''
  ) );
#1327 = PCURVE('',#1328,#1333);
#1328 = PLANE('',#1329);
#1329 = AXIS2_PLACEMENT_3D('',#1330,#1331,#1332);
#1330 = CARTESIAN_POINT('',(-51.,-48.5,-0.2));
#1331 = DIRECTION('',(-1.,0.,0.));
#1332 = DIRECTION('',(0.,1.,0.));
#1333 = DEFINITIONAL_REPRESENTATION('',(#1334),#1337);
#1334 = B_SPLINE_CURVE_WITH_KNOTS('',1,(#1335,#1336),.UNSPECIFIED.,.F.,
  .F.,(2,2),(-72.75,24.25),.PIECEWISE_BEZIER_KNOTS.);
#1335 = CARTESIAN_POINT('',(97.,-0.2));
#1336 = CARTESIAN_POINT('',(0.,-0.2));
#1337 = ( GEOMETRIC_REPRESENTATION_CONTEXT(2) 
PARAMETRIC_REPRESENTATION_CONTEXT() REPRESENTATION_CONTEXT('2D SPACE',''
  ) );
#1338 = ORIENTED_EDGE('',*,*,#1339,.T.);
#1339 = EDGE_CURVE('',#1313,#1340,#1342,.T.);
#1340 = VERTEX_POINT('',#1341);
#1341 = CARTESIAN_POINT('',(-48.95,52.274586070022,0.));
#1342 = SURFACE_CURVE('',#1343,(#1348,#1359),.PCURVE_S1.);
#1343 = CIRCLE('',#1344,4.5);
#1344 = AXIS2_PLACEMENT_3D('',#1345,#1346,#1347);
#1345 = CARTESIAN_POINT('',(-46.5,48.5,0.));
#1346 = DIRECTION('',(0.,0.,-1.));
#1347 = DIRECTION('',(1.,0.,0.));
#1348 = PCURVE('',#126,#1349);
#1349 = DEFINITIONAL_REPRESENTATION('',(#1350),#1358);
#1350 = ( BOUNDED_CURVE() B_SPLINE_CURVE(2,(#1351,#1352,#1353,#1354,
#1355,#1356,#1357),.UNSPECIFIED.,.T.,.F.) B_SPLINE_CURVE_WITH_KNOTS((1,2
    ,2,2,2,1),(-2.094395102393,0.,2.094395102393,4.188790204786,
6.28318530718,8.377580409573),.UNSPECIFIED.) CURVE() 
GEOMETRIC_REPRESENTATION_ITEM() RATIONAL_B_SPLINE_CURVE((1.,0.5,1.,0.5,
1.,0.5,1.)) REPRESENTATION_ITEM('') );
#1351 = CARTESIAN_POINT('',(-42.,48.5));
#1352 = CARTESIAN_POINT('',(-42.,40.70577136594));
#1353 = CARTESIAN_POINT('',(-48.75,44.60288568297));
#1354 = CARTESIAN_POINT('',(-55.5,48.5));
#1355 = CARTESIAN_POINT('',(-48.75,52.39711431703));
#1356 = CARTESIAN_POINT('',(-42.,56.29422863406));
#1357 = CARTESIAN_POINT('',(-42.,48.5));
#1358 = ( GEOMETRIC_REPRESENTATION_CONTEXT(2) 
PARAMETRIC_REPRESENTATION_CONTEXT() REPRESENTATION_CONTEXT('2D SPACE',''
  ) );
#1359 = PCURVE('',#1360,#1365);
#1360 = CYLINDRICAL_SURFACE('',#1361,4.5);
#1361 = AXIS2_PLACEMENT_3D('',#1362,#1363,#1364);
#1362 = CARTESIAN_POINT('',(-46.5,48.5,-0.2));
#1363 = DIRECTION('',(-0.,-0.,-1.));
#1364 = DIRECTION('',(1.,0.,0.));
#1365 = DEFINITIONAL_REPRESENTATION('',(#1366),#1370);
#1366 = LINE('',#1367,#1368);
#1367 = CARTESIAN_POINT('',(-6.28318530718,-0.2));
#1368 = VECTOR('',#1369,1.);
#1369 = DIRECTION('',(1.,-0.));
#1370 = ( GEOMETRIC_REPRESENTATION_CONTEXT(2) 
PARAMETRIC_REPRESENTATION_CONTEXT() REPRESENTATION_CONTEXT('2D SPACE',''
  ) );
#1371 = ORIENTED_EDGE('',*,*,#1372,.F.);
#1372 = EDGE_CURVE('',#1373,#1340,#1375,.T.);
#1373 = VERTEX_POINT('',#1374);
#1374 = CARTESIAN_POINT('',(-48.95,50.815063509461,0.));
#1375 = SURFACE_CURVE('',#1376,(#1380,#1387),.PCURVE_S1.);
#1376 = LINE('',#1377,#1378);
#1377 = CARTESIAN_POINT('',(-48.95,48.65,0.));
#1378 = VECTOR('',#1379,1.);
#1379 = DIRECTION('',(1.110223024625E-16,1.,0.));
#1380 = PCURVE('',#126,#1381);
#1381 = DEFINITIONAL_REPRESENTATION('',(#1382),#1386);
#1382 = LINE('',#1383,#1384);
#1383 = CARTESIAN_POINT('',(-48.95,48.65));
#1384 = VECTOR('',#1385,1.);
#1385 = DIRECTION('',(1.110223024625E-16,1.));
#1386 = ( GEOMETRIC_REPRESENTATION_CONTEXT(2) 
PARAMETRIC_REPRESENTATION_CONTEXT() REPRESENTATION_CONTEXT('2D SPACE',''
  ) );
#1387 = PCURVE('',#1388,#1393);
#1388 = PLANE('',#1389);
#1389 = AXIS2_PLACEMENT_3D('',#1390,#1391,#1392);
#1390 = CARTESIAN_POINT('',(-48.95,48.65,0.));
#1391 = DIRECTION('',(-1.,1.110223024625E-16,0.));
#1392 = DIRECTION('',(0.,0.,1.));
#1393 = DEFINITIONAL_REPRESENTATION('',(#1394),#1398);
#1394 = LINE('',#1395,#1396);
#1395 = CARTESIAN_POINT('',(0.,0.));
#1396 = VECTOR('',#1397,1.);
#1397 = DIRECTION('',(0.,1.));
#1398 = ( GEOMETRIC_REPRESENTATION_CONTEXT(2) 
PARAMETRIC_REPRESENTATION_CONTEXT() REPRESENTATION_CONTEXT('2D SPACE',''
  ) );
#1399 = ORIENTED_EDGE('',*,*,#1400,.T.);
#1400 = EDGE_CURVE('',#1373,#1401,#1403,.T.);
#1401 = VERTEX_POINT('',#1402);
#1402 = CARTESIAN_POINT('',(-46.9646004006,45.234537186941,0.));
#1403 = SURFACE_CURVE('',#1404,(#1409,#1416),.PCURVE_S1.);
#1404 = CIRCLE('',#1405,3.5);
#1405 = AXIS2_PLACEMENT_3D('',#1406,#1407,#1408);
#1406 = CARTESIAN_POINT('',(-46.2,48.65,0.));
#1407 = DIRECTION('',(0.,0.,1.));
#1408 = DIRECTION('',(1.,0.,0.));
#1409 = PCURVE('',#126,#1410);
#1410 = DEFINITIONAL_REPRESENTATION('',(#1411),#1415);
#1411 = CIRCLE('',#1412,3.5);
#1412 = AXIS2_PLACEMENT_2D('',#1413,#1414);
#1413 = CARTESIAN_POINT('',(-46.2,48.65));
#1414 = DIRECTION('',(1.,0.));
#1415 = ( GEOMETRIC_REPRESENTATION_CONTEXT(2) 
PARAMETRIC_REPRESENTATION_CONTEXT() REPRESENTATION_CONTEXT('2D SPACE',''
  ) );
#1416 = PCURVE('',#1417,#1422);
#1417 = CYLINDRICAL_SURFACE('',#1418,3.5);
#1418 = AXIS2_PLACEMENT_3D('',#1419,#1420,#1421);
#1419 = CARTESIAN_POINT('',(-46.2,48.65,0.));
#1420 = DIRECTION('',(-0.,-0.,-1.));
#1421 = DIRECTION('',(1.,0.,0.));
#1422 = DEFINITIONAL_REPRESENTATION('',(#1423),#1427);
#1423 = LINE('',#1424,#1425);
#1424 = CARTESIAN_POINT('',(-0.,0.));
#1425 = VECTOR('',#1426,1.);
#1426 = DIRECTION('',(-1.,0.));
#1427 = ( GEOMETRIC_REPRESENTATION_CONTEXT(2) 
PARAMETRIC_REPRESENTATION_CONTEXT() REPRESENTATION_CONTEXT('2D SPACE',''
  ) );
#1428 = ORIENTED_EDGE('',*,*,#1429,.F.);
#1429 = EDGE_CURVE('',#218,#1401,#1430,.T.);
#1430 = SURFACE_CURVE('',#1431,(#1435,#1442),.PCURVE_S1.);
#1431 = LINE('',#1432,#1433);
#1432 = CARTESIAN_POINT('',(-36.56966065782,35.328248457708,0.));
#1433 = VECTOR('',#1434,1.);
#1434 = DIRECTION('',(-0.723917180764,0.689886885942,0.));
#1435 = PCURVE('',#126,#1436);
#1436 = DEFINITIONAL_REPRESENTATION('',(#1437),#1441);
#1437 = LINE('',#1438,#1439);
#1438 = CARTESIAN_POINT('',(-36.56966065782,35.328248457708));
#1439 = VECTOR('',#1440,1.);
#1440 = DIRECTION('',(-0.723917180764,0.689886885942));
#1441 = ( GEOMETRIC_REPRESENTATION_CONTEXT(2) 
PARAMETRIC_REPRESENTATION_CONTEXT() REPRESENTATION_CONTEXT('2D SPACE',''
  ) );
#1442 = PCURVE('',#256,#1443);
#1443 = DEFINITIONAL_REPRESENTATION('',(#1444),#1448);
#1444 = LINE('',#1445,#1446);
#1445 = CARTESIAN_POINT('',(0.,0.));
#1446 = VECTOR('',#1447,1.);
#1447 = DIRECTION('',(0.,1.));
#1448 = ( GEOMETRIC_REPRESENTATION_CONTEXT(2) 
PARAMETRIC_REPRESENTATION_CONTEXT() REPRESENTATION_CONTEXT('2D SPACE',''
  ) );
#1449 = ORIENTED_EDGE('',*,*,#217,.T.);
#1450 = FACE_BOUND('',#1451,.F.);
#1451 = EDGE_LOOP('',(#1452,#1482,#1506,#1534,#1563,#1591,#1620,#1648,
    #1672,#1700));
#1452 = ORIENTED_EDGE('',*,*,#1453,.F.);
#1453 = EDGE_CURVE('',#1454,#1456,#1458,.T.);
#1454 = VERTEX_POINT('',#1455);
#1455 = CARTESIAN_POINT('',(43.45,50.815063509461,0.));
#1456 = VERTEX_POINT('',#1457);
#1457 = CARTESIAN_POINT('',(43.45,53.,0.));
#1458 = SURFACE_CURVE('',#1459,(#1463,#1470),.PCURVE_S1.);
#1459 = LINE('',#1460,#1461);
#1460 = CARTESIAN_POINT('',(43.45,48.65,0.));
#1461 = VECTOR('',#1462,1.);
#1462 = DIRECTION('',(1.110223024625E-16,1.,0.));
#1463 = PCURVE('',#126,#1464);
#1464 = DEFINITIONAL_REPRESENTATION('',(#1465),#1469);
#1465 = LINE('',#1466,#1467);
#1466 = CARTESIAN_POINT('',(43.45,48.65));
#1467 = VECTOR('',#1468,1.);
#1468 = DIRECTION('',(1.110223024625E-16,1.));
#1469 = ( GEOMETRIC_REPRESENTATION_CONTEXT(2) 
PARAMETRIC_REPRESENTATION_CONTEXT() REPRESENTATION_CONTEXT('2D SPACE',''
  ) );
#1470 = PCURVE('',#1471,#1476);
#1471 = PLANE('',#1472);
#1472 = AXIS2_PLACEMENT_3D('',#1473,#1474,#1475);
#1473 = CARTESIAN_POINT('',(43.45,48.65,0.));
#1474 = DIRECTION('',(-1.,1.110223024625E-16,0.));
#1475 = DIRECTION('',(0.,0.,1.));
#1476 = DEFINITIONAL_REPRESENTATION('',(#1477),#1481);
#1477 = LINE('',#1478,#1479);
#1478 = CARTESIAN_POINT('',(0.,0.));
#1479 = VECTOR('',#1480,1.);
#1480 = DIRECTION('',(0.,1.));
#1481 = ( GEOMETRIC_REPRESENTATION_CONTEXT(2) 
PARAMETRIC_REPRESENTATION_CONTEXT() REPRESENTATION_CONTEXT('2D SPACE',''
  ) );
#1482 = ORIENTED_EDGE('',*,*,#1483,.T.);
#1483 = EDGE_CURVE('',#1454,#1484,#1486,.T.);
#1484 = VERTEX_POINT('',#1485);
#1485 = CARTESIAN_POINT('',(42.825279084957,49.578040271526,0.));
#1486 = SURFACE_CURVE('',#1487,(#1492,#1499),.PCURVE_S1.);
#1487 = CIRCLE('',#1488,3.5);
#1488 = AXIS2_PLACEMENT_3D('',#1489,#1490,#1491);
#1489 = CARTESIAN_POINT('',(46.2,48.65,0.));
#1490 = DIRECTION('',(0.,0.,1.));
#1491 = DIRECTION('',(1.,0.,0.));
#1492 = PCURVE('',#126,#1493);
#1493 = DEFINITIONAL_REPRESENTATION('',(#1494),#1498);
#1494 = CIRCLE('',#1495,3.5);
#1495 = AXIS2_PLACEMENT_2D('',#1496,#1497);
#1496 = CARTESIAN_POINT('',(46.2,48.65));
#1497 = DIRECTION('',(1.,0.));
#1498 = ( GEOMETRIC_REPRESENTATION_CONTEXT(2) 
PARAMETRIC_REPRESENTATION_CONTEXT() REPRESENTATION_CONTEXT('2D SPACE',''
  ) );
#1499 = PCURVE('',#1045,#1500);
#1500 = DEFINITIONAL_REPRESENTATION('',(#1501),#1505);
#1501 = LINE('',#1502,#1503);
#1502 = CARTESIAN_POINT('',(-0.,0.));
#1503 = VECTOR('',#1504,1.);
#1504 = DIRECTION('',(-1.,0.));
#1505 = ( GEOMETRIC_REPRESENTATION_CONTEXT(2) 
PARAMETRIC_REPRESENTATION_CONTEXT() REPRESENTATION_CONTEXT('2D SPACE',''
  ) );
#1506 = ORIENTED_EDGE('',*,*,#1507,.F.);
#1507 = EDGE_CURVE('',#1508,#1484,#1510,.T.);
#1508 = VERTEX_POINT('',#1509);
#1509 = CARTESIAN_POINT('',(32.720084445726,39.947876149523,0.));
#1510 = SURFACE_CURVE('',#1511,(#1515,#1522),.PCURVE_S1.);
#1511 = LINE('',#1512,#1513);
#1512 = CARTESIAN_POINT('',(32.430339342174,39.671751542292,0.));
#1513 = VECTOR('',#1514,1.);
#1514 = DIRECTION('',(0.723917180764,0.689886885942,0.));
#1515 = PCURVE('',#126,#1516);
#1516 = DEFINITIONAL_REPRESENTATION('',(#1517),#1521);
#1517 = LINE('',#1518,#1519);
#1518 = CARTESIAN_POINT('',(32.430339342174,39.671751542292));
#1519 = VECTOR('',#1520,1.);
#1520 = DIRECTION('',(0.723917180764,0.689886885942));
#1521 = ( GEOMETRIC_REPRESENTATION_CONTEXT(2) 
PARAMETRIC_REPRESENTATION_CONTEXT() REPRESENTATION_CONTEXT('2D SPACE',''
  ) );
#1522 = PCURVE('',#1523,#1528);
#1523 = PLANE('',#1524);
#1524 = AXIS2_PLACEMENT_3D('',#1525,#1526,#1527);
#1525 = CARTESIAN_POINT('',(32.430339342174,39.671751542292,0.));
#1526 = DIRECTION('',(-0.689886885942,0.723917180764,0.));
#1527 = DIRECTION('',(0.,0.,1.));
#1528 = DEFINITIONAL_REPRESENTATION('',(#1529),#1533);
#1529 = LINE('',#1530,#1531);
#1530 = CARTESIAN_POINT('',(0.,0.));
#1531 = VECTOR('',#1532,1.);
#1532 = DIRECTION('',(0.,1.));
#1533 = ( GEOMETRIC_REPRESENTATION_CONTEXT(2) 
PARAMETRIC_REPRESENTATION_CONTEXT() REPRESENTATION_CONTEXT('2D SPACE',''
  ) );
#1534 = ORIENTED_EDGE('',*,*,#1535,.T.);
#1535 = EDGE_CURVE('',#1508,#1536,#1538,.T.);
#1536 = VERTEX_POINT('',#1537);
#1537 = CARTESIAN_POINT('',(32.,40.,0.));
#1538 = SURFACE_CURVE('',#1539,(#1544,#1551),.PCURVE_S1.);
#1539 = CIRCLE('',#1540,5.);
#1540 = AXIS2_PLACEMENT_3D('',#1541,#1542,#1543);
#1541 = CARTESIAN_POINT('',(32.,35.,0.));
#1542 = DIRECTION('',(0.,0.,1.));
#1543 = DIRECTION('',(1.,0.,0.));
#1544 = PCURVE('',#126,#1545);
#1545 = DEFINITIONAL_REPRESENTATION('',(#1546),#1550);
#1546 = CIRCLE('',#1547,5.);
#1547 = AXIS2_PLACEMENT_2D('',#1548,#1549);
#1548 = CARTESIAN_POINT('',(32.,35.));
#1549 = DIRECTION('',(1.,0.));
#1550 = ( GEOMETRIC_REPRESENTATION_CONTEXT(2) 
PARAMETRIC_REPRESENTATION_CONTEXT() REPRESENTATION_CONTEXT('2D SPACE',''
  ) );
#1551 = PCURVE('',#1552,#1557);
#1552 = CYLINDRICAL_SURFACE('',#1553,5.);
#1553 = AXIS2_PLACEMENT_3D('',#1554,#1555,#1556);
#1554 = CARTESIAN_POINT('',(32.,35.,0.));
#1555 = DIRECTION('',(-0.,-0.,-1.));
#1556 = DIRECTION('',(1.,0.,0.));
#1557 = DEFINITIONAL_REPRESENTATION('',(#1558),#1562);
#1558 = LINE('',#1559,#1560);
#1559 = CARTESIAN_POINT('',(-0.,0.));
#1560 = VECTOR('',#1561,1.);
#1561 = DIRECTION('',(-1.,0.));
#1562 = ( GEOMETRIC_REPRESENTATION_CONTEXT(2) 
PARAMETRIC_REPRESENTATION_CONTEXT() REPRESENTATION_CONTEXT('2D SPACE',''
  ) );
#1563 = ORIENTED_EDGE('',*,*,#1564,.F.);
#1564 = EDGE_CURVE('',#1565,#1536,#1567,.T.);
#1565 = VERTEX_POINT('',#1566);
#1566 = CARTESIAN_POINT('',(-32.,40.,0.));
#1567 = SURFACE_CURVE('',#1568,(#1572,#1579),.PCURVE_S1.);
#1568 = LINE('',#1569,#1570);
#1569 = CARTESIAN_POINT('',(0.,40.,0.));
#1570 = VECTOR('',#1571,1.);
#1571 = DIRECTION('',(1.,0.,0.));
#1572 = PCURVE('',#126,#1573);
#1573 = DEFINITIONAL_REPRESENTATION('',(#1574),#1578);
#1574 = LINE('',#1575,#1576);
#1575 = CARTESIAN_POINT('',(0.,40.));
#1576 = VECTOR('',#1577,1.);
#1577 = DIRECTION('',(1.,0.));
#1578 = ( GEOMETRIC_REPRESENTATION_CONTEXT(2) 
PARAMETRIC_REPRESENTATION_CONTEXT() REPRESENTATION_CONTEXT('2D SPACE',''
  ) );
#1579 = PCURVE('',#1580,#1585);
#1580 = PLANE('',#1581);
#1581 = AXIS2_PLACEMENT_3D('',#1582,#1583,#1584);
#1582 = CARTESIAN_POINT('',(-32.,40.,0.));
#1583 = DIRECTION('',(0.,1.,0.));
#1584 = DIRECTION('',(1.,0.,0.));
#1585 = DEFINITIONAL_REPRESENTATION('',(#1586),#1590);
#1586 = LINE('',#1587,#1588);
#1587 = CARTESIAN_POINT('',(32.,0.));
#1588 = VECTOR('',#1589,1.);
#1589 = DIRECTION('',(1.,0.));
#1590 = ( GEOMETRIC_REPRESENTATION_CONTEXT(2) 
PARAMETRIC_REPRESENTATION_CONTEXT() REPRESENTATION_CONTEXT('2D SPACE',''
  ) );
#1591 = ORIENTED_EDGE('',*,*,#1592,.T.);
#1592 = EDGE_CURVE('',#1565,#1593,#1595,.T.);
#1593 = VERTEX_POINT('',#1594);
#1594 = CARTESIAN_POINT('',(-32.72008444572,39.947876149523,0.));
#1595 = SURFACE_CURVE('',#1596,(#1601,#1608),.PCURVE_S1.);
#1596 = CIRCLE('',#1597,5.);
#1597 = AXIS2_PLACEMENT_3D('',#1598,#1599,#1600);
#1598 = CARTESIAN_POINT('',(-32.,35.,0.));
#1599 = DIRECTION('',(0.,0.,1.));
#1600 = DIRECTION('',(1.,0.,0.));
#1601 = PCURVE('',#126,#1602);
#1602 = DEFINITIONAL_REPRESENTATION('',(#1603),#1607);
#1603 = CIRCLE('',#1604,5.);
#1604 = AXIS2_PLACEMENT_2D('',#1605,#1606);
#1605 = CARTESIAN_POINT('',(-32.,35.));
#1606 = DIRECTION('',(1.,0.));
#1607 = ( GEOMETRIC_REPRESENTATION_CONTEXT(2) 
PARAMETRIC_REPRESENTATION_CONTEXT() REPRESENTATION_CONTEXT('2D SPACE',''
  ) );
#1608 = PCURVE('',#1609,#1614);
#1609 = CYLINDRICAL_SURFACE('',#1610,5.);
#1610 = AXIS2_PLACEMENT_3D('',#1611,#1612,#1613);
#1611 = CARTESIAN_POINT('',(-32.,35.,0.));
#1612 = DIRECTION('',(-0.,-0.,-1.));
#1613 = DIRECTION('',(1.,0.,0.));
#1614 = DEFINITIONAL_REPRESENTATION('',(#1615),#1619);
#1615 = LINE('',#1616,#1617);
#1616 = CARTESIAN_POINT('',(-0.,0.));
#1617 = VECTOR('',#1618,1.);
#1618 = DIRECTION('',(-1.,0.));
#1619 = ( GEOMETRIC_REPRESENTATION_CONTEXT(2) 
PARAMETRIC_REPRESENTATION_CONTEXT() REPRESENTATION_CONTEXT('2D SPACE',''
  ) );
#1620 = ORIENTED_EDGE('',*,*,#1621,.T.);
#1621 = EDGE_CURVE('',#1593,#1622,#1624,.T.);
#1622 = VERTEX_POINT('',#1623);
#1623 = CARTESIAN_POINT('',(-42.82527908495,49.578040271526,0.));
#1624 = SURFACE_CURVE('',#1625,(#1629,#1636),.PCURVE_S1.);
#1625 = LINE('',#1626,#1627);
#1626 = CARTESIAN_POINT('',(-32.43033934217,39.671751542292,0.));
#1627 = VECTOR('',#1628,1.);
#1628 = DIRECTION('',(-0.723917180764,0.689886885942,0.));
#1629 = PCURVE('',#126,#1630);
#1630 = DEFINITIONAL_REPRESENTATION('',(#1631),#1635);
#1631 = LINE('',#1632,#1633);
#1632 = CARTESIAN_POINT('',(-32.43033934217,39.671751542292));
#1633 = VECTOR('',#1634,1.);
#1634 = DIRECTION('',(-0.723917180764,0.689886885942));
#1635 = ( GEOMETRIC_REPRESENTATION_CONTEXT(2) 
PARAMETRIC_REPRESENTATION_CONTEXT() REPRESENTATION_CONTEXT('2D SPACE',''
  ) );
#1636 = PCURVE('',#1637,#1642);
#1637 = PLANE('',#1638);
#1638 = AXIS2_PLACEMENT_3D('',#1639,#1640,#1641);
#1639 = CARTESIAN_POINT('',(-32.43033934217,39.671751542292,0.));
#1640 = DIRECTION('',(-0.689886885942,-0.723917180764,0.));
#1641 = DIRECTION('',(0.,0.,1.));
#1642 = DEFINITIONAL_REPRESENTATION('',(#1643),#1647);
#1643 = LINE('',#1644,#1645);
#1644 = CARTESIAN_POINT('',(0.,0.));
#1645 = VECTOR('',#1646,1.);
#1646 = DIRECTION('',(0.,1.));
#1647 = ( GEOMETRIC_REPRESENTATION_CONTEXT(2) 
PARAMETRIC_REPRESENTATION_CONTEXT() REPRESENTATION_CONTEXT('2D SPACE',''
  ) );
#1648 = ORIENTED_EDGE('',*,*,#1649,.T.);
#1649 = EDGE_CURVE('',#1622,#1650,#1652,.T.);
#1650 = VERTEX_POINT('',#1651);
#1651 = CARTESIAN_POINT('',(-43.45,50.815063509461,0.));
#1652 = SURFACE_CURVE('',#1653,(#1658,#1665),.PCURVE_S1.);
#1653 = CIRCLE('',#1654,3.5);
#1654 = AXIS2_PLACEMENT_3D('',#1655,#1656,#1657);
#1655 = CARTESIAN_POINT('',(-46.2,48.65,0.));
#1656 = DIRECTION('',(0.,0.,1.));
#1657 = DIRECTION('',(1.,0.,0.));
#1658 = PCURVE('',#126,#1659);
#1659 = DEFINITIONAL_REPRESENTATION('',(#1660),#1664);
#1660 = CIRCLE('',#1661,3.5);
#1661 = AXIS2_PLACEMENT_2D('',#1662,#1663);
#1662 = CARTESIAN_POINT('',(-46.2,48.65));
#1663 = DIRECTION('',(1.,0.));
#1664 = ( GEOMETRIC_REPRESENTATION_CONTEXT(2) 
PARAMETRIC_REPRESENTATION_CONTEXT() REPRESENTATION_CONTEXT('2D SPACE',''
  ) );
#1665 = PCURVE('',#1417,#1666);
#1666 = DEFINITIONAL_REPRESENTATION('',(#1667),#1671);
#1667 = LINE('',#1668,#1669);
#1668 = CARTESIAN_POINT('',(-0.,0.));
#1669 = VECTOR('',#1670,1.);
#1670 = DIRECTION('',(-1.,0.));
#1671 = ( GEOMETRIC_REPRESENTATION_CONTEXT(2) 
PARAMETRIC_REPRESENTATION_CONTEXT() REPRESENTATION_CONTEXT('2D SPACE',''
  ) );
#1672 = ORIENTED_EDGE('',*,*,#1673,.T.);
#1673 = EDGE_CURVE('',#1650,#1674,#1676,.T.);
#1674 = VERTEX_POINT('',#1675);
#1675 = CARTESIAN_POINT('',(-43.45,53.,0.));
#1676 = SURFACE_CURVE('',#1677,(#1681,#1688),.PCURVE_S1.);
#1677 = LINE('',#1678,#1679);
#1678 = CARTESIAN_POINT('',(-43.45,48.65,0.));
#1679 = VECTOR('',#1680,1.);
#1680 = DIRECTION('',(1.110223024625E-16,1.,0.));
#1681 = PCURVE('',#126,#1682);
#1682 = DEFINITIONAL_REPRESENTATION('',(#1683),#1687);
#1683 = LINE('',#1684,#1685);
#1684 = CARTESIAN_POINT('',(-43.45,48.65));
#1685 = VECTOR('',#1686,1.);
#1686 = DIRECTION('',(1.110223024625E-16,1.));
#1687 = ( GEOMETRIC_REPRESENTATION_CONTEXT(2) 
PARAMETRIC_REPRESENTATION_CONTEXT() REPRESENTATION_CONTEXT('2D SPACE',''
  ) );
#1688 = PCURVE('',#1689,#1694);
#1689 = PLANE('',#1690);
#1690 = AXIS2_PLACEMENT_3D('',#1691,#1692,#1693);
#1691 = CARTESIAN_POINT('',(-43.45,48.65,0.));
#1692 = DIRECTION('',(-1.,1.110223024625E-16,0.));
#1693 = DIRECTION('',(0.,0.,1.));
#1694 = DEFINITIONAL_REPRESENTATION('',(#1695),#1699);
#1695 = LINE('',#1696,#1697);
#1696 = CARTESIAN_POINT('',(0.,0.));
#1697 = VECTOR('',#1698,1.);
#1698 = DIRECTION('',(0.,1.));
#1699 = ( GEOMETRIC_REPRESENTATION_CONTEXT(2) 
PARAMETRIC_REPRESENTATION_CONTEXT() REPRESENTATION_CONTEXT('2D SPACE',''
  ) );
#1700 = ORIENTED_EDGE('',*,*,#1701,.F.);
#1701 = EDGE_CURVE('',#1456,#1674,#1702,.T.);
#1702 = SURFACE_CURVE('',#1703,(#1707,#1714),.PCURVE_S1.);
#1703 = LINE('',#1704,#1705);
#1704 = CARTESIAN_POINT('',(-23.25,53.,0.));
#1705 = VECTOR('',#1706,1.);
#1706 = DIRECTION('',(-1.,0.,0.));
#1707 = PCURVE('',#126,#1708);
#1708 = DEFINITIONAL_REPRESENTATION('',(#1709),#1713);
#1709 = LINE('',#1710,#1711);
#1710 = CARTESIAN_POINT('',(-23.25,53.));
#1711 = VECTOR('',#1712,1.);
#1712 = DIRECTION('',(-1.,0.));
#1713 = ( GEOMETRIC_REPRESENTATION_CONTEXT(2) 
PARAMETRIC_REPRESENTATION_CONTEXT() REPRESENTATION_CONTEXT('2D SPACE',''
  ) );
#1714 = PCURVE('',#1715,#1720);
#1715 = PLANE('',#1716);
#1716 = AXIS2_PLACEMENT_3D('',#1717,#1718,#1719);
#1717 = CARTESIAN_POINT('',(-46.5,53.,-0.2));
#1718 = DIRECTION('',(0.,1.,0.));
#1719 = DIRECTION('',(1.,0.,0.));
#1720 = DEFINITIONAL_REPRESENTATION('',(#1721),#1724);
#1721 = B_SPLINE_CURVE_WITH_KNOTS('',1,(#1722,#1723),.UNSPECIFIED.,.F.,
  .F.,(2,2),(-69.75,23.25),.PIECEWISE_BEZIER_KNOTS.);
#1722 = CARTESIAN_POINT('',(93.,-0.2));
#1723 = CARTESIAN_POINT('',(0.,-0.2));
#1724 = ( GEOMETRIC_REPRESENTATION_CONTEXT(2) 
PARAMETRIC_REPRESENTATION_CONTEXT() REPRESENTATION_CONTEXT('2D SPACE',''
  ) );
#1725 = ADVANCED_FACE('',(#1726),#72,.T.);
#1726 = FACE_BOUND('',#1727,.T.);
#1727 = EDGE_LOOP('',(#1728,#1729,#1730,#1751,#1777,#1798,#1822,#1845,
    #1869,#1890,#1916,#1937,#1961,#1984,#2008,#2029,#2055,#2076,#2100,
    #2123,#2147,#2168,#2194,#2213));
#1728 = ORIENTED_EDGE('',*,*,#56,.F.);
#1729 = ORIENTED_EDGE('',*,*,#166,.T.);
#1730 = ORIENTED_EDGE('',*,*,#1731,.T.);
#1731 = EDGE_CURVE('',#167,#1732,#1734,.T.);
#1732 = VERTEX_POINT('',#1733);
#1733 = CARTESIAN_POINT('',(-36.56966065782,-35.3282484577,1.));
#1734 = SURFACE_CURVE('',#1735,(#1739,#1745),.PCURVE_S1.);
#1735 = LINE('',#1736,#1737);
#1736 = CARTESIAN_POINT('',(-18.16555001993,-17.78928831988,1.));
#1737 = VECTOR('',#1738,1.);
#1738 = DIRECTION('',(0.723917180764,0.689886885942,-0.));
#1739 = PCURVE('',#72,#1740);
#1740 = DEFINITIONAL_REPRESENTATION('',(#1741),#1744);
#1741 = B_SPLINE_CURVE_WITH_KNOTS('',1,(#1742,#1743),.UNSPECIFIED.,.F.,
  .F.,(2,2),(-26.01740983711,-25.42295047959),.PIECEWISE_BEZIER_KNOTS.);
#1742 = CARTESIAN_POINT('',(-37.,-35.73835817268));
#1743 = CARTESIAN_POINT('',(-36.56966065782,-35.3282484577));
#1744 = ( GEOMETRIC_REPRESENTATION_CONTEXT(2) 
PARAMETRIC_REPRESENTATION_CONTEXT() REPRESENTATION_CONTEXT('2D SPACE',''
  ) );
#1745 = PCURVE('',#203,#1746);
#1746 = DEFINITIONAL_REPRESENTATION('',(#1747),#1750);
#1747 = B_SPLINE_CURVE_WITH_KNOTS('',1,(#1748,#1749),.UNSPECIFIED.,.F.,
  .F.,(2,2),(-26.01740983711,-25.42295047959),.PIECEWISE_BEZIER_KNOTS.);
#1748 = CARTESIAN_POINT('',(1.,0.59445935752));
#1749 = CARTESIAN_POINT('',(1.,0.));
#1750 = ( GEOMETRIC_REPRESENTATION_CONTEXT(2) 
PARAMETRIC_REPRESENTATION_CONTEXT() REPRESENTATION_CONTEXT('2D SPACE',''
  ) );
#1751 = ORIENTED_EDGE('',*,*,#1752,.T.);
#1752 = EDGE_CURVE('',#1732,#1753,#1755,.T.);
#1753 = VERTEX_POINT('',#1754);
#1754 = CARTESIAN_POINT('',(-32.43033934217,-39.67175154229,1.));
#1755 = SURFACE_CURVE('',#1756,(#1760,#1766),.PCURVE_S1.);
#1756 = LINE('',#1757,#1758);
#1757 = CARTESIAN_POINT('',(-36.6889409668,-35.20308436667,1.));
#1758 = VECTOR('',#1759,1.);
#1759 = DIRECTION('',(0.689886885942,-0.723917180764,0.));
#1760 = PCURVE('',#72,#1761);
#1761 = DEFINITIONAL_REPRESENTATION('',(#1762),#1765);
#1762 = B_SPLINE_CURVE_WITH_KNOTS('',1,(#1763,#1764),.UNSPECIFIED.,.F.,
  .F.,(2,2),(0.17289835683,6.17289835683),.PIECEWISE_BEZIER_KNOTS.);
#1763 = CARTESIAN_POINT('',(-36.56966065782,-35.3282484577));
#1764 = CARTESIAN_POINT('',(-32.43033934217,-39.67175154229));
#1765 = ( GEOMETRIC_REPRESENTATION_CONTEXT(2) 
PARAMETRIC_REPRESENTATION_CONTEXT() REPRESENTATION_CONTEXT('2D SPACE',''
  ) );
#1766 = PCURVE('',#1767,#1772);
#1767 = PLANE('',#1768);
#1768 = AXIS2_PLACEMENT_3D('',#1769,#1770,#1771);
#1769 = CARTESIAN_POINT('',(-36.56966065782,-35.3282484577,0.));
#1770 = DIRECTION('',(-0.723917180764,-0.689886885942,0.));
#1771 = DIRECTION('',(0.,0.,1.));
#1772 = DEFINITIONAL_REPRESENTATION('',(#1773),#1776);
#1773 = B_SPLINE_CURVE_WITH_KNOTS('',1,(#1774,#1775),.UNSPECIFIED.,.F.,
  .F.,(2,2),(0.17289835683,6.17289835683),.PIECEWISE_BEZIER_KNOTS.);
#1774 = CARTESIAN_POINT('',(1.,0.));
#1775 = CARTESIAN_POINT('',(1.,-6.));
#1776 = ( GEOMETRIC_REPRESENTATION_CONTEXT(2) 
PARAMETRIC_REPRESENTATION_CONTEXT() REPRESENTATION_CONTEXT('2D SPACE',''
  ) );
#1777 = ORIENTED_EDGE('',*,*,#1778,.F.);
#1778 = EDGE_CURVE('',#1779,#1753,#1781,.T.);
#1779 = VERTEX_POINT('',#1780);
#1780 = CARTESIAN_POINT('',(-32.72008444572,-39.94787614952,1.));
#1781 = SURFACE_CURVE('',#1782,(#1786,#1792),.PCURVE_S1.);
#1782 = LINE('',#1783,#1784);
#1783 = CARTESIAN_POINT('',(-14.02622870428,-22.13279140447,1.));
#1784 = VECTOR('',#1785,1.);
#1785 = DIRECTION('',(0.723917180764,0.689886885942,-0.));
#1786 = PCURVE('',#72,#1787);
#1787 = DEFINITIONAL_REPRESENTATION('',(#1788),#1791);
#1788 = B_SPLINE_CURVE_WITH_KNOTS('',1,(#1789,#1790),.UNSPECIFIED.,.F.,
  .F.,(2,2),(-25.89875088165,-25.42295047959),.PIECEWISE_BEZIER_KNOTS.);
#1789 = CARTESIAN_POINT('',(-32.77477942784,-40.));
#1790 = CARTESIAN_POINT('',(-32.43033934217,-39.67175154229));
#1791 = ( GEOMETRIC_REPRESENTATION_CONTEXT(2) 
PARAMETRIC_REPRESENTATION_CONTEXT() REPRESENTATION_CONTEXT('2D SPACE',''
  ) );
#1792 = PCURVE('',#598,#1793);
#1793 = DEFINITIONAL_REPRESENTATION('',(#1794),#1797);
#1794 = B_SPLINE_CURVE_WITH_KNOTS('',1,(#1795,#1796),.UNSPECIFIED.,.F.,
  .F.,(2,2),(-25.89875088165,-25.42295047959),.PIECEWISE_BEZIER_KNOTS.);
#1795 = CARTESIAN_POINT('',(1.,0.475800402061));
#1796 = CARTESIAN_POINT('',(1.,0.));
#1797 = ( GEOMETRIC_REPRESENTATION_CONTEXT(2) 
PARAMETRIC_REPRESENTATION_CONTEXT() REPRESENTATION_CONTEXT('2D SPACE',''
  ) );
#1798 = ORIENTED_EDGE('',*,*,#1799,.T.);
#1799 = EDGE_CURVE('',#1779,#1800,#1802,.T.);
#1800 = VERTEX_POINT('',#1801);
#1801 = CARTESIAN_POINT('',(-32.,-40.,1.));
#1802 = SURFACE_CURVE('',#1803,(#1808,#1815),.PCURVE_S1.);
#1803 = CIRCLE('',#1804,5.);
#1804 = AXIS2_PLACEMENT_3D('',#1805,#1806,#1807);
#1805 = CARTESIAN_POINT('',(-32.,-35.,1.));
#1806 = DIRECTION('',(0.,0.,1.));
#1807 = DIRECTION('',(1.,0.,0.));
#1808 = PCURVE('',#72,#1809);
#1809 = DEFINITIONAL_REPRESENTATION('',(#1810),#1814);
#1810 = CIRCLE('',#1811,5.);
#1811 = AXIS2_PLACEMENT_2D('',#1812,#1813);
#1812 = CARTESIAN_POINT('',(-32.,-35.));
#1813 = DIRECTION('',(1.,0.));
#1814 = ( GEOMETRIC_REPRESENTATION_CONTEXT(2) 
PARAMETRIC_REPRESENTATION_CONTEXT() REPRESENTATION_CONTEXT('2D SPACE',''
  ) );
#1815 = PCURVE('',#627,#1816);
#1816 = DEFINITIONAL_REPRESENTATION('',(#1817),#1821);
#1817 = LINE('',#1818,#1819);
#1818 = CARTESIAN_POINT('',(-0.,-1.));
#1819 = VECTOR('',#1820,1.);
#1820 = DIRECTION('',(-1.,0.));
#1821 = ( GEOMETRIC_REPRESENTATION_CONTEXT(2) 
PARAMETRIC_REPRESENTATION_CONTEXT() REPRESENTATION_CONTEXT('2D SPACE',''
  ) );
#1822 = ORIENTED_EDGE('',*,*,#1823,.T.);
#1823 = EDGE_CURVE('',#1800,#1824,#1826,.T.);
#1824 = VERTEX_POINT('',#1825);
#1825 = CARTESIAN_POINT('',(32.,-40.,1.));
#1826 = SURFACE_CURVE('',#1827,(#1831,#1838),.PCURVE_S1.);
#1827 = LINE('',#1828,#1829);
#1828 = CARTESIAN_POINT('',(0.,-40.,1.));
#1829 = VECTOR('',#1830,1.);
#1830 = DIRECTION('',(1.,0.,0.));
#1831 = PCURVE('',#72,#1832);
#1832 = DEFINITIONAL_REPRESENTATION('',(#1833),#1837);
#1833 = LINE('',#1834,#1835);
#1834 = CARTESIAN_POINT('',(0.,-40.));
#1835 = VECTOR('',#1836,1.);
#1836 = DIRECTION('',(1.,0.));
#1837 = ( GEOMETRIC_REPRESENTATION_CONTEXT(2) 
PARAMETRIC_REPRESENTATION_CONTEXT() REPRESENTATION_CONTEXT('2D SPACE',''
  ) );
#1838 = PCURVE('',#655,#1839);
#1839 = DEFINITIONAL_REPRESENTATION('',(#1840),#1844);
#1840 = LINE('',#1841,#1842);
#1841 = CARTESIAN_POINT('',(32.,-1.));
#1842 = VECTOR('',#1843,1.);
#1843 = DIRECTION('',(1.,0.));
#1844 = ( GEOMETRIC_REPRESENTATION_CONTEXT(2) 
PARAMETRIC_REPRESENTATION_CONTEXT() REPRESENTATION_CONTEXT('2D SPACE',''
  ) );
#1845 = ORIENTED_EDGE('',*,*,#1846,.T.);
#1846 = EDGE_CURVE('',#1824,#1847,#1849,.T.);
#1847 = VERTEX_POINT('',#1848);
#1848 = CARTESIAN_POINT('',(32.720084445726,-39.94787614952,1.));
#1849 = SURFACE_CURVE('',#1850,(#1855,#1862),.PCURVE_S1.);
#1850 = CIRCLE('',#1851,5.);
#1851 = AXIS2_PLACEMENT_3D('',#1852,#1853,#1854);
#1852 = CARTESIAN_POINT('',(32.,-35.,1.));
#1853 = DIRECTION('',(0.,0.,1.));
#1854 = DIRECTION('',(1.,0.,0.));
#1855 = PCURVE('',#72,#1856);
#1856 = DEFINITIONAL_REPRESENTATION('',(#1857),#1861);
#1857 = CIRCLE('',#1858,5.);
#1858 = AXIS2_PLACEMENT_2D('',#1859,#1860);
#1859 = CARTESIAN_POINT('',(32.,-35.));
#1860 = DIRECTION('',(1.,0.));
#1861 = ( GEOMETRIC_REPRESENTATION_CONTEXT(2) 
PARAMETRIC_REPRESENTATION_CONTEXT() REPRESENTATION_CONTEXT('2D SPACE',''
  ) );
#1862 = PCURVE('',#684,#1863);
#1863 = DEFINITIONAL_REPRESENTATION('',(#1864),#1868);
#1864 = LINE('',#1865,#1866);
#1865 = CARTESIAN_POINT('',(-0.,-1.));
#1866 = VECTOR('',#1867,1.);
#1867 = DIRECTION('',(-1.,0.));
#1868 = ( GEOMETRIC_REPRESENTATION_CONTEXT(2) 
PARAMETRIC_REPRESENTATION_CONTEXT() REPRESENTATION_CONTEXT('2D SPACE',''
  ) );
#1869 = ORIENTED_EDGE('',*,*,#1870,.T.);
#1870 = EDGE_CURVE('',#1847,#1871,#1873,.T.);
#1871 = VERTEX_POINT('',#1872);
#1872 = CARTESIAN_POINT('',(32.430339342174,-39.67175154229,1.));
#1873 = SURFACE_CURVE('',#1874,(#1878,#1884),.PCURVE_S1.);
#1874 = LINE('',#1875,#1876);
#1875 = CARTESIAN_POINT('',(14.026228704284,-22.13279140447,1.));
#1876 = VECTOR('',#1877,1.);
#1877 = DIRECTION('',(-0.723917180764,0.689886885942,0.));
#1878 = PCURVE('',#72,#1879);
#1879 = DEFINITIONAL_REPRESENTATION('',(#1880),#1883);
#1880 = B_SPLINE_CURVE_WITH_KNOTS('',1,(#1881,#1882),.UNSPECIFIED.,.F.,
  .F.,(2,2),(-25.89875088165,-25.42295047959),.PIECEWISE_BEZIER_KNOTS.);
#1881 = CARTESIAN_POINT('',(32.774779427841,-40.));
#1882 = CARTESIAN_POINT('',(32.430339342174,-39.67175154229));
#1883 = ( GEOMETRIC_REPRESENTATION_CONTEXT(2) 
PARAMETRIC_REPRESENTATION_CONTEXT() REPRESENTATION_CONTEXT('2D SPACE',''
  ) );
#1884 = PCURVE('',#712,#1885);
#1885 = DEFINITIONAL_REPRESENTATION('',(#1886),#1889);
#1886 = B_SPLINE_CURVE_WITH_KNOTS('',1,(#1887,#1888),.UNSPECIFIED.,.F.,
  .F.,(2,2),(-25.89875088165,-25.42295047959),.PIECEWISE_BEZIER_KNOTS.);
#1887 = CARTESIAN_POINT('',(1.,0.475800402061));
#1888 = CARTESIAN_POINT('',(1.,0.));
#1889 = ( GEOMETRIC_REPRESENTATION_CONTEXT(2) 
PARAMETRIC_REPRESENTATION_CONTEXT() REPRESENTATION_CONTEXT('2D SPACE',''
  ) );
#1890 = ORIENTED_EDGE('',*,*,#1891,.T.);
#1891 = EDGE_CURVE('',#1871,#1892,#1894,.T.);
#1892 = VERTEX_POINT('',#1893);
#1893 = CARTESIAN_POINT('',(36.569660657826,-35.3282484577,1.));
#1894 = SURFACE_CURVE('',#1895,(#1899,#1905),.PCURVE_S1.);
#1895 = LINE('',#1896,#1897);
#1896 = CARTESIAN_POINT('',(34.619280308978,-37.37483590896,1.));
#1897 = VECTOR('',#1898,1.);
#1898 = DIRECTION('',(0.689886885942,0.723917180764,-0.));
#1899 = PCURVE('',#72,#1900);
#1900 = DEFINITIONAL_REPRESENTATION('',(#1901),#1904);
#1901 = B_SPLINE_CURVE_WITH_KNOTS('',1,(#1902,#1903),.UNSPECIFIED.,.F.,
  .F.,(2,2),(-3.17289835683,2.82710164317),.PIECEWISE_BEZIER_KNOTS.);
#1902 = CARTESIAN_POINT('',(32.430339342174,-39.67175154229));
#1903 = CARTESIAN_POINT('',(36.569660657826,-35.3282484577));
#1904 = ( GEOMETRIC_REPRESENTATION_CONTEXT(2) 
PARAMETRIC_REPRESENTATION_CONTEXT() REPRESENTATION_CONTEXT('2D SPACE',''
  ) );
#1905 = PCURVE('',#1906,#1911);
#1906 = PLANE('',#1907);
#1907 = AXIS2_PLACEMENT_3D('',#1908,#1909,#1910);
#1908 = CARTESIAN_POINT('',(32.430339342174,-39.67175154229,0.));
#1909 = DIRECTION('',(0.723917180764,-0.689886885942,0.));
#1910 = DIRECTION('',(0.,0.,1.));
#1911 = DEFINITIONAL_REPRESENTATION('',(#1912),#1915);
#1912 = B_SPLINE_CURVE_WITH_KNOTS('',1,(#1913,#1914),.UNSPECIFIED.,.F.,
  .F.,(2,2),(-3.17289835683,2.82710164317),.PIECEWISE_BEZIER_KNOTS.);
#1913 = CARTESIAN_POINT('',(1.,0.));
#1914 = CARTESIAN_POINT('',(1.,-6.));
#1915 = ( GEOMETRIC_REPRESENTATION_CONTEXT(2) 
PARAMETRIC_REPRESENTATION_CONTEXT() REPRESENTATION_CONTEXT('2D SPACE',''
  ) );
#1916 = ORIENTED_EDGE('',*,*,#1917,.F.);
#1917 = EDGE_CURVE('',#1918,#1892,#1920,.T.);
#1918 = VERTEX_POINT('',#1919);
#1919 = CARTESIAN_POINT('',(36.951820117411,-35.69244315637,1.));
#1920 = SURFACE_CURVE('',#1921,(#1925,#1931),.PCURVE_S1.);
#1921 = LINE('',#1922,#1923);
#1922 = CARTESIAN_POINT('',(18.165550019935,-17.78928831988,1.));
#1923 = VECTOR('',#1924,1.);
#1924 = DIRECTION('',(-0.723917180764,0.689886885942,0.));
#1925 = PCURVE('',#72,#1926);
#1926 = DEFINITIONAL_REPRESENTATION('',(#1927),#1930);
#1927 = B_SPLINE_CURVE_WITH_KNOTS('',1,(#1928,#1929),.UNSPECIFIED.,.F.,
  .F.,(2,2),(-26.01740983711,-25.42295047959),.PIECEWISE_BEZIER_KNOTS.);
#1928 = CARTESIAN_POINT('',(37.,-35.73835817268));
#1929 = CARTESIAN_POINT('',(36.569660657826,-35.3282484577));
#1930 = ( GEOMETRIC_REPRESENTATION_CONTEXT(2) 
PARAMETRIC_REPRESENTATION_CONTEXT() REPRESENTATION_CONTEXT('2D SPACE',''
  ) );
#1931 = PCURVE('',#902,#1932);
#1932 = DEFINITIONAL_REPRESENTATION('',(#1933),#1936);
#1933 = B_SPLINE_CURVE_WITH_KNOTS('',1,(#1934,#1935),.UNSPECIFIED.,.F.,
  .F.,(2,2),(-26.01740983711,-25.42295047959),.PIECEWISE_BEZIER_KNOTS.);
#1934 = CARTESIAN_POINT('',(1.,0.59445935752));
#1935 = CARTESIAN_POINT('',(1.,0.));
#1936 = ( GEOMETRIC_REPRESENTATION_CONTEXT(2) 
PARAMETRIC_REPRESENTATION_CONTEXT() REPRESENTATION_CONTEXT('2D SPACE',''
  ) );
#1937 = ORIENTED_EDGE('',*,*,#1938,.T.);
#1938 = EDGE_CURVE('',#1918,#1939,#1941,.T.);
#1939 = VERTEX_POINT('',#1940);
#1940 = CARTESIAN_POINT('',(37.,-35.,1.));
#1941 = SURFACE_CURVE('',#1942,(#1947,#1954),.PCURVE_S1.);
#1942 = CIRCLE('',#1943,5.);
#1943 = AXIS2_PLACEMENT_3D('',#1944,#1945,#1946);
#1944 = CARTESIAN_POINT('',(32.,-35.,1.));
#1945 = DIRECTION('',(0.,0.,1.));
#1946 = DIRECTION('',(1.,0.,0.));
#1947 = PCURVE('',#72,#1948);
#1948 = DEFINITIONAL_REPRESENTATION('',(#1949),#1953);
#1949 = CIRCLE('',#1950,5.);
#1950 = AXIS2_PLACEMENT_2D('',#1951,#1952);
#1951 = CARTESIAN_POINT('',(32.,-35.));
#1952 = DIRECTION('',(1.,0.));
#1953 = ( GEOMETRIC_REPRESENTATION_CONTEXT(2) 
PARAMETRIC_REPRESENTATION_CONTEXT() REPRESENTATION_CONTEXT('2D SPACE',''
  ) );
#1954 = PCURVE('',#931,#1955);
#1955 = DEFINITIONAL_REPRESENTATION('',(#1956),#1960);
#1956 = LINE('',#1957,#1958);
#1957 = CARTESIAN_POINT('',(-0.,-1.));
#1958 = VECTOR('',#1959,1.);
#1959 = DIRECTION('',(-1.,0.));
#1960 = ( GEOMETRIC_REPRESENTATION_CONTEXT(2) 
PARAMETRIC_REPRESENTATION_CONTEXT() REPRESENTATION_CONTEXT('2D SPACE',''
  ) );
#1961 = ORIENTED_EDGE('',*,*,#1962,.T.);
#1962 = EDGE_CURVE('',#1939,#1963,#1965,.T.);
#1963 = VERTEX_POINT('',#1964);
#1964 = CARTESIAN_POINT('',(37.,35.,1.));
#1965 = SURFACE_CURVE('',#1966,(#1970,#1977),.PCURVE_S1.);
#1966 = LINE('',#1967,#1968);
#1967 = CARTESIAN_POINT('',(37.,0.,1.));
#1968 = VECTOR('',#1969,1.);
#1969 = DIRECTION('',(0.,1.,0.));
#1970 = PCURVE('',#72,#1971);
#1971 = DEFINITIONAL_REPRESENTATION('',(#1972),#1976);
#1972 = LINE('',#1973,#1974);
#1973 = CARTESIAN_POINT('',(37.,0.));
#1974 = VECTOR('',#1975,1.);
#1975 = DIRECTION('',(0.,1.));
#1976 = ( GEOMETRIC_REPRESENTATION_CONTEXT(2) 
PARAMETRIC_REPRESENTATION_CONTEXT() REPRESENTATION_CONTEXT('2D SPACE',''
  ) );
#1977 = PCURVE('',#959,#1978);
#1978 = DEFINITIONAL_REPRESENTATION('',(#1979),#1983);
#1979 = LINE('',#1980,#1981);
#1980 = CARTESIAN_POINT('',(35.,-1.));
#1981 = VECTOR('',#1982,1.);
#1982 = DIRECTION('',(1.,0.));
#1983 = ( GEOMETRIC_REPRESENTATION_CONTEXT(2) 
PARAMETRIC_REPRESENTATION_CONTEXT() REPRESENTATION_CONTEXT('2D SPACE',''
  ) );
#1984 = ORIENTED_EDGE('',*,*,#1985,.T.);
#1985 = EDGE_CURVE('',#1963,#1986,#1988,.T.);
#1986 = VERTEX_POINT('',#1987);
#1987 = CARTESIAN_POINT('',(36.951820117411,35.692443156372,1.));
#1988 = SURFACE_CURVE('',#1989,(#1994,#2001),.PCURVE_S1.);
#1989 = CIRCLE('',#1990,5.);
#1990 = AXIS2_PLACEMENT_3D('',#1991,#1992,#1993);
#1991 = CARTESIAN_POINT('',(32.,35.,1.));
#1992 = DIRECTION('',(0.,0.,1.));
#1993 = DIRECTION('',(1.,0.,0.));
#1994 = PCURVE('',#72,#1995);
#1995 = DEFINITIONAL_REPRESENTATION('',(#1996),#2000);
#1996 = CIRCLE('',#1997,5.);
#1997 = AXIS2_PLACEMENT_2D('',#1998,#1999);
#1998 = CARTESIAN_POINT('',(32.,35.));
#1999 = DIRECTION('',(1.,0.));
#2000 = ( GEOMETRIC_REPRESENTATION_CONTEXT(2) 
PARAMETRIC_REPRESENTATION_CONTEXT() REPRESENTATION_CONTEXT('2D SPACE',''
  ) );
#2001 = PCURVE('',#988,#2002);
#2002 = DEFINITIONAL_REPRESENTATION('',(#2003),#2007);
#2003 = LINE('',#2004,#2005);
#2004 = CARTESIAN_POINT('',(-0.,-1.));
#2005 = VECTOR('',#2006,1.);
#2006 = DIRECTION('',(-1.,0.));
#2007 = ( GEOMETRIC_REPRESENTATION_CONTEXT(2) 
PARAMETRIC_REPRESENTATION_CONTEXT() REPRESENTATION_CONTEXT('2D SPACE',''
  ) );
#2008 = ORIENTED_EDGE('',*,*,#2009,.T.);
#2009 = EDGE_CURVE('',#1986,#2010,#2012,.T.);
#2010 = VERTEX_POINT('',#2011);
#2011 = CARTESIAN_POINT('',(36.569660657826,35.328248457708,1.));
#2012 = SURFACE_CURVE('',#2013,(#2017,#2023),.PCURVE_S1.);
#2013 = LINE('',#2014,#2015);
#2014 = CARTESIAN_POINT('',(18.165550019935,17.789288319889,1.));
#2015 = VECTOR('',#2016,1.);
#2016 = DIRECTION('',(-0.723917180764,-0.689886885942,0.));
#2017 = PCURVE('',#72,#2018);
#2018 = DEFINITIONAL_REPRESENTATION('',(#2019),#2022);
#2019 = B_SPLINE_CURVE_WITH_KNOTS('',1,(#2020,#2021),.UNSPECIFIED.,.F.,
  .F.,(2,2),(-26.01740983711,-25.42295047959),.PIECEWISE_BEZIER_KNOTS.);
#2020 = CARTESIAN_POINT('',(37.,35.738358172686));
#2021 = CARTESIAN_POINT('',(36.569660657826,35.328248457708));
#2022 = ( GEOMETRIC_REPRESENTATION_CONTEXT(2) 
PARAMETRIC_REPRESENTATION_CONTEXT() REPRESENTATION_CONTEXT('2D SPACE',''
  ) );
#2023 = PCURVE('',#1016,#2024);
#2024 = DEFINITIONAL_REPRESENTATION('',(#2025),#2028);
#2025 = B_SPLINE_CURVE_WITH_KNOTS('',1,(#2026,#2027),.UNSPECIFIED.,.F.,
  .F.,(2,2),(-26.01740983711,-25.42295047959),.PIECEWISE_BEZIER_KNOTS.);
#2026 = CARTESIAN_POINT('',(1.,0.59445935752));
#2027 = CARTESIAN_POINT('',(1.,0.));
#2028 = ( GEOMETRIC_REPRESENTATION_CONTEXT(2) 
PARAMETRIC_REPRESENTATION_CONTEXT() REPRESENTATION_CONTEXT('2D SPACE',''
  ) );
#2029 = ORIENTED_EDGE('',*,*,#2030,.T.);
#2030 = EDGE_CURVE('',#2010,#2031,#2033,.T.);
#2031 = VERTEX_POINT('',#2032);
#2032 = CARTESIAN_POINT('',(32.430339342174,39.671751542292,1.));
#2033 = SURFACE_CURVE('',#2034,(#2038,#2044),.PCURVE_S1.);
#2034 = LINE('',#2035,#2036);
#2035 = CARTESIAN_POINT('',(36.688940966803,35.203084366673,1.));
#2036 = VECTOR('',#2037,1.);
#2037 = DIRECTION('',(-0.689886885942,0.723917180764,0.));
#2038 = PCURVE('',#72,#2039);
#2039 = DEFINITIONAL_REPRESENTATION('',(#2040),#2043);
#2040 = B_SPLINE_CURVE_WITH_KNOTS('',1,(#2041,#2042),.UNSPECIFIED.,.F.,
  .F.,(2,2),(0.17289835683,6.17289835683),.PIECEWISE_BEZIER_KNOTS.);
#2041 = CARTESIAN_POINT('',(36.569660657826,35.328248457708));
#2042 = CARTESIAN_POINT('',(32.430339342174,39.671751542292));
#2043 = ( GEOMETRIC_REPRESENTATION_CONTEXT(2) 
PARAMETRIC_REPRESENTATION_CONTEXT() REPRESENTATION_CONTEXT('2D SPACE',''
  ) );
#2044 = PCURVE('',#2045,#2050);
#2045 = PLANE('',#2046);
#2046 = AXIS2_PLACEMENT_3D('',#2047,#2048,#2049);
#2047 = CARTESIAN_POINT('',(36.569660657826,35.328248457708,0.));
#2048 = DIRECTION('',(0.723917180764,0.689886885942,0.));
#2049 = DIRECTION('',(0.,0.,1.));
#2050 = DEFINITIONAL_REPRESENTATION('',(#2051),#2054);
#2051 = B_SPLINE_CURVE_WITH_KNOTS('',1,(#2052,#2053),.UNSPECIFIED.,.F.,
  .F.,(2,2),(0.17289835683,6.17289835683),.PIECEWISE_BEZIER_KNOTS.);
#2052 = CARTESIAN_POINT('',(1.,0.));
#2053 = CARTESIAN_POINT('',(1.,-6.));
#2054 = ( GEOMETRIC_REPRESENTATION_CONTEXT(2) 
PARAMETRIC_REPRESENTATION_CONTEXT() REPRESENTATION_CONTEXT('2D SPACE',''
  ) );
#2055 = ORIENTED_EDGE('',*,*,#2056,.F.);
#2056 = EDGE_CURVE('',#2057,#2031,#2059,.T.);
#2057 = VERTEX_POINT('',#2058);
#2058 = CARTESIAN_POINT('',(32.720084445726,39.947876149523,1.));
#2059 = SURFACE_CURVE('',#2060,(#2064,#2070),.PCURVE_S1.);
#2060 = LINE('',#2061,#2062);
#2061 = CARTESIAN_POINT('',(14.026228704284,22.132791404473,1.));
#2062 = VECTOR('',#2063,1.);
#2063 = DIRECTION('',(-0.723917180764,-0.689886885942,0.));
#2064 = PCURVE('',#72,#2065);
#2065 = DEFINITIONAL_REPRESENTATION('',(#2066),#2069);
#2066 = B_SPLINE_CURVE_WITH_KNOTS('',1,(#2067,#2068),.UNSPECIFIED.,.F.,
  .F.,(2,2),(-25.89875088165,-25.42295047959),.PIECEWISE_BEZIER_KNOTS.);
#2067 = CARTESIAN_POINT('',(32.774779427841,40.));
#2068 = CARTESIAN_POINT('',(32.430339342174,39.671751542292));
#2069 = ( GEOMETRIC_REPRESENTATION_CONTEXT(2) 
PARAMETRIC_REPRESENTATION_CONTEXT() REPRESENTATION_CONTEXT('2D SPACE',''
  ) );
#2070 = PCURVE('',#1523,#2071);
#2071 = DEFINITIONAL_REPRESENTATION('',(#2072),#2075);
#2072 = B_SPLINE_CURVE_WITH_KNOTS('',1,(#2073,#2074),.UNSPECIFIED.,.F.,
  .F.,(2,2),(-25.89875088165,-25.42295047959),.PIECEWISE_BEZIER_KNOTS.);
#2073 = CARTESIAN_POINT('',(1.,0.475800402061));
#2074 = CARTESIAN_POINT('',(1.,0.));
#2075 = ( GEOMETRIC_REPRESENTATION_CONTEXT(2) 
PARAMETRIC_REPRESENTATION_CONTEXT() REPRESENTATION_CONTEXT('2D SPACE',''
  ) );
#2076 = ORIENTED_EDGE('',*,*,#2077,.T.);
#2077 = EDGE_CURVE('',#2057,#2078,#2080,.T.);
#2078 = VERTEX_POINT('',#2079);
#2079 = CARTESIAN_POINT('',(32.,40.,1.));
#2080 = SURFACE_CURVE('',#2081,(#2086,#2093),.PCURVE_S1.);
#2081 = CIRCLE('',#2082,5.);
#2082 = AXIS2_PLACEMENT_3D('',#2083,#2084,#2085);
#2083 = CARTESIAN_POINT('',(32.,35.,1.));
#2084 = DIRECTION('',(0.,0.,1.));
#2085 = DIRECTION('',(1.,0.,0.));
#2086 = PCURVE('',#72,#2087);
#2087 = DEFINITIONAL_REPRESENTATION('',(#2088),#2092);
#2088 = CIRCLE('',#2089,5.);
#2089 = AXIS2_PLACEMENT_2D('',#2090,#2091);
#2090 = CARTESIAN_POINT('',(32.,35.));
#2091 = DIRECTION('',(1.,0.));
#2092 = ( GEOMETRIC_REPRESENTATION_CONTEXT(2) 
PARAMETRIC_REPRESENTATION_CONTEXT() REPRESENTATION_CONTEXT('2D SPACE',''
  ) );
#2093 = PCURVE('',#1552,#2094);
#2094 = DEFINITIONAL_REPRESENTATION('',(#2095),#2099);
#2095 = LINE('',#2096,#2097);
#2096 = CARTESIAN_POINT('',(-0.,-1.));
#2097 = VECTOR('',#2098,1.);
#2098 = DIRECTION('',(-1.,0.));
#2099 = ( GEOMETRIC_REPRESENTATION_CONTEXT(2) 
PARAMETRIC_REPRESENTATION_CONTEXT() REPRESENTATION_CONTEXT('2D SPACE',''
  ) );
#2100 = ORIENTED_EDGE('',*,*,#2101,.F.);
#2101 = EDGE_CURVE('',#2102,#2078,#2104,.T.);
#2102 = VERTEX_POINT('',#2103);
#2103 = CARTESIAN_POINT('',(-32.,40.,1.));
#2104 = SURFACE_CURVE('',#2105,(#2109,#2116),.PCURVE_S1.);
#2105 = LINE('',#2106,#2107);
#2106 = CARTESIAN_POINT('',(0.,40.,1.));
#2107 = VECTOR('',#2108,1.);
#2108 = DIRECTION('',(1.,0.,0.));
#2109 = PCURVE('',#72,#2110);
#2110 = DEFINITIONAL_REPRESENTATION('',(#2111),#2115);
#2111 = LINE('',#2112,#2113);
#2112 = CARTESIAN_POINT('',(0.,40.));
#2113 = VECTOR('',#2114,1.);
#2114 = DIRECTION('',(1.,0.));
#2115 = ( GEOMETRIC_REPRESENTATION_CONTEXT(2) 
PARAMETRIC_REPRESENTATION_CONTEXT() REPRESENTATION_CONTEXT('2D SPACE',''
  ) );
#2116 = PCURVE('',#1580,#2117);
#2117 = DEFINITIONAL_REPRESENTATION('',(#2118),#2122);
#2118 = LINE('',#2119,#2120);
#2119 = CARTESIAN_POINT('',(32.,-1.));
#2120 = VECTOR('',#2121,1.);
#2121 = DIRECTION('',(1.,0.));
#2122 = ( GEOMETRIC_REPRESENTATION_CONTEXT(2) 
PARAMETRIC_REPRESENTATION_CONTEXT() REPRESENTATION_CONTEXT('2D SPACE',''
  ) );
#2123 = ORIENTED_EDGE('',*,*,#2124,.T.);
#2124 = EDGE_CURVE('',#2102,#2125,#2127,.T.);
#2125 = VERTEX_POINT('',#2126);
#2126 = CARTESIAN_POINT('',(-32.72008444572,39.947876149523,1.));
#2127 = SURFACE_CURVE('',#2128,(#2133,#2140),.PCURVE_S1.);
#2128 = CIRCLE('',#2129,5.);
#2129 = AXIS2_PLACEMENT_3D('',#2130,#2131,#2132);
#2130 = CARTESIAN_POINT('',(-32.,35.,1.));
#2131 = DIRECTION('',(0.,0.,1.));
#2132 = DIRECTION('',(1.,0.,0.));
#2133 = PCURVE('',#72,#2134);
#2134 = DEFINITIONAL_REPRESENTATION('',(#2135),#2139);
#2135 = CIRCLE('',#2136,5.);
#2136 = AXIS2_PLACEMENT_2D('',#2137,#2138);
#2137 = CARTESIAN_POINT('',(-32.,35.));
#2138 = DIRECTION('',(1.,0.));
#2139 = ( GEOMETRIC_REPRESENTATION_CONTEXT(2) 
PARAMETRIC_REPRESENTATION_CONTEXT() REPRESENTATION_CONTEXT('2D SPACE',''
  ) );
#2140 = PCURVE('',#1609,#2141);
#2141 = DEFINITIONAL_REPRESENTATION('',(#2142),#2146);
#2142 = LINE('',#2143,#2144);
#2143 = CARTESIAN_POINT('',(-0.,-1.));
#2144 = VECTOR('',#2145,1.);
#2145 = DIRECTION('',(-1.,0.));
#2146 = ( GEOMETRIC_REPRESENTATION_CONTEXT(2) 
PARAMETRIC_REPRESENTATION_CONTEXT() REPRESENTATION_CONTEXT('2D SPACE',''
  ) );
#2147 = ORIENTED_EDGE('',*,*,#2148,.T.);
#2148 = EDGE_CURVE('',#2125,#2149,#2151,.T.);
#2149 = VERTEX_POINT('',#2150);
#2150 = CARTESIAN_POINT('',(-32.43033934217,39.671751542292,1.));
#2151 = SURFACE_CURVE('',#2152,(#2156,#2162),.PCURVE_S1.);
#2152 = LINE('',#2153,#2154);
#2153 = CARTESIAN_POINT('',(-14.02622870428,22.132791404473,1.));
#2154 = VECTOR('',#2155,1.);
#2155 = DIRECTION('',(0.723917180764,-0.689886885942,0.));
#2156 = PCURVE('',#72,#2157);
#2157 = DEFINITIONAL_REPRESENTATION('',(#2158),#2161);
#2158 = B_SPLINE_CURVE_WITH_KNOTS('',1,(#2159,#2160),.UNSPECIFIED.,.F.,
  .F.,(2,2),(-25.89875088165,-25.42295047959),.PIECEWISE_BEZIER_KNOTS.);
#2159 = CARTESIAN_POINT('',(-32.77477942784,40.));
#2160 = CARTESIAN_POINT('',(-32.43033934217,39.671751542292));
#2161 = ( GEOMETRIC_REPRESENTATION_CONTEXT(2) 
PARAMETRIC_REPRESENTATION_CONTEXT() REPRESENTATION_CONTEXT('2D SPACE',''
  ) );
#2162 = PCURVE('',#1637,#2163);
#2163 = DEFINITIONAL_REPRESENTATION('',(#2164),#2167);
#2164 = B_SPLINE_CURVE_WITH_KNOTS('',1,(#2165,#2166),.UNSPECIFIED.,.F.,
  .F.,(2,2),(-25.89875088165,-25.42295047959),.PIECEWISE_BEZIER_KNOTS.);
#2165 = CARTESIAN_POINT('',(1.,0.475800402061));
#2166 = CARTESIAN_POINT('',(1.,0.));
#2167 = ( GEOMETRIC_REPRESENTATION_CONTEXT(2) 
PARAMETRIC_REPRESENTATION_CONTEXT() REPRESENTATION_CONTEXT('2D SPACE',''
  ) );
#2168 = ORIENTED_EDGE('',*,*,#2169,.T.);
#2169 = EDGE_CURVE('',#2149,#2170,#2172,.T.);
#2170 = VERTEX_POINT('',#2171);
#2171 = CARTESIAN_POINT('',(-36.56966065782,35.328248457708,1.));
#2172 = SURFACE_CURVE('',#2173,(#2177,#2183),.PCURVE_S1.);
#2173 = LINE('',#2174,#2175);
#2174 = CARTESIAN_POINT('',(-34.61928030897,37.374835908965,1.));
#2175 = VECTOR('',#2176,1.);
#2176 = DIRECTION('',(-0.689886885942,-0.723917180764,0.));
#2177 = PCURVE('',#72,#2178);
#2178 = DEFINITIONAL_REPRESENTATION('',(#2179),#2182);
#2179 = B_SPLINE_CURVE_WITH_KNOTS('',1,(#2180,#2181),.UNSPECIFIED.,.F.,
  .F.,(2,2),(-3.17289835683,2.82710164317),.PIECEWISE_BEZIER_KNOTS.);
#2180 = CARTESIAN_POINT('',(-32.43033934217,39.671751542292));
#2181 = CARTESIAN_POINT('',(-36.56966065782,35.328248457708));
#2182 = ( GEOMETRIC_REPRESENTATION_CONTEXT(2) 
PARAMETRIC_REPRESENTATION_CONTEXT() REPRESENTATION_CONTEXT('2D SPACE',''
  ) );
#2183 = PCURVE('',#2184,#2189);
#2184 = PLANE('',#2185);
#2185 = AXIS2_PLACEMENT_3D('',#2186,#2187,#2188);
#2186 = CARTESIAN_POINT('',(-32.43033934217,39.671751542292,0.));
#2187 = DIRECTION('',(-0.723917180764,0.689886885942,0.));
#2188 = DIRECTION('',(0.,0.,1.));
#2189 = DEFINITIONAL_REPRESENTATION('',(#2190),#2193);
#2190 = B_SPLINE_CURVE_WITH_KNOTS('',1,(#2191,#2192),.UNSPECIFIED.,.F.,
  .F.,(2,2),(-3.17289835683,2.82710164317),.PIECEWISE_BEZIER_KNOTS.);
#2191 = CARTESIAN_POINT('',(1.,0.));
#2192 = CARTESIAN_POINT('',(1.,-6.));
#2193 = ( GEOMETRIC_REPRESENTATION_CONTEXT(2) 
PARAMETRIC_REPRESENTATION_CONTEXT() REPRESENTATION_CONTEXT('2D SPACE',''
  ) );
#2194 = ORIENTED_EDGE('',*,*,#2195,.F.);
#2195 = EDGE_CURVE('',#242,#2170,#2196,.T.);
#2196 = SURFACE_CURVE('',#2197,(#2201,#2207),.PCURVE_S1.);
#2197 = LINE('',#2198,#2199);
#2198 = CARTESIAN_POINT('',(-18.16555001993,17.789288319889,1.));
#2199 = VECTOR('',#2200,1.);
#2200 = DIRECTION('',(0.723917180764,-0.689886885942,0.));
#2201 = PCURVE('',#72,#2202);
#2202 = DEFINITIONAL_REPRESENTATION('',(#2203),#2206);
#2203 = B_SPLINE_CURVE_WITH_KNOTS('',1,(#2204,#2205),.UNSPECIFIED.,.F.,
  .F.,(2,2),(-26.01740983711,-25.42295047959),.PIECEWISE_BEZIER_KNOTS.);
#2204 = CARTESIAN_POINT('',(-37.,35.738358172686));
#2205 = CARTESIAN_POINT('',(-36.56966065782,35.328248457708));
#2206 = ( GEOMETRIC_REPRESENTATION_CONTEXT(2) 
PARAMETRIC_REPRESENTATION_CONTEXT() REPRESENTATION_CONTEXT('2D SPACE',''
  ) );
#2207 = PCURVE('',#256,#2208);
#2208 = DEFINITIONAL_REPRESENTATION('',(#2209),#2212);
#2209 = B_SPLINE_CURVE_WITH_KNOTS('',1,(#2210,#2211),.UNSPECIFIED.,.F.,
  .F.,(2,2),(-26.01740983711,-25.42295047959),.PIECEWISE_BEZIER_KNOTS.);
#2210 = CARTESIAN_POINT('',(1.,0.59445935752));
#2211 = CARTESIAN_POINT('',(1.,0.));
#2212 = ( GEOMETRIC_REPRESENTATION_CONTEXT(2) 
PARAMETRIC_REPRESENTATION_CONTEXT() REPRESENTATION_CONTEXT('2D SPACE',''
  ) );
#2213 = ORIENTED_EDGE('',*,*,#267,.T.);
#2214 = ADVANCED_FACE('',(#2215),#203,.F.);
#2215 = FACE_BOUND('',#2216,.F.);
#2216 = EDGE_LOOP('',(#2217,#2218,#2219,#2220,#2243,#2271));
#2217 = ORIENTED_EDGE('',*,*,#1204,.F.);
#2218 = ORIENTED_EDGE('',*,*,#190,.F.);
#2219 = ORIENTED_EDGE('',*,*,#1731,.T.);
#2220 = ORIENTED_EDGE('',*,*,#2221,.T.);
#2221 = EDGE_CURVE('',#1732,#2222,#2224,.T.);
#2222 = VERTEX_POINT('',#2223);
#2223 = CARTESIAN_POINT('',(-36.56966065782,-35.3282484577,1.4));
#2224 = SURFACE_CURVE('',#2225,(#2229,#2236),.PCURVE_S1.);
#2225 = LINE('',#2226,#2227);
#2226 = CARTESIAN_POINT('',(-36.56966065782,-35.3282484577,0.));
#2227 = VECTOR('',#2228,1.);
#2228 = DIRECTION('',(0.,0.,1.));
#2229 = PCURVE('',#203,#2230);
#2230 = DEFINITIONAL_REPRESENTATION('',(#2231),#2235);
#2231 = LINE('',#2232,#2233);
#2232 = CARTESIAN_POINT('',(0.,0.));
#2233 = VECTOR('',#2234,1.);
#2234 = DIRECTION('',(1.,0.));
#2235 = ( GEOMETRIC_REPRESENTATION_CONTEXT(2) 
PARAMETRIC_REPRESENTATION_CONTEXT() REPRESENTATION_CONTEXT('2D SPACE',''
  ) );
#2236 = PCURVE('',#1767,#2237);
#2237 = DEFINITIONAL_REPRESENTATION('',(#2238),#2242);
#2238 = LINE('',#2239,#2240);
#2239 = CARTESIAN_POINT('',(0.,0.));
#2240 = VECTOR('',#2241,1.);
#2241 = DIRECTION('',(1.,0.));
#2242 = ( GEOMETRIC_REPRESENTATION_CONTEXT(2) 
PARAMETRIC_REPRESENTATION_CONTEXT() REPRESENTATION_CONTEXT('2D SPACE',''
  ) );
#2243 = ORIENTED_EDGE('',*,*,#2244,.T.);
#2244 = EDGE_CURVE('',#2222,#2245,#2247,.T.);
#2245 = VERTEX_POINT('',#2246);
#2246 = CARTESIAN_POINT('',(-46.9646004006,-45.23453718694,1.4));
#2247 = SURFACE_CURVE('',#2248,(#2252,#2259),.PCURVE_S1.);
#2248 = LINE('',#2249,#2250);
#2249 = CARTESIAN_POINT('',(-36.56966065782,-35.3282484577,1.4));
#2250 = VECTOR('',#2251,1.);
#2251 = DIRECTION('',(-0.723917180764,-0.689886885942,0.));
#2252 = PCURVE('',#203,#2253);
#2253 = DEFINITIONAL_REPRESENTATION('',(#2254),#2258);
#2254 = LINE('',#2255,#2256);
#2255 = CARTESIAN_POINT('',(1.4,0.));
#2256 = VECTOR('',#2257,1.);
#2257 = DIRECTION('',(0.,1.));
#2258 = ( GEOMETRIC_REPRESENTATION_CONTEXT(2) 
PARAMETRIC_REPRESENTATION_CONTEXT() REPRESENTATION_CONTEXT('2D SPACE',''
  ) );
#2259 = PCURVE('',#2260,#2265);
#2260 = PLANE('',#2261);
#2261 = AXIS2_PLACEMENT_3D('',#2262,#2263,#2264);
#2262 = CARTESIAN_POINT('',(-36.56966065782,-35.3282484577,1.4));
#2263 = DIRECTION('',(0.,0.,1.));
#2264 = DIRECTION('',(-0.723917180764,-0.689886885942,0.));
#2265 = DEFINITIONAL_REPRESENTATION('',(#2266),#2270);
#2266 = LINE('',#2267,#2268);
#2267 = CARTESIAN_POINT('',(0.,0.));
#2268 = VECTOR('',#2269,1.);
#2269 = DIRECTION('',(1.,0.));
#2270 = ( GEOMETRIC_REPRESENTATION_CONTEXT(2) 
PARAMETRIC_REPRESENTATION_CONTEXT() REPRESENTATION_CONTEXT('2D SPACE',''
  ) );
#2271 = ORIENTED_EDGE('',*,*,#2272,.T.);
#2272 = EDGE_CURVE('',#2245,#1205,#2273,.T.);
#2273 = SURFACE_CURVE('',#2274,(#2278,#2284),.PCURVE_S1.);
#2274 = LINE('',#2275,#2276);
#2275 = CARTESIAN_POINT('',(-46.9646004006,-45.23453718694,0.));
#2276 = VECTOR('',#2277,1.);
#2277 = DIRECTION('',(-0.,-0.,-1.));
#2278 = PCURVE('',#203,#2279);
#2279 = DEFINITIONAL_REPRESENTATION('',(#2280),#2283);
#2280 = B_SPLINE_CURVE_WITH_KNOTS('',1,(#2281,#2282),.UNSPECIFIED.,.F.,
  .F.,(2,2),(-1.54,6.E-07),.PIECEWISE_BEZIER_KNOTS.);
#2281 = CARTESIAN_POINT('',(1.54,14.35929415546));
#2282 = CARTESIAN_POINT('',(-6.E-07,14.35929415546));
#2283 = ( GEOMETRIC_REPRESENTATION_CONTEXT(2) 
PARAMETRIC_REPRESENTATION_CONTEXT() REPRESENTATION_CONTEXT('2D SPACE',''
  ) );
#2284 = PCURVE('',#570,#2285);
#2285 = DEFINITIONAL_REPRESENTATION('',(#2286),#2289);
#2286 = B_SPLINE_CURVE_WITH_KNOTS('',1,(#2287,#2288),.UNSPECIFIED.,.F.,
  .F.,(2,2),(-1.54,6.E-07),.PIECEWISE_BEZIER_KNOTS.);
#2287 = CARTESIAN_POINT('',(-1.791029589189,-1.54));
#2288 = CARTESIAN_POINT('',(-1.791029589189,6.E-07));
#2289 = ( GEOMETRIC_REPRESENTATION_CONTEXT(2) 
PARAMETRIC_REPRESENTATION_CONTEXT() REPRESENTATION_CONTEXT('2D SPACE',''
  ) );
#2290 = ADVANCED_FACE('',(#2291),#256,.T.);
#2291 = FACE_BOUND('',#2292,.T.);
#2292 = EDGE_LOOP('',(#2293,#2294,#2295,#2296,#2319,#2347));
#2293 = ORIENTED_EDGE('',*,*,#1429,.F.);
#2294 = ORIENTED_EDGE('',*,*,#241,.F.);
#2295 = ORIENTED_EDGE('',*,*,#2195,.T.);
#2296 = ORIENTED_EDGE('',*,*,#2297,.T.);
#2297 = EDGE_CURVE('',#2170,#2298,#2300,.T.);
#2298 = VERTEX_POINT('',#2299);
#2299 = CARTESIAN_POINT('',(-36.56966065782,35.328248457708,1.4));
#2300 = SURFACE_CURVE('',#2301,(#2305,#2312),.PCURVE_S1.);
#2301 = LINE('',#2302,#2303);
#2302 = CARTESIAN_POINT('',(-36.56966065782,35.328248457708,0.));
#2303 = VECTOR('',#2304,1.);
#2304 = DIRECTION('',(0.,0.,1.));
#2305 = PCURVE('',#256,#2306);
#2306 = DEFINITIONAL_REPRESENTATION('',(#2307),#2311);
#2307 = LINE('',#2308,#2309);
#2308 = CARTESIAN_POINT('',(0.,0.));
#2309 = VECTOR('',#2310,1.);
#2310 = DIRECTION('',(1.,0.));
#2311 = ( GEOMETRIC_REPRESENTATION_CONTEXT(2) 
PARAMETRIC_REPRESENTATION_CONTEXT() REPRESENTATION_CONTEXT('2D SPACE',''
  ) );
#2312 = PCURVE('',#2184,#2313);
#2313 = DEFINITIONAL_REPRESENTATION('',(#2314),#2318);
#2314 = LINE('',#2315,#2316);
#2315 = CARTESIAN_POINT('',(0.,-6.));
#2316 = VECTOR('',#2317,1.);
#2317 = DIRECTION('',(1.,0.));
#2318 = ( GEOMETRIC_REPRESENTATION_CONTEXT(2) 
PARAMETRIC_REPRESENTATION_CONTEXT() REPRESENTATION_CONTEXT('2D SPACE',''
  ) );
#2319 = ORIENTED_EDGE('',*,*,#2320,.T.);
#2320 = EDGE_CURVE('',#2298,#2321,#2323,.T.);
#2321 = VERTEX_POINT('',#2322);
#2322 = CARTESIAN_POINT('',(-46.9646004006,45.234537186941,1.4));
#2323 = SURFACE_CURVE('',#2324,(#2328,#2335),.PCURVE_S1.);
#2324 = LINE('',#2325,#2326);
#2325 = CARTESIAN_POINT('',(-36.56966065782,35.328248457708,1.4));
#2326 = VECTOR('',#2327,1.);
#2327 = DIRECTION('',(-0.723917180764,0.689886885942,0.));
#2328 = PCURVE('',#256,#2329);
#2329 = DEFINITIONAL_REPRESENTATION('',(#2330),#2334);
#2330 = LINE('',#2331,#2332);
#2331 = CARTESIAN_POINT('',(1.4,0.));
#2332 = VECTOR('',#2333,1.);
#2333 = DIRECTION('',(0.,1.));
#2334 = ( GEOMETRIC_REPRESENTATION_CONTEXT(2) 
PARAMETRIC_REPRESENTATION_CONTEXT() REPRESENTATION_CONTEXT('2D SPACE',''
  ) );
#2335 = PCURVE('',#2336,#2341);
#2336 = PLANE('',#2337);
#2337 = AXIS2_PLACEMENT_3D('',#2338,#2339,#2340);
#2338 = CARTESIAN_POINT('',(-32.43033934217,39.671751542292,1.4));
#2339 = DIRECTION('',(0.,0.,1.));
#2340 = DIRECTION('',(-0.723917180764,0.689886885942,0.));
#2341 = DEFINITIONAL_REPRESENTATION('',(#2342),#2346);
#2342 = LINE('',#2343,#2344);
#2343 = CARTESIAN_POINT('',(0.,6.));
#2344 = VECTOR('',#2345,1.);
#2345 = DIRECTION('',(1.,0.));
#2346 = ( GEOMETRIC_REPRESENTATION_CONTEXT(2) 
PARAMETRIC_REPRESENTATION_CONTEXT() REPRESENTATION_CONTEXT('2D SPACE',''
  ) );
#2347 = ORIENTED_EDGE('',*,*,#2348,.T.);
#2348 = EDGE_CURVE('',#2321,#1401,#2349,.T.);
#2349 = SURFACE_CURVE('',#2350,(#2354,#2360),.PCURVE_S1.);
#2350 = LINE('',#2351,#2352);
#2351 = CARTESIAN_POINT('',(-46.9646004006,45.234537186941,0.));
#2352 = VECTOR('',#2353,1.);
#2353 = DIRECTION('',(-0.,-0.,-1.));
#2354 = PCURVE('',#256,#2355);
#2355 = DEFINITIONAL_REPRESENTATION('',(#2356),#2359);
#2356 = B_SPLINE_CURVE_WITH_KNOTS('',1,(#2357,#2358),.UNSPECIFIED.,.F.,
  .F.,(2,2),(-1.54,6.E-07),.PIECEWISE_BEZIER_KNOTS.);
#2357 = CARTESIAN_POINT('',(1.54,14.35929415546));
#2358 = CARTESIAN_POINT('',(-6.E-07,14.35929415546));
#2359 = ( GEOMETRIC_REPRESENTATION_CONTEXT(2) 
PARAMETRIC_REPRESENTATION_CONTEXT() REPRESENTATION_CONTEXT('2D SPACE',''
  ) );
#2360 = PCURVE('',#1417,#2361);
#2361 = DEFINITIONAL_REPRESENTATION('',(#2362),#2365);
#2362 = B_SPLINE_CURVE_WITH_KNOTS('',1,(#2363,#2364),.UNSPECIFIED.,.F.,
  .F.,(2,2),(-1.54,6.E-07),.PIECEWISE_BEZIER_KNOTS.);
#2363 = CARTESIAN_POINT('',(-4.492155717991,-1.54));
#2364 = CARTESIAN_POINT('',(-4.492155717991,6.E-07));
#2365 = ( GEOMETRIC_REPRESENTATION_CONTEXT(2) 
PARAMETRIC_REPRESENTATION_CONTEXT() REPRESENTATION_CONTEXT('2D SPACE',''
  ) );
#2366 = ADVANCED_FACE('',(#2367),#311,.T.);
#2367 = FACE_BOUND('',#2368,.T.);
#2368 = EDGE_LOOP('',(#2369,#2392,#2420,#2441));
#2369 = ORIENTED_EDGE('',*,*,#2370,.T.);
#2370 = EDGE_CURVE('',#294,#2371,#2373,.T.);
#2371 = VERTEX_POINT('',#2372);
#2372 = CARTESIAN_POINT('',(-53.5,-48.5,1.4));
#2373 = SURFACE_CURVE('',#2374,(#2378,#2385),.PCURVE_S1.);
#2374 = LINE('',#2375,#2376);
#2375 = CARTESIAN_POINT('',(-53.5,-48.5,0.));
#2376 = VECTOR('',#2377,1.);
#2377 = DIRECTION('',(0.,0.,1.));
#2378 = PCURVE('',#311,#2379);
#2379 = DEFINITIONAL_REPRESENTATION('',(#2380),#2384);
#2380 = LINE('',#2381,#2382);
#2381 = CARTESIAN_POINT('',(0.,0.));
#2382 = VECTOR('',#2383,1.);
#2383 = DIRECTION('',(0.,-1.));
#2384 = ( GEOMETRIC_REPRESENTATION_CONTEXT(2) 
PARAMETRIC_REPRESENTATION_CONTEXT() REPRESENTATION_CONTEXT('2D SPACE',''
  ) );
#2385 = PCURVE('',#340,#2386);
#2386 = DEFINITIONAL_REPRESENTATION('',(#2387),#2391);
#2387 = LINE('',#2388,#2389);
#2388 = CARTESIAN_POINT('',(-3.14159265359,0.));
#2389 = VECTOR('',#2390,1.);
#2390 = DIRECTION('',(-0.,-1.));
#2391 = ( GEOMETRIC_REPRESENTATION_CONTEXT(2) 
PARAMETRIC_REPRESENTATION_CONTEXT() REPRESENTATION_CONTEXT('2D SPACE',''
  ) );
#2392 = ORIENTED_EDGE('',*,*,#2393,.T.);
#2393 = EDGE_CURVE('',#2371,#2394,#2396,.T.);
#2394 = VERTEX_POINT('',#2395);
#2395 = CARTESIAN_POINT('',(-53.5,48.5,1.4));
#2396 = SURFACE_CURVE('',#2397,(#2401,#2408),.PCURVE_S1.);
#2397 = LINE('',#2398,#2399);
#2398 = CARTESIAN_POINT('',(-53.5,0.,1.4));
#2399 = VECTOR('',#2400,1.);
#2400 = DIRECTION('',(0.,1.,0.));
#2401 = PCURVE('',#311,#2402);
#2402 = DEFINITIONAL_REPRESENTATION('',(#2403),#2407);
#2403 = LINE('',#2404,#2405);
#2404 = CARTESIAN_POINT('',(48.5,-1.4));
#2405 = VECTOR('',#2406,1.);
#2406 = DIRECTION('',(1.,0.));
#2407 = ( GEOMETRIC_REPRESENTATION_CONTEXT(2) 
PARAMETRIC_REPRESENTATION_CONTEXT() REPRESENTATION_CONTEXT('2D SPACE',''
  ) );
#2408 = PCURVE('',#2409,#2414);
#2409 = PLANE('',#2410);
#2410 = AXIS2_PLACEMENT_3D('',#2411,#2412,#2413);
#2411 = CARTESIAN_POINT('',(-36.56966065782,-35.3282484577,1.4));
#2412 = DIRECTION('',(0.,0.,1.));
#2413 = DIRECTION('',(-0.723917180764,-0.689886885942,0.));
#2414 = DEFINITIONAL_REPRESENTATION('',(#2415),#2419);
#2415 = LINE('',#2416,#2417);
#2416 = CARTESIAN_POINT('',(-12.1163317883,-37.25474511154));
#2417 = VECTOR('',#2418,1.);
#2418 = DIRECTION('',(-0.689886885942,-0.723917180764));
#2419 = ( GEOMETRIC_REPRESENTATION_CONTEXT(2) 
PARAMETRIC_REPRESENTATION_CONTEXT() REPRESENTATION_CONTEXT('2D SPACE',''
  ) );
#2420 = ORIENTED_EDGE('',*,*,#2421,.F.);
#2421 = EDGE_CURVE('',#296,#2394,#2422,.T.);
#2422 = SURFACE_CURVE('',#2423,(#2427,#2434),.PCURVE_S1.);
#2423 = LINE('',#2424,#2425);
#2424 = CARTESIAN_POINT('',(-53.5,48.5,0.));
#2425 = VECTOR('',#2426,1.);
#2426 = DIRECTION('',(0.,0.,1.));
#2427 = PCURVE('',#311,#2428);
#2428 = DEFINITIONAL_REPRESENTATION('',(#2429),#2433);
#2429 = LINE('',#2430,#2431);
#2430 = CARTESIAN_POINT('',(97.,0.));
#2431 = VECTOR('',#2432,1.);
#2432 = DIRECTION('',(0.,-1.));
#2433 = ( GEOMETRIC_REPRESENTATION_CONTEXT(2) 
PARAMETRIC_REPRESENTATION_CONTEXT() REPRESENTATION_CONTEXT('2D SPACE',''
  ) );
#2434 = PCURVE('',#509,#2435);
#2435 = DEFINITIONAL_REPRESENTATION('',(#2436),#2440);
#2436 = LINE('',#2437,#2438);
#2437 = CARTESIAN_POINT('',(-3.14159265359,0.));
#2438 = VECTOR('',#2439,1.);
#2439 = DIRECTION('',(-0.,-1.));
#2440 = ( GEOMETRIC_REPRESENTATION_CONTEXT(2) 
PARAMETRIC_REPRESENTATION_CONTEXT() REPRESENTATION_CONTEXT('2D SPACE',''
  ) );
#2441 = ORIENTED_EDGE('',*,*,#293,.F.);
#2442 = ADVANCED_FACE('',(#2443),#340,.T.);
#2443 = FACE_BOUND('',#2444,.F.);
#2444 = EDGE_LOOP('',(#2445,#2446,#2470,#2491));
#2445 = ORIENTED_EDGE('',*,*,#2370,.T.);
#2446 = ORIENTED_EDGE('',*,*,#2447,.T.);
#2447 = EDGE_CURVE('',#2371,#2448,#2450,.T.);
#2448 = VERTEX_POINT('',#2449);
#2449 = CARTESIAN_POINT('',(-47.,-55.,1.4));
#2450 = SURFACE_CURVE('',#2451,(#2456,#2463),.PCURVE_S1.);
#2451 = CIRCLE('',#2452,6.5);
#2452 = AXIS2_PLACEMENT_3D('',#2453,#2454,#2455);
#2453 = CARTESIAN_POINT('',(-47.,-48.5,1.4));
#2454 = DIRECTION('',(0.,0.,1.));
#2455 = DIRECTION('',(1.,0.,0.));
#2456 = PCURVE('',#340,#2457);
#2457 = DEFINITIONAL_REPRESENTATION('',(#2458),#2462);
#2458 = LINE('',#2459,#2460);
#2459 = CARTESIAN_POINT('',(-0.,-1.4));
#2460 = VECTOR('',#2461,1.);
#2461 = DIRECTION('',(-1.,0.));
#2462 = ( GEOMETRIC_REPRESENTATION_CONTEXT(2) 
PARAMETRIC_REPRESENTATION_CONTEXT() REPRESENTATION_CONTEXT('2D SPACE',''
  ) );
#2463 = PCURVE('',#2409,#2464);
#2464 = DEFINITIONAL_REPRESENTATION('',(#2465),#2469);
#2465 = CIRCLE('',#2466,6.5);
#2466 = AXIS2_PLACEMENT_2D('',#2467,#2468);
#2467 = CARTESIAN_POINT('',(16.637720504912,2.339502914132));
#2468 = DIRECTION('',(-0.723917180764,0.689886885942));
#2469 = ( GEOMETRIC_REPRESENTATION_CONTEXT(2) 
PARAMETRIC_REPRESENTATION_CONTEXT() REPRESENTATION_CONTEXT('2D SPACE',''
  ) );
#2470 = ORIENTED_EDGE('',*,*,#2471,.F.);
#2471 = EDGE_CURVE('',#324,#2448,#2472,.T.);
#2472 = SURFACE_CURVE('',#2473,(#2477,#2484),.PCURVE_S1.);
#2473 = LINE('',#2474,#2475);
#2474 = CARTESIAN_POINT('',(-47.,-55.,0.));
#2475 = VECTOR('',#2476,1.);
#2476 = DIRECTION('',(0.,0.,1.));
#2477 = PCURVE('',#340,#2478);
#2478 = DEFINITIONAL_REPRESENTATION('',(#2479),#2483);
#2479 = LINE('',#2480,#2481);
#2480 = CARTESIAN_POINT('',(-4.712388980385,0.));
#2481 = VECTOR('',#2482,1.);
#2482 = DIRECTION('',(-0.,-1.));
#2483 = ( GEOMETRIC_REPRESENTATION_CONTEXT(2) 
PARAMETRIC_REPRESENTATION_CONTEXT() REPRESENTATION_CONTEXT('2D SPACE',''
  ) );
#2484 = PCURVE('',#368,#2485);
#2485 = DEFINITIONAL_REPRESENTATION('',(#2486),#2490);
#2486 = LINE('',#2487,#2488);
#2487 = CARTESIAN_POINT('',(0.,0.));
#2488 = VECTOR('',#2489,1.);
#2489 = DIRECTION('',(0.,-1.));
#2490 = ( GEOMETRIC_REPRESENTATION_CONTEXT(2) 
PARAMETRIC_REPRESENTATION_CONTEXT() REPRESENTATION_CONTEXT('2D SPACE',''
  ) );
#2491 = ORIENTED_EDGE('',*,*,#323,.F.);
#2492 = ADVANCED_FACE('',(#2493,#2648),#368,.F.);
#2493 = FACE_BOUND('',#2494,.F.);
#2494 = EDGE_LOOP('',(#2495,#2496,#2519,#2547,#2575,#2603,#2626,#2647));
#2495 = ORIENTED_EDGE('',*,*,#2471,.T.);
#2496 = ORIENTED_EDGE('',*,*,#2497,.T.);
#2497 = EDGE_CURVE('',#2448,#2498,#2500,.T.);
#2498 = VERTEX_POINT('',#2499);
#2499 = CARTESIAN_POINT('',(-28.,-55.,1.4));
#2500 = SURFACE_CURVE('',#2501,(#2505,#2512),.PCURVE_S1.);
#2501 = LINE('',#2502,#2503);
#2502 = CARTESIAN_POINT('',(0.,-55.,1.4));
#2503 = VECTOR('',#2504,1.);
#2504 = DIRECTION('',(1.,0.,0.));
#2505 = PCURVE('',#368,#2506);
#2506 = DEFINITIONAL_REPRESENTATION('',(#2507),#2511);
#2507 = LINE('',#2508,#2509);
#2508 = CARTESIAN_POINT('',(47.,-1.4));
#2509 = VECTOR('',#2510,1.);
#2510 = DIRECTION('',(1.,0.));
#2511 = ( GEOMETRIC_REPRESENTATION_CONTEXT(2) 
PARAMETRIC_REPRESENTATION_CONTEXT() REPRESENTATION_CONTEXT('2D SPACE',''
  ) );
#2512 = PCURVE('',#2409,#2513);
#2513 = DEFINITIONAL_REPRESENTATION('',(#2514),#2518);
#2514 = LINE('',#2515,#2516);
#2515 = CARTESIAN_POINT('',(-12.90212223237,39.469648228366));
#2516 = VECTOR('',#2517,1.);
#2517 = DIRECTION('',(-0.723917180764,0.689886885942));
#2518 = ( GEOMETRIC_REPRESENTATION_CONTEXT(2) 
PARAMETRIC_REPRESENTATION_CONTEXT() REPRESENTATION_CONTEXT('2D SPACE',''
  ) );
#2519 = ORIENTED_EDGE('',*,*,#2520,.T.);
#2520 = EDGE_CURVE('',#2498,#2521,#2523,.T.);
#2521 = VERTEX_POINT('',#2522);
#2522 = CARTESIAN_POINT('',(-28.,-55.,10.3));
#2523 = SURFACE_CURVE('',#2524,(#2528,#2535),.PCURVE_S1.);
#2524 = LINE('',#2525,#2526);
#2525 = CARTESIAN_POINT('',(-28.,-55.,1.4));
#2526 = VECTOR('',#2527,1.);
#2527 = DIRECTION('',(0.,0.,1.));
#2528 = PCURVE('',#368,#2529);
#2529 = DEFINITIONAL_REPRESENTATION('',(#2530),#2534);
#2530 = LINE('',#2531,#2532);
#2531 = CARTESIAN_POINT('',(19.,-1.4));
#2532 = VECTOR('',#2533,1.);
#2533 = DIRECTION('',(0.,-1.));
#2534 = ( GEOMETRIC_REPRESENTATION_CONTEXT(2) 
PARAMETRIC_REPRESENTATION_CONTEXT() REPRESENTATION_CONTEXT('2D SPACE',''
  ) );
#2535 = PCURVE('',#2536,#2541);
#2536 = PLANE('',#2537);
#2537 = AXIS2_PLACEMENT_3D('',#2538,#2539,#2540);
#2538 = CARTESIAN_POINT('',(-28.,-55.,1.4));
#2539 = DIRECTION('',(1.,0.,0.));
#2540 = DIRECTION('',(0.,0.,1.));
#2541 = DEFINITIONAL_REPRESENTATION('',(#2542),#2546);
#2542 = LINE('',#2543,#2544);
#2543 = CARTESIAN_POINT('',(0.,0.));
#2544 = VECTOR('',#2545,1.);
#2545 = DIRECTION('',(1.,0.));
#2546 = ( GEOMETRIC_REPRESENTATION_CONTEXT(2) 
PARAMETRIC_REPRESENTATION_CONTEXT() REPRESENTATION_CONTEXT('2D SPACE',''
  ) );
#2547 = ORIENTED_EDGE('',*,*,#2548,.T.);
#2548 = EDGE_CURVE('',#2521,#2549,#2551,.T.);
#2549 = VERTEX_POINT('',#2550);
#2550 = CARTESIAN_POINT('',(-8.,-55.,10.3));
#2551 = SURFACE_CURVE('',#2552,(#2556,#2563),.PCURVE_S1.);
#2552 = LINE('',#2553,#2554);
#2553 = CARTESIAN_POINT('',(-28.,-55.,10.3));
#2554 = VECTOR('',#2555,1.);
#2555 = DIRECTION('',(1.,0.,0.));
#2556 = PCURVE('',#368,#2557);
#2557 = DEFINITIONAL_REPRESENTATION('',(#2558),#2562);
#2558 = LINE('',#2559,#2560);
#2559 = CARTESIAN_POINT('',(19.,-10.3));
#2560 = VECTOR('',#2561,1.);
#2561 = DIRECTION('',(1.,0.));
#2562 = ( GEOMETRIC_REPRESENTATION_CONTEXT(2) 
PARAMETRIC_REPRESENTATION_CONTEXT() REPRESENTATION_CONTEXT('2D SPACE',''
  ) );
#2563 = PCURVE('',#2564,#2569);
#2564 = PLANE('',#2565);
#2565 = AXIS2_PLACEMENT_3D('',#2566,#2567,#2568);
#2566 = CARTESIAN_POINT('',(-28.,-55.,10.3));
#2567 = DIRECTION('',(0.,0.,1.));
#2568 = DIRECTION('',(1.,0.,0.));
#2569 = DEFINITIONAL_REPRESENTATION('',(#2570),#2574);
#2570 = LINE('',#2571,#2572);
#2571 = CARTESIAN_POINT('',(0.,0.));
#2572 = VECTOR('',#2573,1.);
#2573 = DIRECTION('',(1.,0.));
#2574 = ( GEOMETRIC_REPRESENTATION_CONTEXT(2) 
PARAMETRIC_REPRESENTATION_CONTEXT() REPRESENTATION_CONTEXT('2D SPACE',''
  ) );
#2575 = ORIENTED_EDGE('',*,*,#2576,.F.);
#2576 = EDGE_CURVE('',#2577,#2549,#2579,.T.);
#2577 = VERTEX_POINT('',#2578);
#2578 = CARTESIAN_POINT('',(-8.,-55.,1.4));
#2579 = SURFACE_CURVE('',#2580,(#2584,#2591),.PCURVE_S1.);
#2580 = LINE('',#2581,#2582);
#2581 = CARTESIAN_POINT('',(-8.,-55.,1.4));
#2582 = VECTOR('',#2583,1.);
#2583 = DIRECTION('',(0.,0.,1.));
#2584 = PCURVE('',#368,#2585);
#2585 = DEFINITIONAL_REPRESENTATION('',(#2586),#2590);
#2586 = LINE('',#2587,#2588);
#2587 = CARTESIAN_POINT('',(39.,-1.4));
#2588 = VECTOR('',#2589,1.);
#2589 = DIRECTION('',(0.,-1.));
#2590 = ( GEOMETRIC_REPRESENTATION_CONTEXT(2) 
PARAMETRIC_REPRESENTATION_CONTEXT() REPRESENTATION_CONTEXT('2D SPACE',''
  ) );
#2591 = PCURVE('',#2592,#2597);
#2592 = PLANE('',#2593);
#2593 = AXIS2_PLACEMENT_3D('',#2594,#2595,#2596);
#2594 = CARTESIAN_POINT('',(-8.,-55.,1.4));
#2595 = DIRECTION('',(1.,0.,0.));
#2596 = DIRECTION('',(0.,0.,1.));
#2597 = DEFINITIONAL_REPRESENTATION('',(#2598),#2602);
#2598 = LINE('',#2599,#2600);
#2599 = CARTESIAN_POINT('',(0.,0.));
#2600 = VECTOR('',#2601,1.);
#2601 = DIRECTION('',(1.,0.));
#2602 = ( GEOMETRIC_REPRESENTATION_CONTEXT(2) 
PARAMETRIC_REPRESENTATION_CONTEXT() REPRESENTATION_CONTEXT('2D SPACE',''
  ) );
#2603 = ORIENTED_EDGE('',*,*,#2604,.T.);
#2604 = EDGE_CURVE('',#2577,#2605,#2607,.T.);
#2605 = VERTEX_POINT('',#2606);
#2606 = CARTESIAN_POINT('',(47.,-55.,1.4));
#2607 = SURFACE_CURVE('',#2608,(#2612,#2619),.PCURVE_S1.);
#2608 = LINE('',#2609,#2610);
#2609 = CARTESIAN_POINT('',(0.,-55.,1.4));
#2610 = VECTOR('',#2611,1.);
#2611 = DIRECTION('',(1.,0.,0.));
#2612 = PCURVE('',#368,#2613);
#2613 = DEFINITIONAL_REPRESENTATION('',(#2614),#2618);
#2614 = LINE('',#2615,#2616);
#2615 = CARTESIAN_POINT('',(47.,-1.4));
#2616 = VECTOR('',#2617,1.);
#2617 = DIRECTION('',(1.,0.));
#2618 = ( GEOMETRIC_REPRESENTATION_CONTEXT(2) 
PARAMETRIC_REPRESENTATION_CONTEXT() REPRESENTATION_CONTEXT('2D SPACE',''
  ) );
#2619 = PCURVE('',#2409,#2620);
#2620 = DEFINITIONAL_REPRESENTATION('',(#2621),#2625);
#2621 = LINE('',#2622,#2623);
#2622 = CARTESIAN_POINT('',(-12.90212223237,39.469648228366));
#2623 = VECTOR('',#2624,1.);
#2624 = DIRECTION('',(-0.723917180764,0.689886885942));
#2625 = ( GEOMETRIC_REPRESENTATION_CONTEXT(2) 
PARAMETRIC_REPRESENTATION_CONTEXT() REPRESENTATION_CONTEXT('2D SPACE',''
  ) );
#2626 = ORIENTED_EDGE('',*,*,#2627,.F.);
#2627 = EDGE_CURVE('',#353,#2605,#2628,.T.);
#2628 = SURFACE_CURVE('',#2629,(#2633,#2640),.PCURVE_S1.);
#2629 = LINE('',#2630,#2631);
#2630 = CARTESIAN_POINT('',(47.,-55.,0.));
#2631 = VECTOR('',#2632,1.);
#2632 = DIRECTION('',(0.,0.,1.));
#2633 = PCURVE('',#368,#2634);
#2634 = DEFINITIONAL_REPRESENTATION('',(#2635),#2639);
#2635 = LINE('',#2636,#2637);
#2636 = CARTESIAN_POINT('',(94.,0.));
#2637 = VECTOR('',#2638,1.);
#2638 = DIRECTION('',(0.,-1.));
#2639 = ( GEOMETRIC_REPRESENTATION_CONTEXT(2) 
PARAMETRIC_REPRESENTATION_CONTEXT() REPRESENTATION_CONTEXT('2D SPACE',''
  ) );
#2640 = PCURVE('',#397,#2641);
#2641 = DEFINITIONAL_REPRESENTATION('',(#2642),#2646);
#2642 = LINE('',#2643,#2644);
#2643 = CARTESIAN_POINT('',(-4.712388980385,0.));
#2644 = VECTOR('',#2645,1.);
#2645 = DIRECTION('',(-0.,-1.));
#2646 = ( GEOMETRIC_REPRESENTATION_CONTEXT(2) 
PARAMETRIC_REPRESENTATION_CONTEXT() REPRESENTATION_CONTEXT('2D SPACE',''
  ) );
#2647 = ORIENTED_EDGE('',*,*,#352,.F.);
#2648 = FACE_BOUND('',#2649,.F.);
#2649 = EDGE_LOOP('',(#2650,#2678,#2704,#2730));
#2650 = ORIENTED_EDGE('',*,*,#2651,.F.);
#2651 = EDGE_CURVE('',#2652,#2654,#2656,.T.);
#2652 = VERTEX_POINT('',#2653);
#2653 = CARTESIAN_POINT('',(-24.,-55.,9.25));
#2654 = VERTEX_POINT('',#2655);
#2655 = CARTESIAN_POINT('',(-12.,-55.,9.25));
#2656 = SURFACE_CURVE('',#2657,(#2661,#2667),.PCURVE_S1.);
#2657 = LINE('',#2658,#2659);
#2658 = CARTESIAN_POINT('',(-35.5,-55.,9.25));
#2659 = VECTOR('',#2660,1.);
#2660 = DIRECTION('',(1.,0.,0.));
#2661 = PCURVE('',#368,#2662);
#2662 = DEFINITIONAL_REPRESENTATION('',(#2663),#2666);
#2663 = B_SPLINE_CURVE_WITH_KNOTS('',1,(#2664,#2665),.UNSPECIFIED.,.F.,
  .F.,(2,2),(11.5,23.5),.PIECEWISE_BEZIER_KNOTS.);
#2664 = CARTESIAN_POINT('',(23.,-9.25));
#2665 = CARTESIAN_POINT('',(35.,-9.25));
#2666 = ( GEOMETRIC_REPRESENTATION_CONTEXT(2) 
PARAMETRIC_REPRESENTATION_CONTEXT() REPRESENTATION_CONTEXT('2D SPACE',''
  ) );
#2667 = PCURVE('',#2668,#2673);
#2668 = PLANE('',#2669);
#2669 = AXIS2_PLACEMENT_3D('',#2670,#2671,#2672);
#2670 = CARTESIAN_POINT('',(-24.,-55.5,9.25));
#2671 = DIRECTION('',(0.,0.,1.));
#2672 = DIRECTION('',(1.,0.,0.));
#2673 = DEFINITIONAL_REPRESENTATION('',(#2674),#2677);
#2674 = B_SPLINE_CURVE_WITH_KNOTS('',1,(#2675,#2676),.UNSPECIFIED.,.F.,
  .F.,(2,2),(11.5,23.5),.PIECEWISE_BEZIER_KNOTS.);
#2675 = CARTESIAN_POINT('',(0.,0.5));
#2676 = CARTESIAN_POINT('',(12.,0.5));
#2677 = ( GEOMETRIC_REPRESENTATION_CONTEXT(2) 
PARAMETRIC_REPRESENTATION_CONTEXT() REPRESENTATION_CONTEXT('2D SPACE',''
  ) );
#2678 = ORIENTED_EDGE('',*,*,#2679,.T.);
#2679 = EDGE_CURVE('',#2652,#2680,#2682,.T.);
#2680 = VERTEX_POINT('',#2681);
#2681 = CARTESIAN_POINT('',(-24.,-55.,3.75));
#2682 = SURFACE_CURVE('',#2683,(#2687,#2693),.PCURVE_S1.);
#2683 = LINE('',#2684,#2685);
#2684 = CARTESIAN_POINT('',(-24.,-55.,1.875));
#2685 = VECTOR('',#2686,1.);
#2686 = DIRECTION('',(0.,0.,-1.));
#2687 = PCURVE('',#368,#2688);
#2688 = DEFINITIONAL_REPRESENTATION('',(#2689),#2692);
#2689 = B_SPLINE_CURVE_WITH_KNOTS('',1,(#2690,#2691),.UNSPECIFIED.,.F.,
  .F.,(2,2),(-7.375,-1.875),.PIECEWISE_BEZIER_KNOTS.);
#2690 = CARTESIAN_POINT('',(23.,-9.25));
#2691 = CARTESIAN_POINT('',(23.,-3.75));
#2692 = ( GEOMETRIC_REPRESENTATION_CONTEXT(2) 
PARAMETRIC_REPRESENTATION_CONTEXT() REPRESENTATION_CONTEXT('2D SPACE',''
  ) );
#2693 = PCURVE('',#2694,#2699);
#2694 = PLANE('',#2695);
#2695 = AXIS2_PLACEMENT_3D('',#2696,#2697,#2698);
#2696 = CARTESIAN_POINT('',(-24.,-55.5,3.75));
#2697 = DIRECTION('',(1.,0.,0.));
#2698 = DIRECTION('',(0.,0.,1.));
#2699 = DEFINITIONAL_REPRESENTATION('',(#2700),#2703);
#2700 = B_SPLINE_CURVE_WITH_KNOTS('',1,(#2701,#2702),.UNSPECIFIED.,.F.,
  .F.,(2,2),(-7.375,-1.875),.PIECEWISE_BEZIER_KNOTS.);
#2701 = CARTESIAN_POINT('',(5.5,-0.5));
#2702 = CARTESIAN_POINT('',(0.,-0.5));
#2703 = ( GEOMETRIC_REPRESENTATION_CONTEXT(2) 
PARAMETRIC_REPRESENTATION_CONTEXT() REPRESENTATION_CONTEXT('2D SPACE',''
  ) );
#2704 = ORIENTED_EDGE('',*,*,#2705,.T.);
#2705 = EDGE_CURVE('',#2680,#2706,#2708,.T.);
#2706 = VERTEX_POINT('',#2707);
#2707 = CARTESIAN_POINT('',(-12.,-55.,3.75));
#2708 = SURFACE_CURVE('',#2709,(#2713,#2719),.PCURVE_S1.);
#2709 = LINE('',#2710,#2711);
#2710 = CARTESIAN_POINT('',(-35.5,-55.,3.75));
#2711 = VECTOR('',#2712,1.);
#2712 = DIRECTION('',(1.,0.,0.));
#2713 = PCURVE('',#368,#2714);
#2714 = DEFINITIONAL_REPRESENTATION('',(#2715),#2718);
#2715 = B_SPLINE_CURVE_WITH_KNOTS('',1,(#2716,#2717),.UNSPECIFIED.,.F.,
  .F.,(2,2),(11.5,23.5),.PIECEWISE_BEZIER_KNOTS.);
#2716 = CARTESIAN_POINT('',(23.,-3.75));
#2717 = CARTESIAN_POINT('',(35.,-3.75));
#2718 = ( GEOMETRIC_REPRESENTATION_CONTEXT(2) 
PARAMETRIC_REPRESENTATION_CONTEXT() REPRESENTATION_CONTEXT('2D SPACE',''
  ) );
#2719 = PCURVE('',#2720,#2725);
#2720 = PLANE('',#2721);
#2721 = AXIS2_PLACEMENT_3D('',#2722,#2723,#2724);
#2722 = CARTESIAN_POINT('',(-24.,-55.5,3.75));
#2723 = DIRECTION('',(0.,0.,1.));
#2724 = DIRECTION('',(1.,0.,0.));
#2725 = DEFINITIONAL_REPRESENTATION('',(#2726),#2729);
#2726 = B_SPLINE_CURVE_WITH_KNOTS('',1,(#2727,#2728),.UNSPECIFIED.,.F.,
  .F.,(2,2),(11.5,23.5),.PIECEWISE_BEZIER_KNOTS.);
#2727 = CARTESIAN_POINT('',(0.,0.5));
#2728 = CARTESIAN_POINT('',(12.,0.5));
#2729 = ( GEOMETRIC_REPRESENTATION_CONTEXT(2) 
PARAMETRIC_REPRESENTATION_CONTEXT() REPRESENTATION_CONTEXT('2D SPACE',''
  ) );
#2730 = ORIENTED_EDGE('',*,*,#2731,.F.);
#2731 = EDGE_CURVE('',#2654,#2706,#2732,.T.);
#2732 = SURFACE_CURVE('',#2733,(#2737,#2743),.PCURVE_S1.);
#2733 = LINE('',#2734,#2735);
#2734 = CARTESIAN_POINT('',(-12.,-55.,1.875));
#2735 = VECTOR('',#2736,1.);
#2736 = DIRECTION('',(0.,0.,-1.));
#2737 = PCURVE('',#368,#2738);
#2738 = DEFINITIONAL_REPRESENTATION('',(#2739),#2742);
#2739 = B_SPLINE_CURVE_WITH_KNOTS('',1,(#2740,#2741),.UNSPECIFIED.,.F.,
  .F.,(2,2),(-7.375,-1.875),.PIECEWISE_BEZIER_KNOTS.);
#2740 = CARTESIAN_POINT('',(35.,-9.25));
#2741 = CARTESIAN_POINT('',(35.,-3.75));
#2742 = ( GEOMETRIC_REPRESENTATION_CONTEXT(2) 
PARAMETRIC_REPRESENTATION_CONTEXT() REPRESENTATION_CONTEXT('2D SPACE',''
  ) );
#2743 = PCURVE('',#2744,#2749);
#2744 = PLANE('',#2745);
#2745 = AXIS2_PLACEMENT_3D('',#2746,#2747,#2748);
#2746 = CARTESIAN_POINT('',(-12.,-55.5,3.75));
#2747 = DIRECTION('',(1.,0.,0.));
#2748 = DIRECTION('',(0.,0.,1.));
#2749 = DEFINITIONAL_REPRESENTATION('',(#2750),#2753);
#2750 = B_SPLINE_CURVE_WITH_KNOTS('',1,(#2751,#2752),.UNSPECIFIED.,.F.,
  .F.,(2,2),(-7.375,-1.875),.PIECEWISE_BEZIER_KNOTS.);
#2751 = CARTESIAN_POINT('',(5.5,-0.5));
#2752 = CARTESIAN_POINT('',(0.,-0.5));
#2753 = ( GEOMETRIC_REPRESENTATION_CONTEXT(2) 
PARAMETRIC_REPRESENTATION_CONTEXT() REPRESENTATION_CONTEXT('2D SPACE',''
  ) );
#2754 = ADVANCED_FACE('',(#2755),#397,.T.);
#2755 = FACE_BOUND('',#2756,.F.);
#2756 = EDGE_LOOP('',(#2757,#2758,#2782,#2803));
#2757 = ORIENTED_EDGE('',*,*,#2627,.T.);
#2758 = ORIENTED_EDGE('',*,*,#2759,.T.);
#2759 = EDGE_CURVE('',#2605,#2760,#2762,.T.);
#2760 = VERTEX_POINT('',#2761);
#2761 = CARTESIAN_POINT('',(53.5,-48.5,1.4));
#2762 = SURFACE_CURVE('',#2763,(#2768,#2775),.PCURVE_S1.);
#2763 = CIRCLE('',#2764,6.5);
#2764 = AXIS2_PLACEMENT_3D('',#2765,#2766,#2767);
#2765 = CARTESIAN_POINT('',(47.,-48.5,1.4));
#2766 = DIRECTION('',(0.,0.,1.));
#2767 = DIRECTION('',(1.,0.,0.));
#2768 = PCURVE('',#397,#2769);
#2769 = DEFINITIONAL_REPRESENTATION('',(#2770),#2774);
#2770 = LINE('',#2771,#2772);
#2771 = CARTESIAN_POINT('',(-0.,-1.4));
#2772 = VECTOR('',#2773,1.);
#2773 = DIRECTION('',(-1.,0.));
#2774 = ( GEOMETRIC_REPRESENTATION_CONTEXT(2) 
PARAMETRIC_REPRESENTATION_CONTEXT() REPRESENTATION_CONTEXT('2D SPACE',''
  ) );
#2775 = PCURVE('',#2409,#2776);
#2776 = DEFINITIONAL_REPRESENTATION('',(#2777),#2781);
#2777 = CIRCLE('',#2778,6.5);
#2778 = AXIS2_PLACEMENT_2D('',#2779,#2780);
#2779 = CARTESIAN_POINT('',(-51.41049448691,67.188870192667));
#2780 = DIRECTION('',(-0.723917180764,0.689886885942));
#2781 = ( GEOMETRIC_REPRESENTATION_CONTEXT(2) 
PARAMETRIC_REPRESENTATION_CONTEXT() REPRESENTATION_CONTEXT('2D SPACE',''
  ) );
#2782 = ORIENTED_EDGE('',*,*,#2783,.F.);
#2783 = EDGE_CURVE('',#381,#2760,#2784,.T.);
#2784 = SURFACE_CURVE('',#2785,(#2789,#2796),.PCURVE_S1.);
#2785 = LINE('',#2786,#2787);
#2786 = CARTESIAN_POINT('',(53.5,-48.5,0.));
#2787 = VECTOR('',#2788,1.);
#2788 = DIRECTION('',(0.,0.,1.));
#2789 = PCURVE('',#397,#2790);
#2790 = DEFINITIONAL_REPRESENTATION('',(#2791),#2795);
#2791 = LINE('',#2792,#2793);
#2792 = CARTESIAN_POINT('',(-6.28318530718,0.));
#2793 = VECTOR('',#2794,1.);
#2794 = DIRECTION('',(-0.,-1.));
#2795 = ( GEOMETRIC_REPRESENTATION_CONTEXT(2) 
PARAMETRIC_REPRESENTATION_CONTEXT() REPRESENTATION_CONTEXT('2D SPACE',''
  ) );
#2796 = PCURVE('',#425,#2797);
#2797 = DEFINITIONAL_REPRESENTATION('',(#2798),#2802);
#2798 = LINE('',#2799,#2800);
#2799 = CARTESIAN_POINT('',(0.,0.));
#2800 = VECTOR('',#2801,1.);
#2801 = DIRECTION('',(0.,-1.));
#2802 = ( GEOMETRIC_REPRESENTATION_CONTEXT(2) 
PARAMETRIC_REPRESENTATION_CONTEXT() REPRESENTATION_CONTEXT('2D SPACE',''
  ) );
#2803 = ORIENTED_EDGE('',*,*,#380,.F.);
#2804 = ADVANCED_FACE('',(#2805),#425,.F.);
#2805 = FACE_BOUND('',#2806,.F.);
#2806 = EDGE_LOOP('',(#2807,#2808,#2831,#2852));
#2807 = ORIENTED_EDGE('',*,*,#2783,.T.);
#2808 = ORIENTED_EDGE('',*,*,#2809,.T.);
#2809 = EDGE_CURVE('',#2760,#2810,#2812,.T.);
#2810 = VERTEX_POINT('',#2811);
#2811 = CARTESIAN_POINT('',(53.5,48.5,1.4));
#2812 = SURFACE_CURVE('',#2813,(#2817,#2824),.PCURVE_S1.);
#2813 = LINE('',#2814,#2815);
#2814 = CARTESIAN_POINT('',(53.5,0.,1.4));
#2815 = VECTOR('',#2816,1.);
#2816 = DIRECTION('',(0.,1.,0.));
#2817 = PCURVE('',#425,#2818);
#2818 = DEFINITIONAL_REPRESENTATION('',(#2819),#2823);
#2819 = LINE('',#2820,#2821);
#2820 = CARTESIAN_POINT('',(48.5,-1.4));
#2821 = VECTOR('',#2822,1.);
#2822 = DIRECTION('',(1.,0.));
#2823 = ( GEOMETRIC_REPRESENTATION_CONTEXT(2) 
PARAMETRIC_REPRESENTATION_CONTEXT() REPRESENTATION_CONTEXT('2D SPACE',''
  ) );
#2824 = PCURVE('',#2409,#2825);
#2825 = DEFINITIONAL_REPRESENTATION('',(#2826),#2830);
#2826 = LINE('',#2827,#2828);
#2827 = CARTESIAN_POINT('',(-89.57547013006,36.56315168423));
#2828 = VECTOR('',#2829,1.);
#2829 = DIRECTION('',(-0.689886885942,-0.723917180764));
#2830 = ( GEOMETRIC_REPRESENTATION_CONTEXT(2) 
PARAMETRIC_REPRESENTATION_CONTEXT() REPRESENTATION_CONTEXT('2D SPACE',''
  ) );
#2831 = ORIENTED_EDGE('',*,*,#2832,.F.);
#2832 = EDGE_CURVE('',#410,#2810,#2833,.T.);
#2833 = SURFACE_CURVE('',#2834,(#2838,#2845),.PCURVE_S1.);
#2834 = LINE('',#2835,#2836);
#2835 = CARTESIAN_POINT('',(53.5,48.5,0.));
#2836 = VECTOR('',#2837,1.);
#2837 = DIRECTION('',(0.,0.,1.));
#2838 = PCURVE('',#425,#2839);
#2839 = DEFINITIONAL_REPRESENTATION('',(#2840),#2844);
#2840 = LINE('',#2841,#2842);
#2841 = CARTESIAN_POINT('',(97.,0.));
#2842 = VECTOR('',#2843,1.);
#2843 = DIRECTION('',(0.,-1.));
#2844 = ( GEOMETRIC_REPRESENTATION_CONTEXT(2) 
PARAMETRIC_REPRESENTATION_CONTEXT() REPRESENTATION_CONTEXT('2D SPACE',''
  ) );
#2845 = PCURVE('',#454,#2846);
#2846 = DEFINITIONAL_REPRESENTATION('',(#2847),#2851);
#2847 = LINE('',#2848,#2849);
#2848 = CARTESIAN_POINT('',(-0.,0.));
#2849 = VECTOR('',#2850,1.);
#2850 = DIRECTION('',(-0.,-1.));
#2851 = ( GEOMETRIC_REPRESENTATION_CONTEXT(2) 
PARAMETRIC_REPRESENTATION_CONTEXT() REPRESENTATION_CONTEXT('2D SPACE',''
  ) );
#2852 = ORIENTED_EDGE('',*,*,#409,.F.);
#2853 = ADVANCED_FACE('',(#2854),#454,.T.);
#2854 = FACE_BOUND('',#2855,.F.);
#2855 = EDGE_LOOP('',(#2856,#2857,#2881,#2902));
#2856 = ORIENTED_EDGE('',*,*,#2832,.T.);
#2857 = ORIENTED_EDGE('',*,*,#2858,.T.);
#2858 = EDGE_CURVE('',#2810,#2859,#2861,.T.);
#2859 = VERTEX_POINT('',#2860);
#2860 = CARTESIAN_POINT('',(47.,55.,1.4));
#2861 = SURFACE_CURVE('',#2862,(#2867,#2874),.PCURVE_S1.);
#2862 = CIRCLE('',#2863,6.5);
#2863 = AXIS2_PLACEMENT_3D('',#2864,#2865,#2866);
#2864 = CARTESIAN_POINT('',(47.,48.5,1.4));
#2865 = DIRECTION('',(0.,0.,1.));
#2866 = DIRECTION('',(1.,0.,0.));
#2867 = PCURVE('',#454,#2868);
#2868 = DEFINITIONAL_REPRESENTATION('',(#2869),#2873);
#2869 = LINE('',#2870,#2871);
#2870 = CARTESIAN_POINT('',(-0.,-1.4));
#2871 = VECTOR('',#2872,1.);
#2872 = DIRECTION('',(-1.,0.));
#2873 = ( GEOMETRIC_REPRESENTATION_CONTEXT(2) 
PARAMETRIC_REPRESENTATION_CONTEXT() REPRESENTATION_CONTEXT('2D SPACE',''
  ) );
#2874 = PCURVE('',#2409,#2875);
#2875 = DEFINITIONAL_REPRESENTATION('',(#2876),#2880);
#2876 = CIRCLE('',#2877,6.5);
#2877 = AXIS2_PLACEMENT_2D('',#2878,#2879);
#2878 = CARTESIAN_POINT('',(-118.3295224232,-3.031096341451));
#2879 = DIRECTION('',(-0.723917180764,0.689886885942));
#2880 = ( GEOMETRIC_REPRESENTATION_CONTEXT(2) 
PARAMETRIC_REPRESENTATION_CONTEXT() REPRESENTATION_CONTEXT('2D SPACE',''
  ) );
#2881 = ORIENTED_EDGE('',*,*,#2882,.F.);
#2882 = EDGE_CURVE('',#438,#2859,#2883,.T.);
#2883 = SURFACE_CURVE('',#2884,(#2888,#2895),.PCURVE_S1.);
#2884 = LINE('',#2885,#2886);
#2885 = CARTESIAN_POINT('',(47.,55.,0.));
#2886 = VECTOR('',#2887,1.);
#2887 = DIRECTION('',(0.,0.,1.));
#2888 = PCURVE('',#454,#2889);
#2889 = DEFINITIONAL_REPRESENTATION('',(#2890),#2894);
#2890 = LINE('',#2891,#2892);
#2891 = CARTESIAN_POINT('',(-1.570796326795,0.));
#2892 = VECTOR('',#2893,1.);
#2893 = DIRECTION('',(-0.,-1.));
#2894 = ( GEOMETRIC_REPRESENTATION_CONTEXT(2) 
PARAMETRIC_REPRESENTATION_CONTEXT() REPRESENTATION_CONTEXT('2D SPACE',''
  ) );
#2895 = PCURVE('',#482,#2896);
#2896 = DEFINITIONAL_REPRESENTATION('',(#2897),#2901);
#2897 = LINE('',#2898,#2899);
#2898 = CARTESIAN_POINT('',(94.,0.));
#2899 = VECTOR('',#2900,1.);
#2900 = DIRECTION('',(0.,-1.));
#2901 = ( GEOMETRIC_REPRESENTATION_CONTEXT(2) 
PARAMETRIC_REPRESENTATION_CONTEXT() REPRESENTATION_CONTEXT('2D SPACE',''
  ) );
#2902 = ORIENTED_EDGE('',*,*,#437,.F.);
#2903 = ADVANCED_FACE('',(#2904),#482,.T.);
#2904 = FACE_BOUND('',#2905,.T.);
#2905 = EDGE_LOOP('',(#2906,#2929,#2950,#2951));
#2906 = ORIENTED_EDGE('',*,*,#2907,.T.);
#2907 = EDGE_CURVE('',#467,#2908,#2910,.T.);
#2908 = VERTEX_POINT('',#2909);
#2909 = CARTESIAN_POINT('',(-47.,55.,1.4));
#2910 = SURFACE_CURVE('',#2911,(#2915,#2922),.PCURVE_S1.);
#2911 = LINE('',#2912,#2913);
#2912 = CARTESIAN_POINT('',(-47.,55.,0.));
#2913 = VECTOR('',#2914,1.);
#2914 = DIRECTION('',(0.,0.,1.));
#2915 = PCURVE('',#482,#2916);
#2916 = DEFINITIONAL_REPRESENTATION('',(#2917),#2921);
#2917 = LINE('',#2918,#2919);
#2918 = CARTESIAN_POINT('',(0.,0.));
#2919 = VECTOR('',#2920,1.);
#2920 = DIRECTION('',(0.,-1.));
#2921 = ( GEOMETRIC_REPRESENTATION_CONTEXT(2) 
PARAMETRIC_REPRESENTATION_CONTEXT() REPRESENTATION_CONTEXT('2D SPACE',''
  ) );
#2922 = PCURVE('',#509,#2923);
#2923 = DEFINITIONAL_REPRESENTATION('',(#2924),#2928);
#2924 = LINE('',#2925,#2926);
#2925 = CARTESIAN_POINT('',(-1.570796326795,0.));
#2926 = VECTOR('',#2927,1.);
#2927 = DIRECTION('',(-0.,-1.));
#2928 = ( GEOMETRIC_REPRESENTATION_CONTEXT(2) 
PARAMETRIC_REPRESENTATION_CONTEXT() REPRESENTATION_CONTEXT('2D SPACE',''
  ) );
#2929 = ORIENTED_EDGE('',*,*,#2930,.T.);
#2930 = EDGE_CURVE('',#2908,#2859,#2931,.T.);
#2931 = SURFACE_CURVE('',#2932,(#2936,#2943),.PCURVE_S1.);
#2932 = LINE('',#2933,#2934);
#2933 = CARTESIAN_POINT('',(0.,55.,1.4));
#2934 = VECTOR('',#2935,1.);
#2935 = DIRECTION('',(1.,0.,0.));
#2936 = PCURVE('',#482,#2937);
#2937 = DEFINITIONAL_REPRESENTATION('',(#2938),#2942);
#2938 = LINE('',#2939,#2940);
#2939 = CARTESIAN_POINT('',(47.,-1.4));
#2940 = VECTOR('',#2941,1.);
#2941 = DIRECTION('',(1.,0.));
#2942 = ( GEOMETRIC_REPRESENTATION_CONTEXT(2) 
PARAMETRIC_REPRESENTATION_CONTEXT() REPRESENTATION_CONTEXT('2D SPACE',''
  ) );
#2943 = PCURVE('',#2409,#2944);
#2944 = DEFINITIONAL_REPRESENTATION('',(#2945),#2949);
#2945 = LINE('',#2946,#2947);
#2946 = CARTESIAN_POINT('',(-88.78967968598,-40.16124165568));
#2947 = VECTOR('',#2948,1.);
#2948 = DIRECTION('',(-0.723917180764,0.689886885942));
#2949 = ( GEOMETRIC_REPRESENTATION_CONTEXT(2) 
PARAMETRIC_REPRESENTATION_CONTEXT() REPRESENTATION_CONTEXT('2D SPACE',''
  ) );
#2950 = ORIENTED_EDGE('',*,*,#2882,.F.);
#2951 = ORIENTED_EDGE('',*,*,#466,.F.);
#2952 = ADVANCED_FACE('',(#2953),#509,.T.);
#2953 = FACE_BOUND('',#2954,.F.);
#2954 = EDGE_LOOP('',(#2955,#2956,#2978,#2979));
#2955 = ORIENTED_EDGE('',*,*,#2907,.T.);
#2956 = ORIENTED_EDGE('',*,*,#2957,.T.);
#2957 = EDGE_CURVE('',#2908,#2394,#2958,.T.);
#2958 = SURFACE_CURVE('',#2959,(#2964,#2971),.PCURVE_S1.);
#2959 = CIRCLE('',#2960,6.5);
#2960 = AXIS2_PLACEMENT_3D('',#2961,#2962,#2963);
#2961 = CARTESIAN_POINT('',(-47.,48.5,1.4));
#2962 = DIRECTION('',(0.,0.,1.));
#2963 = DIRECTION('',(1.,0.,0.));
#2964 = PCURVE('',#509,#2965);
#2965 = DEFINITIONAL_REPRESENTATION('',(#2966),#2970);
#2966 = LINE('',#2967,#2968);
#2967 = CARTESIAN_POINT('',(-0.,-1.4));
#2968 = VECTOR('',#2969,1.);
#2969 = DIRECTION('',(-1.,0.));
#2970 = ( GEOMETRIC_REPRESENTATION_CONTEXT(2) 
PARAMETRIC_REPRESENTATION_CONTEXT() REPRESENTATION_CONTEXT('2D SPACE',''
  ) );
#2971 = PCURVE('',#2409,#2972);
#2972 = DEFINITIONAL_REPRESENTATION('',(#2973),#2977);
#2973 = CIRCLE('',#2974,6.5);
#2974 = AXIS2_PLACEMENT_2D('',#2975,#2976);
#2975 = CARTESIAN_POINT('',(-50.28130743144,-67.88046361998));
#2976 = DIRECTION('',(-0.723917180764,0.689886885942));
#2977 = ( GEOMETRIC_REPRESENTATION_CONTEXT(2) 
PARAMETRIC_REPRESENTATION_CONTEXT() REPRESENTATION_CONTEXT('2D SPACE',''
  ) );
#2978 = ORIENTED_EDGE('',*,*,#2421,.F.);
#2979 = ORIENTED_EDGE('',*,*,#494,.F.);
#2980 = ADVANCED_FACE('',(#2981),#541,.T.);
#2981 = FACE_BOUND('',#2982,.T.);
#2982 = EDGE_LOOP('',(#2983,#2984,#3005,#3028));
#2983 = ORIENTED_EDGE('',*,*,#523,.F.);
#2984 = ORIENTED_EDGE('',*,*,#2985,.F.);
#2985 = EDGE_CURVE('',#2986,#524,#2988,.T.);
#2986 = VERTEX_POINT('',#2987);
#2987 = CARTESIAN_POINT('',(-43.45,-50.81506350946,1.4));
#2988 = SURFACE_CURVE('',#2989,(#2993,#2999),.PCURVE_S1.);
#2989 = LINE('',#2990,#2991);
#2990 = CARTESIAN_POINT('',(-43.45,-50.81506350946,0.));
#2991 = VECTOR('',#2992,1.);
#2992 = DIRECTION('',(-0.,-0.,-1.));
#2993 = PCURVE('',#541,#2994);
#2994 = DEFINITIONAL_REPRESENTATION('',(#2995),#2998);
#2995 = B_SPLINE_CURVE_WITH_KNOTS('',1,(#2996,#2997),.UNSPECIFIED.,.F.,
  .F.,(2,2),(-1.54,6.E-07),.PIECEWISE_BEZIER_KNOTS.);
#2996 = CARTESIAN_POINT('',(1.54,2.165063509461));
#2997 = CARTESIAN_POINT('',(-6.E-07,2.165063509461));
#2998 = ( GEOMETRIC_REPRESENTATION_CONTEXT(2) 
PARAMETRIC_REPRESENTATION_CONTEXT() REPRESENTATION_CONTEXT('2D SPACE',''
  ) );
#2999 = PCURVE('',#570,#3000);
#3000 = DEFINITIONAL_REPRESENTATION('',(#3001),#3004);
#3001 = B_SPLINE_CURVE_WITH_KNOTS('',1,(#3002,#3003),.UNSPECIFIED.,.F.,
  .F.,(2,2),(-1.54,6.E-07),.PIECEWISE_BEZIER_KNOTS.);
#3002 = CARTESIAN_POINT('',(-5.616238962676,-1.54));
#3003 = CARTESIAN_POINT('',(-5.616238962676,6.E-07));
#3004 = ( GEOMETRIC_REPRESENTATION_CONTEXT(2) 
PARAMETRIC_REPRESENTATION_CONTEXT() REPRESENTATION_CONTEXT('2D SPACE',''
  ) );
#3005 = ORIENTED_EDGE('',*,*,#3006,.T.);
#3006 = EDGE_CURVE('',#2986,#3007,#3009,.T.);
#3007 = VERTEX_POINT('',#3008);
#3008 = CARTESIAN_POINT('',(-43.45,-53.,1.4));
#3009 = SURFACE_CURVE('',#3010,(#3014,#3021),.PCURVE_S1.);
#3010 = LINE('',#3011,#3012);
#3011 = CARTESIAN_POINT('',(-43.45,-48.65,1.4));
#3012 = VECTOR('',#3013,1.);
#3013 = DIRECTION('',(1.110223024625E-16,-1.,0.));
#3014 = PCURVE('',#541,#3015);
#3015 = DEFINITIONAL_REPRESENTATION('',(#3016),#3020);
#3016 = LINE('',#3017,#3018);
#3017 = CARTESIAN_POINT('',(1.4,0.));
#3018 = VECTOR('',#3019,1.);
#3019 = DIRECTION('',(0.,1.));
#3020 = ( GEOMETRIC_REPRESENTATION_CONTEXT(2) 
PARAMETRIC_REPRESENTATION_CONTEXT() REPRESENTATION_CONTEXT('2D SPACE',''
  ) );
#3021 = PCURVE('',#2409,#3022);
#3022 = DEFINITIONAL_REPRESENTATION('',(#3023),#3027);
#3023 = LINE('',#3024,#3025);
#3024 = CARTESIAN_POINT('',(14.17129754609,4.89718893634));
#3025 = VECTOR('',#3026,1.);
#3026 = DIRECTION('',(0.689886885942,0.723917180764));
#3027 = ( GEOMETRIC_REPRESENTATION_CONTEXT(2) 
PARAMETRIC_REPRESENTATION_CONTEXT() REPRESENTATION_CONTEXT('2D SPACE',''
  ) );
#3028 = ORIENTED_EDGE('',*,*,#3029,.T.);
#3029 = EDGE_CURVE('',#3007,#526,#3030,.T.);
#3030 = SURFACE_CURVE('',#3031,(#3035,#3041),.PCURVE_S1.);
#3031 = LINE('',#3032,#3033);
#3032 = CARTESIAN_POINT('',(-43.45,-53.,-0.1));
#3033 = VECTOR('',#3034,1.);
#3034 = DIRECTION('',(0.,0.,-1.));
#3035 = PCURVE('',#541,#3036);
#3036 = DEFINITIONAL_REPRESENTATION('',(#3037),#3040);
#3037 = B_SPLINE_CURVE_WITH_KNOTS('',1,(#3038,#3039),.UNSPECIFIED.,.F.,
  .F.,(2,2),(-1.5,-0.1),.PIECEWISE_BEZIER_KNOTS.);
#3038 = CARTESIAN_POINT('',(1.4,4.35));
#3039 = CARTESIAN_POINT('',(0.,4.35));
#3040 = ( GEOMETRIC_REPRESENTATION_CONTEXT(2) 
PARAMETRIC_REPRESENTATION_CONTEXT() REPRESENTATION_CONTEXT('2D SPACE',''
  ) );
#3041 = PCURVE('',#795,#3042);
#3042 = DEFINITIONAL_REPRESENTATION('',(#3043),#3046);
#3043 = B_SPLINE_CURVE_WITH_KNOTS('',1,(#3044,#3045),.UNSPECIFIED.,.F.,
  .F.,(2,2),(-1.5,-0.1),.PIECEWISE_BEZIER_KNOTS.);
#3044 = CARTESIAN_POINT('',(3.05,-1.6));
#3045 = CARTESIAN_POINT('',(3.05,-0.2));
#3046 = ( GEOMETRIC_REPRESENTATION_CONTEXT(2) 
PARAMETRIC_REPRESENTATION_CONTEXT() REPRESENTATION_CONTEXT('2D SPACE',''
  ) );
#3047 = ADVANCED_FACE('',(#3048),#570,.T.);
#3048 = FACE_BOUND('',#3049,.F.);
#3049 = EDGE_LOOP('',(#3050,#3078,#3101,#3128,#3129,#3157,#3176,#3177,
    #3178,#3206,#3225,#3226));
#3050 = ORIENTED_EDGE('',*,*,#3051,.T.);
#3051 = EDGE_CURVE('',#2245,#3052,#3054,.T.);
#3052 = VERTEX_POINT('',#3053);
#3053 = CARTESIAN_POINT('',(-42.7,-48.65,1.4));
#3054 = SURFACE_CURVE('',#3055,(#3060,#3067),.PCURVE_S1.);
#3055 = CIRCLE('',#3056,3.5);
#3056 = AXIS2_PLACEMENT_3D('',#3057,#3058,#3059);
#3057 = CARTESIAN_POINT('',(-46.2,-48.65,1.4));
#3058 = DIRECTION('',(0.,0.,-1.));
#3059 = DIRECTION('',(1.,0.,0.));
#3060 = PCURVE('',#570,#3061);
#3061 = DEFINITIONAL_REPRESENTATION('',(#3062),#3066);
#3062 = LINE('',#3063,#3064);
#3063 = CARTESIAN_POINT('',(-6.28318530718,-1.4));
#3064 = VECTOR('',#3065,1.);
#3065 = DIRECTION('',(1.,-0.));
#3066 = ( GEOMETRIC_REPRESENTATION_CONTEXT(2) 
PARAMETRIC_REPRESENTATION_CONTEXT() REPRESENTATION_CONTEXT('2D SPACE',''
  ) );
#3067 = PCURVE('',#2260,#3068);
#3068 = DEFINITIONAL_REPRESENTATION('',(#3069),#3077);
#3069 = ( BOUNDED_CURVE() B_SPLINE_CURVE(2,(#3070,#3071,#3072,#3073,
#3074,#3075,#3076),.UNSPECIFIED.,.T.,.F.) B_SPLINE_CURVE_WITH_KNOTS((1,2
    ,2,2,2,1),(-2.094395102393,0.,2.094395102393,4.188790204786,
6.28318530718,8.377580409573),.UNSPECIFIED.) CURVE() 
GEOMETRIC_REPRESENTATION_ITEM() RATIONAL_B_SPLINE_CURVE((1.,0.5,1.,0.5,
1.,0.5,1.)) REPRESENTATION_ITEM('') );
#3070 = CARTESIAN_POINT('',(13.628359660517,5.414604100796));
#3071 = CARTESIAN_POINT('',(17.810576643261,9.803118782241));
#3072 = CARTESIAN_POINT('',(19.520033350901,3.986955290324));
#3073 = CARTESIAN_POINT('',(21.22949005854,-1.829208201593));
#3074 = CARTESIAN_POINT('',(15.337816368157,-0.40155939112));
#3075 = CARTESIAN_POINT('',(9.446142677774,1.026089419352));
#3076 = CARTESIAN_POINT('',(13.628359660517,5.414604100796));
#3077 = ( GEOMETRIC_REPRESENTATION_CONTEXT(2) 
PARAMETRIC_REPRESENTATION_CONTEXT() REPRESENTATION_CONTEXT('2D SPACE',''
  ) );
#3078 = ORIENTED_EDGE('',*,*,#3079,.T.);
#3079 = EDGE_CURVE('',#3052,#3080,#3082,.T.);
#3080 = VERTEX_POINT('',#3081);
#3081 = CARTESIAN_POINT('',(-42.7,-48.65,10.6));
#3082 = SEAM_CURVE('',#3083,(#3087,#3094),.PCURVE_S1.);
#3083 = LINE('',#3084,#3085);
#3084 = CARTESIAN_POINT('',(-42.7,-48.65,0.));
#3085 = VECTOR('',#3086,1.);
#3086 = DIRECTION('',(0.,0.,1.));
#3087 = PCURVE('',#570,#3088);
#3088 = DEFINITIONAL_REPRESENTATION('',(#3089),#3093);
#3089 = LINE('',#3090,#3091);
#3090 = CARTESIAN_POINT('',(-6.28318530718,0.));
#3091 = VECTOR('',#3092,1.);
#3092 = DIRECTION('',(-0.,-1.));
#3093 = ( GEOMETRIC_REPRESENTATION_CONTEXT(2) 
PARAMETRIC_REPRESENTATION_CONTEXT() REPRESENTATION_CONTEXT('2D SPACE',''
  ) );
#3094 = PCURVE('',#570,#3095);
#3095 = DEFINITIONAL_REPRESENTATION('',(#3096),#3100);
#3096 = LINE('',#3097,#3098);
#3097 = CARTESIAN_POINT('',(-0.,0.));
#3098 = VECTOR('',#3099,1.);
#3099 = DIRECTION('',(-0.,-1.));
#3100 = ( GEOMETRIC_REPRESENTATION_CONTEXT(2) 
PARAMETRIC_REPRESENTATION_CONTEXT() REPRESENTATION_CONTEXT('2D SPACE',''
  ) );
#3101 = ORIENTED_EDGE('',*,*,#3102,.T.);
#3102 = EDGE_CURVE('',#3080,#3080,#3103,.T.);
#3103 = SURFACE_CURVE('',#3104,(#3109,#3116),.PCURVE_S1.);
#3104 = CIRCLE('',#3105,3.5);
#3105 = AXIS2_PLACEMENT_3D('',#3106,#3107,#3108);
#3106 = CARTESIAN_POINT('',(-46.2,-48.65,10.6));
#3107 = DIRECTION('',(0.,0.,1.));
#3108 = DIRECTION('',(1.,0.,0.));
#3109 = PCURVE('',#570,#3110);
#3110 = DEFINITIONAL_REPRESENTATION('',(#3111),#3115);
#3111 = LINE('',#3112,#3113);
#3112 = CARTESIAN_POINT('',(-0.,-10.6));
#3113 = VECTOR('',#3114,1.);
#3114 = DIRECTION('',(-1.,0.));
#3115 = ( GEOMETRIC_REPRESENTATION_CONTEXT(2) 
PARAMETRIC_REPRESENTATION_CONTEXT() REPRESENTATION_CONTEXT('2D SPACE',''
  ) );
#3116 = PCURVE('',#3117,#3122);
#3117 = PLANE('',#3118);
#3118 = AXIS2_PLACEMENT_3D('',#3119,#3120,#3121);
#3119 = CARTESIAN_POINT('',(-46.2,-48.65,10.6));
#3120 = DIRECTION('',(0.,0.,1.));
#3121 = DIRECTION('',(1.,0.,-0.));
#3122 = DEFINITIONAL_REPRESENTATION('',(#3123),#3127);
#3123 = CIRCLE('',#3124,3.5);
#3124 = AXIS2_PLACEMENT_2D('',#3125,#3126);
#3125 = CARTESIAN_POINT('',(0.,7.105427357601E-15));
#3126 = DIRECTION('',(1.,0.));
#3127 = ( GEOMETRIC_REPRESENTATION_CONTEXT(2) 
PARAMETRIC_REPRESENTATION_CONTEXT() REPRESENTATION_CONTEXT('2D SPACE',''
  ) );
#3128 = ORIENTED_EDGE('',*,*,#3079,.F.);
#3129 = ORIENTED_EDGE('',*,*,#3130,.T.);
#3130 = EDGE_CURVE('',#3052,#3131,#3133,.T.);
#3131 = VERTEX_POINT('',#3132);
#3132 = CARTESIAN_POINT('',(-42.82527908495,-49.57804027152,1.4));
#3133 = SURFACE_CURVE('',#3134,(#3139,#3146),.PCURVE_S1.);
#3134 = CIRCLE('',#3135,3.5);
#3135 = AXIS2_PLACEMENT_3D('',#3136,#3137,#3138);
#3136 = CARTESIAN_POINT('',(-46.2,-48.65,1.4));
#3137 = DIRECTION('',(0.,0.,-1.));
#3138 = DIRECTION('',(1.,0.,0.));
#3139 = PCURVE('',#570,#3140);
#3140 = DEFINITIONAL_REPRESENTATION('',(#3141),#3145);
#3141 = LINE('',#3142,#3143);
#3142 = CARTESIAN_POINT('',(-6.28318530718,-1.4));
#3143 = VECTOR('',#3144,1.);
#3144 = DIRECTION('',(1.,-0.));
#3145 = ( GEOMETRIC_REPRESENTATION_CONTEXT(2) 
PARAMETRIC_REPRESENTATION_CONTEXT() REPRESENTATION_CONTEXT('2D SPACE',''
  ) );
#3146 = PCURVE('',#2260,#3147);
#3147 = DEFINITIONAL_REPRESENTATION('',(#3148),#3156);
#3148 = ( BOUNDED_CURVE() B_SPLINE_CURVE(2,(#3149,#3150,#3151,#3152,
#3153,#3154,#3155),.UNSPECIFIED.,.T.,.F.) B_SPLINE_CURVE_WITH_KNOTS((1,2
    ,2,2,2,1),(-2.094395102393,0.,2.094395102393,4.188790204786,
6.28318530718,8.377580409573),.UNSPECIFIED.) CURVE() 
GEOMETRIC_REPRESENTATION_ITEM() RATIONAL_B_SPLINE_CURVE((1.,0.5,1.,0.5,
1.,0.5,1.)) REPRESENTATION_ITEM('') );
#3149 = CARTESIAN_POINT('',(13.628359660517,5.414604100796));
#3150 = CARTESIAN_POINT('',(17.810576643261,9.803118782241));
#3151 = CARTESIAN_POINT('',(19.520033350901,3.986955290324));
#3152 = CARTESIAN_POINT('',(21.22949005854,-1.829208201593));
#3153 = CARTESIAN_POINT('',(15.337816368157,-0.40155939112));
#3154 = CARTESIAN_POINT('',(9.446142677774,1.026089419352));
#3155 = CARTESIAN_POINT('',(13.628359660517,5.414604100796));
#3156 = ( GEOMETRIC_REPRESENTATION_CONTEXT(2) 
PARAMETRIC_REPRESENTATION_CONTEXT() REPRESENTATION_CONTEXT('2D SPACE',''
  ) );
#3157 = ORIENTED_EDGE('',*,*,#3158,.T.);
#3158 = EDGE_CURVE('',#3131,#554,#3159,.T.);
#3159 = SURFACE_CURVE('',#3160,(#3164,#3170),.PCURVE_S1.);
#3160 = LINE('',#3161,#3162);
#3161 = CARTESIAN_POINT('',(-42.82527908495,-49.57804027152,0.));
#3162 = VECTOR('',#3163,1.);
#3163 = DIRECTION('',(-0.,-0.,-1.));
#3164 = PCURVE('',#570,#3165);
#3165 = DEFINITIONAL_REPRESENTATION('',(#3166),#3169);
#3166 = B_SPLINE_CURVE_WITH_KNOTS('',1,(#3167,#3168),.UNSPECIFIED.,.F.,
  .F.,(2,2),(-1.54,6.E-07),.PIECEWISE_BEZIER_KNOTS.);
#3167 = CARTESIAN_POINT('',(-6.014821294693,-1.54));
#3168 = CARTESIAN_POINT('',(-6.014821294693,6.E-07));
#3169 = ( GEOMETRIC_REPRESENTATION_CONTEXT(2) 
PARAMETRIC_REPRESENTATION_CONTEXT() REPRESENTATION_CONTEXT('2D SPACE',''
  ) );
#3170 = PCURVE('',#598,#3171);
#3171 = DEFINITIONAL_REPRESENTATION('',(#3172),#3175);
#3172 = B_SPLINE_CURVE_WITH_KNOTS('',1,(#3173,#3174),.UNSPECIFIED.,.F.,
  .F.,(2,2),(-1.54,6.E-07),.PIECEWISE_BEZIER_KNOTS.);
#3173 = CARTESIAN_POINT('',(1.54,14.35929415546));
#3174 = CARTESIAN_POINT('',(-6.E-07,14.35929415546));
#3175 = ( GEOMETRIC_REPRESENTATION_CONTEXT(2) 
PARAMETRIC_REPRESENTATION_CONTEXT() REPRESENTATION_CONTEXT('2D SPACE',''
  ) );
#3176 = ORIENTED_EDGE('',*,*,#553,.F.);
#3177 = ORIENTED_EDGE('',*,*,#2985,.F.);
#3178 = ORIENTED_EDGE('',*,*,#3179,.T.);
#3179 = EDGE_CURVE('',#2986,#3180,#3182,.T.);
#3180 = VERTEX_POINT('',#3181);
#3181 = CARTESIAN_POINT('',(-48.95,-50.81506350946,1.4));
#3182 = SURFACE_CURVE('',#3183,(#3188,#3195),.PCURVE_S1.);
#3183 = CIRCLE('',#3184,3.5);
#3184 = AXIS2_PLACEMENT_3D('',#3185,#3186,#3187);
#3185 = CARTESIAN_POINT('',(-46.2,-48.65,1.4));
#3186 = DIRECTION('',(0.,0.,-1.));
#3187 = DIRECTION('',(1.,0.,0.));
#3188 = PCURVE('',#570,#3189);
#3189 = DEFINITIONAL_REPRESENTATION('',(#3190),#3194);
#3190 = LINE('',#3191,#3192);
#3191 = CARTESIAN_POINT('',(-6.28318530718,-1.4));
#3192 = VECTOR('',#3193,1.);
#3193 = DIRECTION('',(1.,-0.));
#3194 = ( GEOMETRIC_REPRESENTATION_CONTEXT(2) 
PARAMETRIC_REPRESENTATION_CONTEXT() REPRESENTATION_CONTEXT('2D SPACE',''
  ) );
#3195 = PCURVE('',#2409,#3196);
#3196 = DEFINITIONAL_REPRESENTATION('',(#3197),#3205);
#3197 = ( BOUNDED_CURVE() B_SPLINE_CURVE(2,(#3198,#3199,#3200,#3201,
#3202,#3203,#3204),.UNSPECIFIED.,.T.,.F.) B_SPLINE_CURVE_WITH_KNOTS((1,2
    ,2,2,2,1),(-2.094395102393,0.,2.094395102393,4.188790204786,
6.28318530718,8.377580409573),.UNSPECIFIED.) CURVE() 
GEOMETRIC_REPRESENTATION_ITEM() RATIONAL_B_SPLINE_CURVE((1.,0.5,1.,0.5,
1.,0.5,1.)) REPRESENTATION_ITEM('') );
#3198 = CARTESIAN_POINT('',(13.628359660517,5.414604100796));
#3199 = CARTESIAN_POINT('',(17.810576643261,9.803118782241));
#3200 = CARTESIAN_POINT('',(19.520033350901,3.986955290324));
#3201 = CARTESIAN_POINT('',(21.22949005854,-1.829208201593));
#3202 = CARTESIAN_POINT('',(15.337816368157,-0.40155939112));
#3203 = CARTESIAN_POINT('',(9.446142677774,1.026089419352));
#3204 = CARTESIAN_POINT('',(13.628359660517,5.414604100796));
#3205 = ( GEOMETRIC_REPRESENTATION_CONTEXT(2) 
PARAMETRIC_REPRESENTATION_CONTEXT() REPRESENTATION_CONTEXT('2D SPACE',''
  ) );
#3206 = ORIENTED_EDGE('',*,*,#3207,.T.);
#3207 = EDGE_CURVE('',#3180,#1228,#3208,.T.);
#3208 = SURFACE_CURVE('',#3209,(#3213,#3219),.PCURVE_S1.);
#3209 = LINE('',#3210,#3211);
#3210 = CARTESIAN_POINT('',(-48.95,-50.81506350946,0.));
#3211 = VECTOR('',#3212,1.);
#3212 = DIRECTION('',(-0.,-0.,-1.));
#3213 = PCURVE('',#570,#3214);
#3214 = DEFINITIONAL_REPRESENTATION('',(#3215),#3218);
#3215 = B_SPLINE_CURVE_WITH_KNOTS('',1,(#3216,#3217),.UNSPECIFIED.,.F.,
  .F.,(2,2),(-1.54,6.E-07),.PIECEWISE_BEZIER_KNOTS.);
#3216 = CARTESIAN_POINT('',(-3.808538998093,-1.54));
#3217 = CARTESIAN_POINT('',(-3.808538998093,6.E-07));
#3218 = ( GEOMETRIC_REPRESENTATION_CONTEXT(2) 
PARAMETRIC_REPRESENTATION_CONTEXT() REPRESENTATION_CONTEXT('2D SPACE',''
  ) );
#3219 = PCURVE('',#1267,#3220);
#3220 = DEFINITIONAL_REPRESENTATION('',(#3221),#3224);
#3221 = B_SPLINE_CURVE_WITH_KNOTS('',1,(#3222,#3223),.UNSPECIFIED.,.F.,
  .F.,(2,2),(-1.54,6.E-07),.PIECEWISE_BEZIER_KNOTS.);
#3222 = CARTESIAN_POINT('',(1.54,2.165063509461));
#3223 = CARTESIAN_POINT('',(-6.E-07,2.165063509461));
#3224 = ( GEOMETRIC_REPRESENTATION_CONTEXT(2) 
PARAMETRIC_REPRESENTATION_CONTEXT() REPRESENTATION_CONTEXT('2D SPACE',''
  ) );
#3225 = ORIENTED_EDGE('',*,*,#1227,.F.);
#3226 = ORIENTED_EDGE('',*,*,#2272,.F.);
#3227 = ADVANCED_FACE('',(#3228),#598,.T.);
#3228 = FACE_BOUND('',#3229,.T.);
#3229 = EDGE_LOOP('',(#3230,#3231,#3250,#3251,#3274,#3295));
#3230 = ORIENTED_EDGE('',*,*,#582,.F.);
#3231 = ORIENTED_EDGE('',*,*,#3232,.F.);
#3232 = EDGE_CURVE('',#1779,#583,#3233,.T.);
#3233 = SURFACE_CURVE('',#3234,(#3238,#3244),.PCURVE_S1.);
#3234 = LINE('',#3235,#3236);
#3235 = CARTESIAN_POINT('',(-32.72008444572,-39.94787614952,0.));
#3236 = VECTOR('',#3237,1.);
#3237 = DIRECTION('',(-0.,-0.,-1.));
#3238 = PCURVE('',#598,#3239);
#3239 = DEFINITIONAL_REPRESENTATION('',(#3240),#3243);
#3240 = B_SPLINE_CURVE_WITH_KNOTS('',1,(#3241,#3242),.UNSPECIFIED.,.F.,
  .F.,(2,2),(-1.0000006,6.E-07),.PIECEWISE_BEZIER_KNOTS.);
#3241 = CARTESIAN_POINT('',(1.0000006,0.400246203918));
#3242 = CARTESIAN_POINT('',(-6.E-07,0.400246203918));
#3243 = ( GEOMETRIC_REPRESENTATION_CONTEXT(2) 
PARAMETRIC_REPRESENTATION_CONTEXT() REPRESENTATION_CONTEXT('2D SPACE',''
  ) );
#3244 = PCURVE('',#627,#3245);
#3245 = DEFINITIONAL_REPRESENTATION('',(#3246),#3249);
#3246 = B_SPLINE_CURVE_WITH_KNOTS('',1,(#3247,#3248),.UNSPECIFIED.,.F.,
  .F.,(2,2),(-1.0000006,6.E-07),.PIECEWISE_BEZIER_KNOTS.);
#3247 = CARTESIAN_POINT('',(-4.567869547399,-1.0000006));
#3248 = CARTESIAN_POINT('',(-4.567869547399,6.E-07));
#3249 = ( GEOMETRIC_REPRESENTATION_CONTEXT(2) 
PARAMETRIC_REPRESENTATION_CONTEXT() REPRESENTATION_CONTEXT('2D SPACE',''
  ) );
#3250 = ORIENTED_EDGE('',*,*,#1778,.T.);
#3251 = ORIENTED_EDGE('',*,*,#3252,.T.);
#3252 = EDGE_CURVE('',#1753,#3253,#3255,.T.);
#3253 = VERTEX_POINT('',#3254);
#3254 = CARTESIAN_POINT('',(-32.43033934217,-39.67175154229,1.4));
#3255 = SURFACE_CURVE('',#3256,(#3260,#3267),.PCURVE_S1.);
#3256 = LINE('',#3257,#3258);
#3257 = CARTESIAN_POINT('',(-32.43033934217,-39.67175154229,0.));
#3258 = VECTOR('',#3259,1.);
#3259 = DIRECTION('',(0.,0.,1.));
#3260 = PCURVE('',#598,#3261);
#3261 = DEFINITIONAL_REPRESENTATION('',(#3262),#3266);
#3262 = LINE('',#3263,#3264);
#3263 = CARTESIAN_POINT('',(0.,0.));
#3264 = VECTOR('',#3265,1.);
#3265 = DIRECTION('',(1.,0.));
#3266 = ( GEOMETRIC_REPRESENTATION_CONTEXT(2) 
PARAMETRIC_REPRESENTATION_CONTEXT() REPRESENTATION_CONTEXT('2D SPACE',''
  ) );
#3267 = PCURVE('',#1767,#3268);
#3268 = DEFINITIONAL_REPRESENTATION('',(#3269),#3273);
#3269 = LINE('',#3270,#3271);
#3270 = CARTESIAN_POINT('',(0.,-6.));
#3271 = VECTOR('',#3272,1.);
#3272 = DIRECTION('',(1.,0.));
#3273 = ( GEOMETRIC_REPRESENTATION_CONTEXT(2) 
PARAMETRIC_REPRESENTATION_CONTEXT() REPRESENTATION_CONTEXT('2D SPACE',''
  ) );
#3274 = ORIENTED_EDGE('',*,*,#3275,.T.);
#3275 = EDGE_CURVE('',#3253,#3131,#3276,.T.);
#3276 = SURFACE_CURVE('',#3277,(#3281,#3288),.PCURVE_S1.);
#3277 = LINE('',#3278,#3279);
#3278 = CARTESIAN_POINT('',(-32.43033934217,-39.67175154229,1.4));
#3279 = VECTOR('',#3280,1.);
#3280 = DIRECTION('',(-0.723917180764,-0.689886885942,0.));
#3281 = PCURVE('',#598,#3282);
#3282 = DEFINITIONAL_REPRESENTATION('',(#3283),#3287);
#3283 = LINE('',#3284,#3285);
#3284 = CARTESIAN_POINT('',(1.4,0.));
#3285 = VECTOR('',#3286,1.);
#3286 = DIRECTION('',(0.,1.));
#3287 = ( GEOMETRIC_REPRESENTATION_CONTEXT(2) 
PARAMETRIC_REPRESENTATION_CONTEXT() REPRESENTATION_CONTEXT('2D SPACE',''
  ) );
#3288 = PCURVE('',#2260,#3289);
#3289 = DEFINITIONAL_REPRESENTATION('',(#3290),#3294);
#3290 = LINE('',#3291,#3292);
#3291 = CARTESIAN_POINT('',(0.,6.));
#3292 = VECTOR('',#3293,1.);
#3293 = DIRECTION('',(1.,0.));
#3294 = ( GEOMETRIC_REPRESENTATION_CONTEXT(2) 
PARAMETRIC_REPRESENTATION_CONTEXT() REPRESENTATION_CONTEXT('2D SPACE',''
  ) );
#3295 = ORIENTED_EDGE('',*,*,#3158,.T.);
#3296 = ADVANCED_FACE('',(#3297),#627,.T.);
#3297 = FACE_BOUND('',#3298,.F.);
#3298 = EDGE_LOOP('',(#3299,#3300,#3301,#3302));
#3299 = ORIENTED_EDGE('',*,*,#610,.F.);
#3300 = ORIENTED_EDGE('',*,*,#3232,.F.);
#3301 = ORIENTED_EDGE('',*,*,#1799,.T.);
#3302 = ORIENTED_EDGE('',*,*,#3303,.F.);
#3303 = EDGE_CURVE('',#611,#1800,#3304,.T.);
#3304 = SURFACE_CURVE('',#3305,(#3309,#3316),.PCURVE_S1.);
#3305 = LINE('',#3306,#3307);
#3306 = CARTESIAN_POINT('',(-32.,-40.,0.));
#3307 = VECTOR('',#3308,1.);
#3308 = DIRECTION('',(0.,0.,1.));
#3309 = PCURVE('',#627,#3310);
#3310 = DEFINITIONAL_REPRESENTATION('',(#3311),#3315);
#3311 = LINE('',#3312,#3313);
#3312 = CARTESIAN_POINT('',(-4.712388980385,0.));
#3313 = VECTOR('',#3314,1.);
#3314 = DIRECTION('',(-0.,-1.));
#3315 = ( GEOMETRIC_REPRESENTATION_CONTEXT(2) 
PARAMETRIC_REPRESENTATION_CONTEXT() REPRESENTATION_CONTEXT('2D SPACE',''
  ) );
#3316 = PCURVE('',#655,#3317);
#3317 = DEFINITIONAL_REPRESENTATION('',(#3318),#3322);
#3318 = LINE('',#3319,#3320);
#3319 = CARTESIAN_POINT('',(0.,0.));
#3320 = VECTOR('',#3321,1.);
#3321 = DIRECTION('',(0.,-1.));
#3322 = ( GEOMETRIC_REPRESENTATION_CONTEXT(2) 
PARAMETRIC_REPRESENTATION_CONTEXT() REPRESENTATION_CONTEXT('2D SPACE',''
  ) );
#3323 = ADVANCED_FACE('',(#3324),#655,.F.);
#3324 = FACE_BOUND('',#3325,.F.);
#3325 = EDGE_LOOP('',(#3326,#3327,#3328,#3349));
#3326 = ORIENTED_EDGE('',*,*,#3303,.T.);
#3327 = ORIENTED_EDGE('',*,*,#1823,.T.);
#3328 = ORIENTED_EDGE('',*,*,#3329,.F.);
#3329 = EDGE_CURVE('',#640,#1824,#3330,.T.);
#3330 = SURFACE_CURVE('',#3331,(#3335,#3342),.PCURVE_S1.);
#3331 = LINE('',#3332,#3333);
#3332 = CARTESIAN_POINT('',(32.,-40.,0.));
#3333 = VECTOR('',#3334,1.);
#3334 = DIRECTION('',(0.,0.,1.));
#3335 = PCURVE('',#655,#3336);
#3336 = DEFINITIONAL_REPRESENTATION('',(#3337),#3341);
#3337 = LINE('',#3338,#3339);
#3338 = CARTESIAN_POINT('',(64.,0.));
#3339 = VECTOR('',#3340,1.);
#3340 = DIRECTION('',(0.,-1.));
#3341 = ( GEOMETRIC_REPRESENTATION_CONTEXT(2) 
PARAMETRIC_REPRESENTATION_CONTEXT() REPRESENTATION_CONTEXT('2D SPACE',''
  ) );
#3342 = PCURVE('',#684,#3343);
#3343 = DEFINITIONAL_REPRESENTATION('',(#3344),#3348);
#3344 = LINE('',#3345,#3346);
#3345 = CARTESIAN_POINT('',(-4.712388980385,0.));
#3346 = VECTOR('',#3347,1.);
#3347 = DIRECTION('',(-0.,-1.));
#3348 = ( GEOMETRIC_REPRESENTATION_CONTEXT(2) 
PARAMETRIC_REPRESENTATION_CONTEXT() REPRESENTATION_CONTEXT('2D SPACE',''
  ) );
#3349 = ORIENTED_EDGE('',*,*,#639,.F.);
#3350 = ADVANCED_FACE('',(#3351),#684,.T.);
#3351 = FACE_BOUND('',#3352,.F.);
#3352 = EDGE_LOOP('',(#3353,#3354,#3355,#3356));
#3353 = ORIENTED_EDGE('',*,*,#667,.F.);
#3354 = ORIENTED_EDGE('',*,*,#3329,.T.);
#3355 = ORIENTED_EDGE('',*,*,#1846,.T.);
#3356 = ORIENTED_EDGE('',*,*,#3357,.T.);
#3357 = EDGE_CURVE('',#1847,#668,#3358,.T.);
#3358 = SURFACE_CURVE('',#3359,(#3363,#3369),.PCURVE_S1.);
#3359 = LINE('',#3360,#3361);
#3360 = CARTESIAN_POINT('',(32.720084445726,-39.94787614952,0.));
#3361 = VECTOR('',#3362,1.);
#3362 = DIRECTION('',(-0.,-0.,-1.));
#3363 = PCURVE('',#684,#3364);
#3364 = DEFINITIONAL_REPRESENTATION('',(#3365),#3368);
#3365 = B_SPLINE_CURVE_WITH_KNOTS('',1,(#3366,#3367),.UNSPECIFIED.,.F.,
  .F.,(2,2),(-1.0000006,6.E-07),.PIECEWISE_BEZIER_KNOTS.);
#3366 = CARTESIAN_POINT('',(-4.856908413371,-1.0000006));
#3367 = CARTESIAN_POINT('',(-4.856908413371,6.E-07));
#3368 = ( GEOMETRIC_REPRESENTATION_CONTEXT(2) 
PARAMETRIC_REPRESENTATION_CONTEXT() REPRESENTATION_CONTEXT('2D SPACE',''
  ) );
#3369 = PCURVE('',#712,#3370);
#3370 = DEFINITIONAL_REPRESENTATION('',(#3371),#3374);
#3371 = B_SPLINE_CURVE_WITH_KNOTS('',1,(#3372,#3373),.UNSPECIFIED.,.F.,
  .F.,(2,2),(-1.0000006,6.E-07),.PIECEWISE_BEZIER_KNOTS.);
#3372 = CARTESIAN_POINT('',(1.0000006,0.400246203918));
#3373 = CARTESIAN_POINT('',(-6.E-07,0.400246203918));
#3374 = ( GEOMETRIC_REPRESENTATION_CONTEXT(2) 
PARAMETRIC_REPRESENTATION_CONTEXT() REPRESENTATION_CONTEXT('2D SPACE',''
  ) );
#3375 = ADVANCED_FACE('',(#3376),#712,.F.);
#3376 = FACE_BOUND('',#3377,.F.);
#3377 = EDGE_LOOP('',(#3378,#3379,#3380,#3381,#3404,#3432));
#3378 = ORIENTED_EDGE('',*,*,#696,.F.);
#3379 = ORIENTED_EDGE('',*,*,#3357,.F.);
#3380 = ORIENTED_EDGE('',*,*,#1870,.T.);
#3381 = ORIENTED_EDGE('',*,*,#3382,.T.);
#3382 = EDGE_CURVE('',#1871,#3383,#3385,.T.);
#3383 = VERTEX_POINT('',#3384);
#3384 = CARTESIAN_POINT('',(32.430339342174,-39.67175154229,1.4));
#3385 = SURFACE_CURVE('',#3386,(#3390,#3397),.PCURVE_S1.);
#3386 = LINE('',#3387,#3388);
#3387 = CARTESIAN_POINT('',(32.430339342174,-39.67175154229,0.));
#3388 = VECTOR('',#3389,1.);
#3389 = DIRECTION('',(0.,0.,1.));
#3390 = PCURVE('',#712,#3391);
#3391 = DEFINITIONAL_REPRESENTATION('',(#3392),#3396);
#3392 = LINE('',#3393,#3394);
#3393 = CARTESIAN_POINT('',(0.,0.));
#3394 = VECTOR('',#3395,1.);
#3395 = DIRECTION('',(1.,0.));
#3396 = ( GEOMETRIC_REPRESENTATION_CONTEXT(2) 
PARAMETRIC_REPRESENTATION_CONTEXT() REPRESENTATION_CONTEXT('2D SPACE',''
  ) );
#3397 = PCURVE('',#1906,#3398);
#3398 = DEFINITIONAL_REPRESENTATION('',(#3399),#3403);
#3399 = LINE('',#3400,#3401);
#3400 = CARTESIAN_POINT('',(0.,0.));
#3401 = VECTOR('',#3402,1.);
#3402 = DIRECTION('',(1.,0.));
#3403 = ( GEOMETRIC_REPRESENTATION_CONTEXT(2) 
PARAMETRIC_REPRESENTATION_CONTEXT() REPRESENTATION_CONTEXT('2D SPACE',''
  ) );
#3404 = ORIENTED_EDGE('',*,*,#3405,.T.);
#3405 = EDGE_CURVE('',#3383,#3406,#3408,.T.);
#3406 = VERTEX_POINT('',#3407);
#3407 = CARTESIAN_POINT('',(42.825279084957,-49.57804027152,1.4));
#3408 = SURFACE_CURVE('',#3409,(#3413,#3420),.PCURVE_S1.);
#3409 = LINE('',#3410,#3411);
#3410 = CARTESIAN_POINT('',(32.430339342174,-39.67175154229,1.4));
#3411 = VECTOR('',#3412,1.);
#3412 = DIRECTION('',(0.723917180764,-0.689886885942,0.));
#3413 = PCURVE('',#712,#3414);
#3414 = DEFINITIONAL_REPRESENTATION('',(#3415),#3419);
#3415 = LINE('',#3416,#3417);
#3416 = CARTESIAN_POINT('',(1.4,0.));
#3417 = VECTOR('',#3418,1.);
#3418 = DIRECTION('',(0.,1.));
#3419 = ( GEOMETRIC_REPRESENTATION_CONTEXT(2) 
PARAMETRIC_REPRESENTATION_CONTEXT() REPRESENTATION_CONTEXT('2D SPACE',''
  ) );
#3420 = PCURVE('',#3421,#3426);
#3421 = PLANE('',#3422);
#3422 = AXIS2_PLACEMENT_3D('',#3423,#3424,#3425);
#3423 = CARTESIAN_POINT('',(-36.56966065782,-35.3282484577,1.4));
#3424 = DIRECTION('',(0.,0.,1.));
#3425 = DIRECTION('',(-0.723917180764,-0.689886885942,0.));
#3426 = DEFINITIONAL_REPRESENTATION('',(#3427),#3431);
#3427 = LINE('',#3428,#3429);
#3428 = CARTESIAN_POINT('',(-46.95375965562,50.746531637621));
#3429 = VECTOR('',#3430,1.);
#3430 = DIRECTION('',(-4.811216921089E-02,0.998841939034));
#3431 = ( GEOMETRIC_REPRESENTATION_CONTEXT(2) 
PARAMETRIC_REPRESENTATION_CONTEXT() REPRESENTATION_CONTEXT('2D SPACE',''
  ) );
#3432 = ORIENTED_EDGE('',*,*,#3433,.T.);
#3433 = EDGE_CURVE('',#3406,#697,#3434,.T.);
#3434 = SURFACE_CURVE('',#3435,(#3439,#3445),.PCURVE_S1.);
#3435 = LINE('',#3436,#3437);
#3436 = CARTESIAN_POINT('',(42.825279084957,-49.57804027152,0.));
#3437 = VECTOR('',#3438,1.);
#3438 = DIRECTION('',(-0.,-0.,-1.));
#3439 = PCURVE('',#712,#3440);
#3440 = DEFINITIONAL_REPRESENTATION('',(#3441),#3444);
#3441 = B_SPLINE_CURVE_WITH_KNOTS('',1,(#3442,#3443),.UNSPECIFIED.,.F.,
  .F.,(2,2),(-1.54,6.E-07),.PIECEWISE_BEZIER_KNOTS.);
#3442 = CARTESIAN_POINT('',(1.54,14.35929415546));
#3443 = CARTESIAN_POINT('',(-6.E-07,14.35929415546));
#3444 = ( GEOMETRIC_REPRESENTATION_CONTEXT(2) 
PARAMETRIC_REPRESENTATION_CONTEXT() REPRESENTATION_CONTEXT('2D SPACE',''
  ) );
#3445 = PCURVE('',#741,#3446);
#3446 = DEFINITIONAL_REPRESENTATION('',(#3447),#3450);
#3447 = B_SPLINE_CURVE_WITH_KNOTS('',1,(#3448,#3449),.UNSPECIFIED.,.F.,
  .F.,(2,2),(-1.54,6.E-07),.PIECEWISE_BEZIER_KNOTS.);
#3448 = CARTESIAN_POINT('',(-3.409956666077,-1.54));
#3449 = CARTESIAN_POINT('',(-3.409956666077,6.E-07));
#3450 = ( GEOMETRIC_REPRESENTATION_CONTEXT(2) 
PARAMETRIC_REPRESENTATION_CONTEXT() REPRESENTATION_CONTEXT('2D SPACE',''
  ) );
#3451 = ADVANCED_FACE('',(#3452),#741,.T.);
#3452 = FACE_BOUND('',#3453,.F.);
#3453 = EDGE_LOOP('',(#3454,#3455,#3478,#3505,#3506,#3507,#3528,#3556,
    #3575,#3576,#3577,#3605));
#3454 = ORIENTED_EDGE('',*,*,#862,.F.);
#3455 = ORIENTED_EDGE('',*,*,#3456,.T.);
#3456 = EDGE_CURVE('',#839,#3457,#3459,.T.);
#3457 = VERTEX_POINT('',#3458);
#3458 = CARTESIAN_POINT('',(49.7,-48.65,10.6));
#3459 = SEAM_CURVE('',#3460,(#3464,#3471),.PCURVE_S1.);
#3460 = LINE('',#3461,#3462);
#3461 = CARTESIAN_POINT('',(49.7,-48.65,0.));
#3462 = VECTOR('',#3463,1.);
#3463 = DIRECTION('',(0.,0.,1.));
#3464 = PCURVE('',#741,#3465);
#3465 = DEFINITIONAL_REPRESENTATION('',(#3466),#3470);
#3466 = LINE('',#3467,#3468);
#3467 = CARTESIAN_POINT('',(-6.28318530718,0.));
#3468 = VECTOR('',#3469,1.);
#3469 = DIRECTION('',(-0.,-1.));
#3470 = ( GEOMETRIC_REPRESENTATION_CONTEXT(2) 
PARAMETRIC_REPRESENTATION_CONTEXT() REPRESENTATION_CONTEXT('2D SPACE',''
  ) );
#3471 = PCURVE('',#741,#3472);
#3472 = DEFINITIONAL_REPRESENTATION('',(#3473),#3477);
#3473 = LINE('',#3474,#3475);
#3474 = CARTESIAN_POINT('',(-0.,0.));
#3475 = VECTOR('',#3476,1.);
#3476 = DIRECTION('',(-0.,-1.));
#3477 = ( GEOMETRIC_REPRESENTATION_CONTEXT(2) 
PARAMETRIC_REPRESENTATION_CONTEXT() REPRESENTATION_CONTEXT('2D SPACE',''
  ) );
#3478 = ORIENTED_EDGE('',*,*,#3479,.T.);
#3479 = EDGE_CURVE('',#3457,#3457,#3480,.T.);
#3480 = SURFACE_CURVE('',#3481,(#3486,#3493),.PCURVE_S1.);
#3481 = CIRCLE('',#3482,3.5);
#3482 = AXIS2_PLACEMENT_3D('',#3483,#3484,#3485);
#3483 = CARTESIAN_POINT('',(46.2,-48.65,10.6));
#3484 = DIRECTION('',(0.,0.,1.));
#3485 = DIRECTION('',(1.,0.,0.));
#3486 = PCURVE('',#741,#3487);
#3487 = DEFINITIONAL_REPRESENTATION('',(#3488),#3492);
#3488 = LINE('',#3489,#3490);
#3489 = CARTESIAN_POINT('',(-0.,-10.6));
#3490 = VECTOR('',#3491,1.);
#3491 = DIRECTION('',(-1.,0.));
#3492 = ( GEOMETRIC_REPRESENTATION_CONTEXT(2) 
PARAMETRIC_REPRESENTATION_CONTEXT() REPRESENTATION_CONTEXT('2D SPACE',''
  ) );
#3493 = PCURVE('',#3494,#3499);
#3494 = PLANE('',#3495);
#3495 = AXIS2_PLACEMENT_3D('',#3496,#3497,#3498);
#3496 = CARTESIAN_POINT('',(46.2,-48.65,10.6));
#3497 = DIRECTION('',(0.,0.,1.));
#3498 = DIRECTION('',(1.,0.,-0.));
#3499 = DEFINITIONAL_REPRESENTATION('',(#3500),#3504);
#3500 = CIRCLE('',#3501,3.5);
#3501 = AXIS2_PLACEMENT_2D('',#3502,#3503);
#3502 = CARTESIAN_POINT('',(-7.105427357601E-15,7.105427357601E-15));
#3503 = DIRECTION('',(1.,0.));
#3504 = ( GEOMETRIC_REPRESENTATION_CONTEXT(2) 
PARAMETRIC_REPRESENTATION_CONTEXT() REPRESENTATION_CONTEXT('2D SPACE',''
  ) );
#3505 = ORIENTED_EDGE('',*,*,#3456,.F.);
#3506 = ORIENTED_EDGE('',*,*,#838,.F.);
#3507 = ORIENTED_EDGE('',*,*,#3508,.F.);
#3508 = EDGE_CURVE('',#3509,#809,#3511,.T.);
#3509 = VERTEX_POINT('',#3510);
#3510 = CARTESIAN_POINT('',(48.95,-50.81506350946,1.4));
#3511 = SURFACE_CURVE('',#3512,(#3516,#3522),.PCURVE_S1.);
#3512 = LINE('',#3513,#3514);
#3513 = CARTESIAN_POINT('',(48.95,-50.81506350946,0.));
#3514 = VECTOR('',#3515,1.);
#3515 = DIRECTION('',(-0.,-0.,-1.));
#3516 = PCURVE('',#741,#3517);
#3517 = DEFINITIONAL_REPRESENTATION('',(#3518),#3521);
#3518 = B_SPLINE_CURVE_WITH_KNOTS('',1,(#3519,#3520),.UNSPECIFIED.,.F.,
  .F.,(2,2),(-1.54,6.E-07),.PIECEWISE_BEZIER_KNOTS.);
#3519 = CARTESIAN_POINT('',(-5.616238962676,-1.54));
#3520 = CARTESIAN_POINT('',(-5.616238962676,6.E-07));
#3521 = ( GEOMETRIC_REPRESENTATION_CONTEXT(2) 
PARAMETRIC_REPRESENTATION_CONTEXT() REPRESENTATION_CONTEXT('2D SPACE',''
  ) );
#3522 = PCURVE('',#826,#3523);
#3523 = DEFINITIONAL_REPRESENTATION('',(#3524),#3527);
#3524 = B_SPLINE_CURVE_WITH_KNOTS('',1,(#3525,#3526),.UNSPECIFIED.,.F.,
  .F.,(2,2),(-1.54,6.E-07),.PIECEWISE_BEZIER_KNOTS.);
#3525 = CARTESIAN_POINT('',(1.54,2.165063509461));
#3526 = CARTESIAN_POINT('',(-6.E-07,2.165063509461));
#3527 = ( GEOMETRIC_REPRESENTATION_CONTEXT(2) 
PARAMETRIC_REPRESENTATION_CONTEXT() REPRESENTATION_CONTEXT('2D SPACE',''
  ) );
#3528 = ORIENTED_EDGE('',*,*,#3529,.T.);
#3529 = EDGE_CURVE('',#3509,#3530,#3532,.T.);
#3530 = VERTEX_POINT('',#3531);
#3531 = CARTESIAN_POINT('',(43.45,-50.81506350946,1.4));
#3532 = SURFACE_CURVE('',#3533,(#3538,#3545),.PCURVE_S1.);
#3533 = CIRCLE('',#3534,3.5);
#3534 = AXIS2_PLACEMENT_3D('',#3535,#3536,#3537);
#3535 = CARTESIAN_POINT('',(46.2,-48.65,1.4));
#3536 = DIRECTION('',(0.,0.,-1.));
#3537 = DIRECTION('',(1.,0.,0.));
#3538 = PCURVE('',#741,#3539);
#3539 = DEFINITIONAL_REPRESENTATION('',(#3540),#3544);
#3540 = LINE('',#3541,#3542);
#3541 = CARTESIAN_POINT('',(-6.28318530718,-1.4));
#3542 = VECTOR('',#3543,1.);
#3543 = DIRECTION('',(1.,-0.));
#3544 = ( GEOMETRIC_REPRESENTATION_CONTEXT(2) 
PARAMETRIC_REPRESENTATION_CONTEXT() REPRESENTATION_CONTEXT('2D SPACE',''
  ) );
#3545 = PCURVE('',#2409,#3546);
#3546 = DEFINITIONAL_REPRESENTATION('',(#3547),#3555);
#3547 = ( BOUNDED_CURVE() B_SPLINE_CURVE(2,(#3548,#3549,#3550,#3551,
#3552,#3553,#3554),.UNSPECIFIED.,.T.,.F.) B_SPLINE_CURVE_WITH_KNOTS((1,2
    ,2,2,2,1),(-2.094395102393,0.,2.094395102393,4.188790204786,
6.28318530718,8.377580409573),.UNSPECIFIED.) CURVE() 
GEOMETRIC_REPRESENTATION_ITEM() RATIONAL_B_SPLINE_CURVE((1.,0.5,1.,0.5,
1.,0.5,1.)) REPRESENTATION_ITEM('') );
#3548 = CARTESIAN_POINT('',(-53.26158784208,69.160152361824));
#3549 = CARTESIAN_POINT('',(-49.07937085934,73.548667043268));
#3550 = CARTESIAN_POINT('',(-47.3699141517,67.732503551351));
#3551 = CARTESIAN_POINT('',(-45.66045744406,61.916340059435));
#3552 = CARTESIAN_POINT('',(-51.55213113444,63.343988869907));
#3553 = CARTESIAN_POINT('',(-57.44380482482,64.77163768038));
#3554 = CARTESIAN_POINT('',(-53.26158784208,69.160152361824));
#3555 = ( GEOMETRIC_REPRESENTATION_CONTEXT(2) 
PARAMETRIC_REPRESENTATION_CONTEXT() REPRESENTATION_CONTEXT('2D SPACE',''
  ) );
#3556 = ORIENTED_EDGE('',*,*,#3557,.T.);
#3557 = EDGE_CURVE('',#3530,#725,#3558,.T.);
#3558 = SURFACE_CURVE('',#3559,(#3563,#3569),.PCURVE_S1.);
#3559 = LINE('',#3560,#3561);
#3560 = CARTESIAN_POINT('',(43.45,-50.81506350946,0.));
#3561 = VECTOR('',#3562,1.);
#3562 = DIRECTION('',(-0.,-0.,-1.));
#3563 = PCURVE('',#741,#3564);
#3564 = DEFINITIONAL_REPRESENTATION('',(#3565),#3568);
#3565 = B_SPLINE_CURVE_WITH_KNOTS('',1,(#3566,#3567),.UNSPECIFIED.,.F.,
  .F.,(2,2),(-1.54,6.E-07),.PIECEWISE_BEZIER_KNOTS.);
#3566 = CARTESIAN_POINT('',(-3.808538998093,-1.54));
#3567 = CARTESIAN_POINT('',(-3.808538998093,6.E-07));
#3568 = ( GEOMETRIC_REPRESENTATION_CONTEXT(2) 
PARAMETRIC_REPRESENTATION_CONTEXT() REPRESENTATION_CONTEXT('2D SPACE',''
  ) );
#3569 = PCURVE('',#769,#3570);
#3570 = DEFINITIONAL_REPRESENTATION('',(#3571),#3574);
#3571 = B_SPLINE_CURVE_WITH_KNOTS('',1,(#3572,#3573),.UNSPECIFIED.,.F.,
  .F.,(2,2),(-1.54,6.E-07),.PIECEWISE_BEZIER_KNOTS.);
#3572 = CARTESIAN_POINT('',(1.54,2.165063509461));
#3573 = CARTESIAN_POINT('',(-6.E-07,2.165063509461));
#3574 = ( GEOMETRIC_REPRESENTATION_CONTEXT(2) 
PARAMETRIC_REPRESENTATION_CONTEXT() REPRESENTATION_CONTEXT('2D SPACE',''
  ) );
#3575 = ORIENTED_EDGE('',*,*,#724,.F.);
#3576 = ORIENTED_EDGE('',*,*,#3433,.F.);
#3577 = ORIENTED_EDGE('',*,*,#3578,.T.);
#3578 = EDGE_CURVE('',#3406,#3579,#3581,.T.);
#3579 = VERTEX_POINT('',#3580);
#3580 = CARTESIAN_POINT('',(46.964600400608,-45.23453718694,1.4));
#3581 = SURFACE_CURVE('',#3582,(#3587,#3594),.PCURVE_S1.);
#3582 = CIRCLE('',#3583,3.5);
#3583 = AXIS2_PLACEMENT_3D('',#3584,#3585,#3586);
#3584 = CARTESIAN_POINT('',(46.2,-48.65,1.4));
#3585 = DIRECTION('',(0.,0.,-1.));
#3586 = DIRECTION('',(1.,0.,0.));
#3587 = PCURVE('',#741,#3588);
#3588 = DEFINITIONAL_REPRESENTATION('',(#3589),#3593);
#3589 = LINE('',#3590,#3591);
#3590 = CARTESIAN_POINT('',(-6.28318530718,-1.4));
#3591 = VECTOR('',#3592,1.);
#3592 = DIRECTION('',(1.,-0.));
#3593 = ( GEOMETRIC_REPRESENTATION_CONTEXT(2) 
PARAMETRIC_REPRESENTATION_CONTEXT() REPRESENTATION_CONTEXT('2D SPACE',''
  ) );
#3594 = PCURVE('',#3421,#3595);
#3595 = DEFINITIONAL_REPRESENTATION('',(#3596),#3604);
#3596 = ( BOUNDED_CURVE() B_SPLINE_CURVE(2,(#3597,#3598,#3599,#3600,
#3601,#3602,#3603),.UNSPECIFIED.,.T.,.F.) B_SPLINE_CURVE_WITH_KNOTS((1,2
    ,2,2,2,1),(-2.094395102393,0.,2.094395102393,4.188790204786,
6.28318530718,8.377580409573),.UNSPECIFIED.) CURVE() 
GEOMETRIC_REPRESENTATION_ITEM() RATIONAL_B_SPLINE_CURVE((1.,0.5,1.,0.5,
1.,0.5,1.)) REPRESENTATION_ITEM('') );
#3597 = CARTESIAN_POINT('',(-53.26158784208,69.160152361824));
#3598 = CARTESIAN_POINT('',(-49.07937085934,73.548667043268));
#3599 = CARTESIAN_POINT('',(-47.3699141517,67.732503551351));
#3600 = CARTESIAN_POINT('',(-45.66045744406,61.916340059435));
#3601 = CARTESIAN_POINT('',(-51.55213113444,63.343988869907));
#3602 = CARTESIAN_POINT('',(-57.44380482482,64.77163768038));
#3603 = CARTESIAN_POINT('',(-53.26158784208,69.160152361824));
#3604 = ( GEOMETRIC_REPRESENTATION_CONTEXT(2) 
PARAMETRIC_REPRESENTATION_CONTEXT() REPRESENTATION_CONTEXT('2D SPACE',''
  ) );
#3605 = ORIENTED_EDGE('',*,*,#3606,.T.);
#3606 = EDGE_CURVE('',#3579,#863,#3607,.T.);
#3607 = SURFACE_CURVE('',#3608,(#3612,#3618),.PCURVE_S1.);
#3608 = LINE('',#3609,#3610);
#3609 = CARTESIAN_POINT('',(46.964600400608,-45.23453718694,0.));
#3610 = VECTOR('',#3611,1.);
#3611 = DIRECTION('',(-0.,-0.,-1.));
#3612 = PCURVE('',#741,#3613);
#3613 = DEFINITIONAL_REPRESENTATION('',(#3614),#3617);
#3614 = B_SPLINE_CURVE_WITH_KNOTS('',1,(#3615,#3616),.UNSPECIFIED.,.F.,
  .F.,(2,2),(-1.54,6.E-07),.PIECEWISE_BEZIER_KNOTS.);
#3615 = CARTESIAN_POINT('',(-1.350563064401,-1.54));
#3616 = CARTESIAN_POINT('',(-1.350563064401,6.E-07));
#3617 = ( GEOMETRIC_REPRESENTATION_CONTEXT(2) 
PARAMETRIC_REPRESENTATION_CONTEXT() REPRESENTATION_CONTEXT('2D SPACE',''
  ) );
#3618 = PCURVE('',#902,#3619);
#3619 = DEFINITIONAL_REPRESENTATION('',(#3620),#3623);
#3620 = B_SPLINE_CURVE_WITH_KNOTS('',1,(#3621,#3622),.UNSPECIFIED.,.F.,
  .F.,(2,2),(-1.54,6.E-07),.PIECEWISE_BEZIER_KNOTS.);
#3621 = CARTESIAN_POINT('',(1.54,14.35929415546));
#3622 = CARTESIAN_POINT('',(-6.E-07,14.35929415546));
#3623 = ( GEOMETRIC_REPRESENTATION_CONTEXT(2) 
PARAMETRIC_REPRESENTATION_CONTEXT() REPRESENTATION_CONTEXT('2D SPACE',''
  ) );
#3624 = ADVANCED_FACE('',(#3625),#769,.F.);
#3625 = FACE_BOUND('',#3626,.F.);
#3626 = EDGE_LOOP('',(#3627,#3628,#3629,#3652));
#3627 = ORIENTED_EDGE('',*,*,#753,.F.);
#3628 = ORIENTED_EDGE('',*,*,#3557,.F.);
#3629 = ORIENTED_EDGE('',*,*,#3630,.T.);
#3630 = EDGE_CURVE('',#3530,#3631,#3633,.T.);
#3631 = VERTEX_POINT('',#3632);
#3632 = CARTESIAN_POINT('',(43.45,-53.,1.4));
#3633 = SURFACE_CURVE('',#3634,(#3638,#3645),.PCURVE_S1.);
#3634 = LINE('',#3635,#3636);
#3635 = CARTESIAN_POINT('',(43.45,-48.65,1.4));
#3636 = VECTOR('',#3637,1.);
#3637 = DIRECTION('',(1.110223024625E-16,-1.,0.));
#3638 = PCURVE('',#769,#3639);
#3639 = DEFINITIONAL_REPRESENTATION('',(#3640),#3644);
#3640 = LINE('',#3641,#3642);
#3641 = CARTESIAN_POINT('',(1.4,0.));
#3642 = VECTOR('',#3643,1.);
#3643 = DIRECTION('',(0.,1.));
#3644 = ( GEOMETRIC_REPRESENTATION_CONTEXT(2) 
PARAMETRIC_REPRESENTATION_CONTEXT() REPRESENTATION_CONTEXT('2D SPACE',''
  ) );
#3645 = PCURVE('',#2409,#3646);
#3646 = DEFINITIONAL_REPRESENTATION('',(#3647),#3651);
#3647 = LINE('',#3648,#3649);
#3648 = CARTESIAN_POINT('',(-48.73710546231,64.848359324688));
#3649 = VECTOR('',#3650,1.);
#3650 = DIRECTION('',(0.689886885942,0.723917180764));
#3651 = ( GEOMETRIC_REPRESENTATION_CONTEXT(2) 
PARAMETRIC_REPRESENTATION_CONTEXT() REPRESENTATION_CONTEXT('2D SPACE',''
  ) );
#3652 = ORIENTED_EDGE('',*,*,#3653,.T.);
#3653 = EDGE_CURVE('',#3631,#754,#3654,.T.);
#3654 = SURFACE_CURVE('',#3655,(#3659,#3665),.PCURVE_S1.);
#3655 = LINE('',#3656,#3657);
#3656 = CARTESIAN_POINT('',(43.45,-53.,-0.1));
#3657 = VECTOR('',#3658,1.);
#3658 = DIRECTION('',(0.,0.,-1.));
#3659 = PCURVE('',#769,#3660);
#3660 = DEFINITIONAL_REPRESENTATION('',(#3661),#3664);
#3661 = B_SPLINE_CURVE_WITH_KNOTS('',1,(#3662,#3663),.UNSPECIFIED.,.F.,
  .F.,(2,2),(-1.5,-0.1),.PIECEWISE_BEZIER_KNOTS.);
#3662 = CARTESIAN_POINT('',(1.4,4.35));
#3663 = CARTESIAN_POINT('',(0.,4.35));
#3664 = ( GEOMETRIC_REPRESENTATION_CONTEXT(2) 
PARAMETRIC_REPRESENTATION_CONTEXT() REPRESENTATION_CONTEXT('2D SPACE',''
  ) );
#3665 = PCURVE('',#795,#3666);
#3666 = DEFINITIONAL_REPRESENTATION('',(#3667),#3670);
#3667 = B_SPLINE_CURVE_WITH_KNOTS('',1,(#3668,#3669),.UNSPECIFIED.,.F.,
  .F.,(2,2),(-1.5,-0.1),.PIECEWISE_BEZIER_KNOTS.);
#3668 = CARTESIAN_POINT('',(89.95,-1.6));
#3669 = CARTESIAN_POINT('',(89.95,-0.2));
#3670 = ( GEOMETRIC_REPRESENTATION_CONTEXT(2) 
PARAMETRIC_REPRESENTATION_CONTEXT() REPRESENTATION_CONTEXT('2D SPACE',''
  ) );
#3671 = ADVANCED_FACE('',(#3672),#795,.T.);
#3672 = FACE_BOUND('',#3673,.T.);
#3673 = EDGE_LOOP('',(#3674,#3675,#3676,#3677));
#3674 = ORIENTED_EDGE('',*,*,#3653,.T.);
#3675 = ORIENTED_EDGE('',*,*,#781,.T.);
#3676 = ORIENTED_EDGE('',*,*,#3029,.F.);
#3677 = ORIENTED_EDGE('',*,*,#3678,.F.);
#3678 = EDGE_CURVE('',#3631,#3007,#3679,.T.);
#3679 = SURFACE_CURVE('',#3680,(#3684,#3690),.PCURVE_S1.);
#3680 = LINE('',#3681,#3682);
#3681 = CARTESIAN_POINT('',(-23.25,-53.,1.4));
#3682 = VECTOR('',#3683,1.);
#3683 = DIRECTION('',(-1.,0.,0.));
#3684 = PCURVE('',#795,#3685);
#3685 = DEFINITIONAL_REPRESENTATION('',(#3686),#3689);
#3686 = B_SPLINE_CURVE_WITH_KNOTS('',1,(#3687,#3688),.UNSPECIFIED.,.F.,
  .F.,(2,2),(-69.75,23.25),.PIECEWISE_BEZIER_KNOTS.);
#3687 = CARTESIAN_POINT('',(93.,-1.6));
#3688 = CARTESIAN_POINT('',(0.,-1.6));
#3689 = ( GEOMETRIC_REPRESENTATION_CONTEXT(2) 
PARAMETRIC_REPRESENTATION_CONTEXT() REPRESENTATION_CONTEXT('2D SPACE',''
  ) );
#3690 = PCURVE('',#2409,#3691);
#3691 = DEFINITIONAL_REPRESENTATION('',(#3692),#3696);
#3692 = LINE('',#3693,#3694);
#3693 = CARTESIAN_POINT('',(2.549178448503,21.981943768689));
#3694 = VECTOR('',#3695,1.);
#3695 = DIRECTION('',(0.723917180764,-0.689886885942));
#3696 = ( GEOMETRIC_REPRESENTATION_CONTEXT(2) 
PARAMETRIC_REPRESENTATION_CONTEXT() REPRESENTATION_CONTEXT('2D SPACE',''
  ) );
#3697 = ADVANCED_FACE('',(#3698),#826,.T.);
#3698 = FACE_BOUND('',#3699,.T.);
#3699 = EDGE_LOOP('',(#3700,#3701,#3702,#3725));
#3700 = ORIENTED_EDGE('',*,*,#808,.F.);
#3701 = ORIENTED_EDGE('',*,*,#3508,.F.);
#3702 = ORIENTED_EDGE('',*,*,#3703,.T.);
#3703 = EDGE_CURVE('',#3509,#3704,#3706,.T.);
#3704 = VERTEX_POINT('',#3705);
#3705 = CARTESIAN_POINT('',(48.95,-52.27458607002,1.4));
#3706 = SURFACE_CURVE('',#3707,(#3711,#3718),.PCURVE_S1.);
#3707 = LINE('',#3708,#3709);
#3708 = CARTESIAN_POINT('',(48.95,-48.65,1.4));
#3709 = VECTOR('',#3710,1.);
#3710 = DIRECTION('',(1.110223024625E-16,-1.,0.));
#3711 = PCURVE('',#826,#3712);
#3712 = DEFINITIONAL_REPRESENTATION('',(#3713),#3717);
#3713 = LINE('',#3714,#3715);
#3714 = CARTESIAN_POINT('',(1.4,0.));
#3715 = VECTOR('',#3716,1.);
#3716 = DIRECTION('',(0.,1.));
#3717 = ( GEOMETRIC_REPRESENTATION_CONTEXT(2) 
PARAMETRIC_REPRESENTATION_CONTEXT() REPRESENTATION_CONTEXT('2D SPACE',''
  ) );
#3718 = PCURVE('',#2409,#3719);
#3719 = DEFINITIONAL_REPRESENTATION('',(#3720),#3724);
#3720 = LINE('',#3721,#3722);
#3721 = CARTESIAN_POINT('',(-52.71864995651,68.642737197368));
#3722 = VECTOR('',#3723,1.);
#3723 = DIRECTION('',(0.689886885942,0.723917180764));
#3724 = ( GEOMETRIC_REPRESENTATION_CONTEXT(2) 
PARAMETRIC_REPRESENTATION_CONTEXT() REPRESENTATION_CONTEXT('2D SPACE',''
  ) );
#3725 = ORIENTED_EDGE('',*,*,#3726,.T.);
#3726 = EDGE_CURVE('',#3704,#811,#3727,.T.);
#3727 = SURFACE_CURVE('',#3728,(#3732,#3738),.PCURVE_S1.);
#3728 = LINE('',#3729,#3730);
#3729 = CARTESIAN_POINT('',(48.95,-52.27458607002,-0.2));
#3730 = VECTOR('',#3731,1.);
#3731 = DIRECTION('',(-0.,-0.,-1.));
#3732 = PCURVE('',#826,#3733);
#3733 = DEFINITIONAL_REPRESENTATION('',(#3734),#3737);
#3734 = B_SPLINE_CURVE_WITH_KNOTS('',1,(#3735,#3736),.UNSPECIFIED.,.F.,
  .F.,(2,2),(-1.6000006,-0.1999994),.PIECEWISE_BEZIER_KNOTS.);
#3735 = CARTESIAN_POINT('',(1.4000006,3.624586070021));
#3736 = CARTESIAN_POINT('',(-5.999999999895E-07,3.624586070021));
#3737 = ( GEOMETRIC_REPRESENTATION_CONTEXT(2) 
PARAMETRIC_REPRESENTATION_CONTEXT() REPRESENTATION_CONTEXT('2D SPACE',''
  ) );
#3738 = PCURVE('',#1188,#3739);
#3739 = DEFINITIONAL_REPRESENTATION('',(#3740),#3743);
#3740 = B_SPLINE_CURVE_WITH_KNOTS('',1,(#3741,#3742),.UNSPECIFIED.,.F.,
  .F.,(2,2),(-1.6000006,-0.1999994),.PIECEWISE_BEZIER_KNOTS.);
#3741 = CARTESIAN_POINT('',(-5.288115628365,-1.6000006));
#3742 = CARTESIAN_POINT('',(-5.288115628365,-0.1999994));
#3743 = ( GEOMETRIC_REPRESENTATION_CONTEXT(2) 
PARAMETRIC_REPRESENTATION_CONTEXT() REPRESENTATION_CONTEXT('2D SPACE',''
  ) );
#3744 = ADVANCED_FACE('',(#3745),#902,.T.);
#3745 = FACE_BOUND('',#3746,.T.);
#3746 = EDGE_LOOP('',(#3747,#3748,#3767,#3768,#3791,#3812));
#3747 = ORIENTED_EDGE('',*,*,#886,.F.);
#3748 = ORIENTED_EDGE('',*,*,#3749,.F.);
#3749 = EDGE_CURVE('',#1918,#887,#3750,.T.);
#3750 = SURFACE_CURVE('',#3751,(#3755,#3761),.PCURVE_S1.);
#3751 = LINE('',#3752,#3753);
#3752 = CARTESIAN_POINT('',(36.951820117411,-35.69244315637,0.));
#3753 = VECTOR('',#3754,1.);
#3754 = DIRECTION('',(-0.,-0.,-1.));
#3755 = PCURVE('',#902,#3756);
#3756 = DEFINITIONAL_REPRESENTATION('',(#3757),#3760);
#3757 = B_SPLINE_CURVE_WITH_KNOTS('',1,(#3758,#3759),.UNSPECIFIED.,.F.,
  .F.,(2,2),(-1.0000006,6.E-07),.PIECEWISE_BEZIER_KNOTS.);
#3758 = CARTESIAN_POINT('',(1.0000006,0.527904945123));
#3759 = CARTESIAN_POINT('',(-6.E-07,0.527904945123));
#3760 = ( GEOMETRIC_REPRESENTATION_CONTEXT(2) 
PARAMETRIC_REPRESENTATION_CONTEXT() REPRESENTATION_CONTEXT('2D SPACE',''
  ) );
#3761 = PCURVE('',#931,#3762);
#3762 = DEFINITIONAL_REPRESENTATION('',(#3763),#3766);
#3763 = B_SPLINE_CURVE_WITH_KNOTS('',1,(#3764,#3765),.UNSPECIFIED.,.F.,
  .F.,(2,2),(-1.0000006,6.E-07),.PIECEWISE_BEZIER_KNOTS.);
#3764 = CARTESIAN_POINT('',(-6.144250129868,-1.0000006));
#3765 = CARTESIAN_POINT('',(-6.144250129868,6.E-07));
#3766 = ( GEOMETRIC_REPRESENTATION_CONTEXT(2) 
PARAMETRIC_REPRESENTATION_CONTEXT() REPRESENTATION_CONTEXT('2D SPACE',''
  ) );
#3767 = ORIENTED_EDGE('',*,*,#1917,.T.);
#3768 = ORIENTED_EDGE('',*,*,#3769,.T.);
#3769 = EDGE_CURVE('',#1892,#3770,#3772,.T.);
#3770 = VERTEX_POINT('',#3771);
#3771 = CARTESIAN_POINT('',(36.569660657826,-35.3282484577,1.4));
#3772 = SURFACE_CURVE('',#3773,(#3777,#3784),.PCURVE_S1.);
#3773 = LINE('',#3774,#3775);
#3774 = CARTESIAN_POINT('',(36.569660657826,-35.3282484577,0.));
#3775 = VECTOR('',#3776,1.);
#3776 = DIRECTION('',(0.,0.,1.));
#3777 = PCURVE('',#902,#3778);
#3778 = DEFINITIONAL_REPRESENTATION('',(#3779),#3783);
#3779 = LINE('',#3780,#3781);
#3780 = CARTESIAN_POINT('',(0.,0.));
#3781 = VECTOR('',#3782,1.);
#3782 = DIRECTION('',(1.,0.));
#3783 = ( GEOMETRIC_REPRESENTATION_CONTEXT(2) 
PARAMETRIC_REPRESENTATION_CONTEXT() REPRESENTATION_CONTEXT('2D SPACE',''
  ) );
#3784 = PCURVE('',#1906,#3785);
#3785 = DEFINITIONAL_REPRESENTATION('',(#3786),#3790);
#3786 = LINE('',#3787,#3788);
#3787 = CARTESIAN_POINT('',(0.,-6.));
#3788 = VECTOR('',#3789,1.);
#3789 = DIRECTION('',(1.,0.));
#3790 = ( GEOMETRIC_REPRESENTATION_CONTEXT(2) 
PARAMETRIC_REPRESENTATION_CONTEXT() REPRESENTATION_CONTEXT('2D SPACE',''
  ) );
#3791 = ORIENTED_EDGE('',*,*,#3792,.T.);
#3792 = EDGE_CURVE('',#3770,#3579,#3793,.T.);
#3793 = SURFACE_CURVE('',#3794,(#3798,#3805),.PCURVE_S1.);
#3794 = LINE('',#3795,#3796);
#3795 = CARTESIAN_POINT('',(36.569660657826,-35.3282484577,1.4));
#3796 = VECTOR('',#3797,1.);
#3797 = DIRECTION('',(0.723917180764,-0.689886885942,0.));
#3798 = PCURVE('',#902,#3799);
#3799 = DEFINITIONAL_REPRESENTATION('',(#3800),#3804);
#3800 = LINE('',#3801,#3802);
#3801 = CARTESIAN_POINT('',(1.4,0.));
#3802 = VECTOR('',#3803,1.);
#3803 = DIRECTION('',(0.,1.));
#3804 = ( GEOMETRIC_REPRESENTATION_CONTEXT(2) 
PARAMETRIC_REPRESENTATION_CONTEXT() REPRESENTATION_CONTEXT('2D SPACE',''
  ) );
#3805 = PCURVE('',#3421,#3806);
#3806 = DEFINITIONAL_REPRESENTATION('',(#3807),#3811);
#3807 = LINE('',#3808,#3809);
#3808 = CARTESIAN_POINT('',(-52.94681128982,50.457858622356));
#3809 = VECTOR('',#3810,1.);
#3810 = DIRECTION('',(-4.811216921089E-02,0.998841939034));
#3811 = ( GEOMETRIC_REPRESENTATION_CONTEXT(2) 
PARAMETRIC_REPRESENTATION_CONTEXT() REPRESENTATION_CONTEXT('2D SPACE',''
  ) );
#3812 = ORIENTED_EDGE('',*,*,#3606,.T.);
#3813 = ADVANCED_FACE('',(#3814),#931,.T.);
#3814 = FACE_BOUND('',#3815,.F.);
#3815 = EDGE_LOOP('',(#3816,#3817,#3818,#3819));
#3816 = ORIENTED_EDGE('',*,*,#914,.F.);
#3817 = ORIENTED_EDGE('',*,*,#3749,.F.);
#3818 = ORIENTED_EDGE('',*,*,#1938,.T.);
#3819 = ORIENTED_EDGE('',*,*,#3820,.F.);
#3820 = EDGE_CURVE('',#915,#1939,#3821,.T.);
#3821 = SURFACE_CURVE('',#3822,(#3826,#3833),.PCURVE_S1.);
#3822 = LINE('',#3823,#3824);
#3823 = CARTESIAN_POINT('',(37.,-35.,0.));
#3824 = VECTOR('',#3825,1.);
#3825 = DIRECTION('',(0.,0.,1.));
#3826 = PCURVE('',#931,#3827);
#3827 = DEFINITIONAL_REPRESENTATION('',(#3828),#3832);
#3828 = LINE('',#3829,#3830);
#3829 = CARTESIAN_POINT('',(-6.28318530718,0.));
#3830 = VECTOR('',#3831,1.);
#3831 = DIRECTION('',(-0.,-1.));
#3832 = ( GEOMETRIC_REPRESENTATION_CONTEXT(2) 
PARAMETRIC_REPRESENTATION_CONTEXT() REPRESENTATION_CONTEXT('2D SPACE',''
  ) );
#3833 = PCURVE('',#959,#3834);
#3834 = DEFINITIONAL_REPRESENTATION('',(#3835),#3839);
#3835 = LINE('',#3836,#3837);
#3836 = CARTESIAN_POINT('',(0.,0.));
#3837 = VECTOR('',#3838,1.);
#3838 = DIRECTION('',(0.,-1.));
#3839 = ( GEOMETRIC_REPRESENTATION_CONTEXT(2) 
PARAMETRIC_REPRESENTATION_CONTEXT() REPRESENTATION_CONTEXT('2D SPACE',''
  ) );
#3840 = ADVANCED_FACE('',(#3841),#959,.F.);
#3841 = FACE_BOUND('',#3842,.F.);
#3842 = EDGE_LOOP('',(#3843,#3844,#3845,#3866));
#3843 = ORIENTED_EDGE('',*,*,#3820,.T.);
#3844 = ORIENTED_EDGE('',*,*,#1962,.T.);
#3845 = ORIENTED_EDGE('',*,*,#3846,.F.);
#3846 = EDGE_CURVE('',#944,#1963,#3847,.T.);
#3847 = SURFACE_CURVE('',#3848,(#3852,#3859),.PCURVE_S1.);
#3848 = LINE('',#3849,#3850);
#3849 = CARTESIAN_POINT('',(37.,35.,0.));
#3850 = VECTOR('',#3851,1.);
#3851 = DIRECTION('',(0.,0.,1.));
#3852 = PCURVE('',#959,#3853);
#3853 = DEFINITIONAL_REPRESENTATION('',(#3854),#3858);
#3854 = LINE('',#3855,#3856);
#3855 = CARTESIAN_POINT('',(70.,0.));
#3856 = VECTOR('',#3857,1.);
#3857 = DIRECTION('',(0.,-1.));
#3858 = ( GEOMETRIC_REPRESENTATION_CONTEXT(2) 
PARAMETRIC_REPRESENTATION_CONTEXT() REPRESENTATION_CONTEXT('2D SPACE',''
  ) );
#3859 = PCURVE('',#988,#3860);
#3860 = DEFINITIONAL_REPRESENTATION('',(#3861),#3865);
#3861 = LINE('',#3862,#3863);
#3862 = CARTESIAN_POINT('',(-0.,0.));
#3863 = VECTOR('',#3864,1.);
#3864 = DIRECTION('',(-0.,-1.));
#3865 = ( GEOMETRIC_REPRESENTATION_CONTEXT(2) 
PARAMETRIC_REPRESENTATION_CONTEXT() REPRESENTATION_CONTEXT('2D SPACE',''
  ) );
#3866 = ORIENTED_EDGE('',*,*,#943,.F.);
#3867 = ADVANCED_FACE('',(#3868),#988,.T.);
#3868 = FACE_BOUND('',#3869,.F.);
#3869 = EDGE_LOOP('',(#3870,#3871,#3872,#3873));
#3870 = ORIENTED_EDGE('',*,*,#971,.F.);
#3871 = ORIENTED_EDGE('',*,*,#3846,.T.);
#3872 = ORIENTED_EDGE('',*,*,#1985,.T.);
#3873 = ORIENTED_EDGE('',*,*,#3874,.T.);
#3874 = EDGE_CURVE('',#1986,#972,#3875,.T.);
#3875 = SURFACE_CURVE('',#3876,(#3880,#3886),.PCURVE_S1.);
#3876 = LINE('',#3877,#3878);
#3877 = CARTESIAN_POINT('',(36.951820117411,35.692443156372,0.));
#3878 = VECTOR('',#3879,1.);
#3879 = DIRECTION('',(-0.,-0.,-1.));
#3880 = PCURVE('',#988,#3881);
#3881 = DEFINITIONAL_REPRESENTATION('',(#3882),#3885);
#3882 = B_SPLINE_CURVE_WITH_KNOTS('',1,(#3883,#3884),.UNSPECIFIED.,.F.,
  .F.,(2,2),(-1.0000006,6.E-07),.PIECEWISE_BEZIER_KNOTS.);
#3883 = CARTESIAN_POINT('',(-0.138935177312,-1.0000006));
#3884 = CARTESIAN_POINT('',(-0.138935177312,6.E-07));
#3885 = ( GEOMETRIC_REPRESENTATION_CONTEXT(2) 
PARAMETRIC_REPRESENTATION_CONTEXT() REPRESENTATION_CONTEXT('2D SPACE',''
  ) );
#3886 = PCURVE('',#1016,#3887);
#3887 = DEFINITIONAL_REPRESENTATION('',(#3888),#3891);
#3888 = B_SPLINE_CURVE_WITH_KNOTS('',1,(#3889,#3890),.UNSPECIFIED.,.F.,
  .F.,(2,2),(-1.0000006,6.E-07),.PIECEWISE_BEZIER_KNOTS.);
#3889 = CARTESIAN_POINT('',(1.0000006,0.527904945123));
#3890 = CARTESIAN_POINT('',(-6.E-07,0.527904945123));
#3891 = ( GEOMETRIC_REPRESENTATION_CONTEXT(2) 
PARAMETRIC_REPRESENTATION_CONTEXT() REPRESENTATION_CONTEXT('2D SPACE',''
  ) );
#3892 = ADVANCED_FACE('',(#3893),#1016,.F.);
#3893 = FACE_BOUND('',#3894,.F.);
#3894 = EDGE_LOOP('',(#3895,#3896,#3897,#3898,#3921,#3949));
#3895 = ORIENTED_EDGE('',*,*,#1000,.F.);
#3896 = ORIENTED_EDGE('',*,*,#3874,.F.);
#3897 = ORIENTED_EDGE('',*,*,#2009,.T.);
#3898 = ORIENTED_EDGE('',*,*,#3899,.T.);
#3899 = EDGE_CURVE('',#2010,#3900,#3902,.T.);
#3900 = VERTEX_POINT('',#3901);
#3901 = CARTESIAN_POINT('',(36.569660657826,35.328248457708,1.4));
#3902 = SURFACE_CURVE('',#3903,(#3907,#3914),.PCURVE_S1.);
#3903 = LINE('',#3904,#3905);
#3904 = CARTESIAN_POINT('',(36.569660657826,35.328248457708,0.));
#3905 = VECTOR('',#3906,1.);
#3906 = DIRECTION('',(0.,0.,1.));
#3907 = PCURVE('',#1016,#3908);
#3908 = DEFINITIONAL_REPRESENTATION('',(#3909),#3913);
#3909 = LINE('',#3910,#3911);
#3910 = CARTESIAN_POINT('',(0.,0.));
#3911 = VECTOR('',#3912,1.);
#3912 = DIRECTION('',(1.,0.));
#3913 = ( GEOMETRIC_REPRESENTATION_CONTEXT(2) 
PARAMETRIC_REPRESENTATION_CONTEXT() REPRESENTATION_CONTEXT('2D SPACE',''
  ) );
#3914 = PCURVE('',#2045,#3915);
#3915 = DEFINITIONAL_REPRESENTATION('',(#3916),#3920);
#3916 = LINE('',#3917,#3918);
#3917 = CARTESIAN_POINT('',(0.,0.));
#3918 = VECTOR('',#3919,1.);
#3919 = DIRECTION('',(1.,0.));
#3920 = ( GEOMETRIC_REPRESENTATION_CONTEXT(2) 
PARAMETRIC_REPRESENTATION_CONTEXT() REPRESENTATION_CONTEXT('2D SPACE',''
  ) );
#3921 = ORIENTED_EDGE('',*,*,#3922,.T.);
#3922 = EDGE_CURVE('',#3900,#3923,#3925,.T.);
#3923 = VERTEX_POINT('',#3924);
#3924 = CARTESIAN_POINT('',(46.964600400608,45.234537186941,1.4));
#3925 = SURFACE_CURVE('',#3926,(#3930,#3937),.PCURVE_S1.);
#3926 = LINE('',#3927,#3928);
#3927 = CARTESIAN_POINT('',(36.569660657826,35.328248457708,1.4));
#3928 = VECTOR('',#3929,1.);
#3929 = DIRECTION('',(0.723917180764,0.689886885942,0.));
#3930 = PCURVE('',#1016,#3931);
#3931 = DEFINITIONAL_REPRESENTATION('',(#3932),#3936);
#3932 = LINE('',#3933,#3934);
#3933 = CARTESIAN_POINT('',(1.4,0.));
#3934 = VECTOR('',#3935,1.);
#3935 = DIRECTION('',(0.,1.));
#3936 = ( GEOMETRIC_REPRESENTATION_CONTEXT(2) 
PARAMETRIC_REPRESENTATION_CONTEXT() REPRESENTATION_CONTEXT('2D SPACE',''
  ) );
#3937 = PCURVE('',#3938,#3943);
#3938 = PLANE('',#3939);
#3939 = AXIS2_PLACEMENT_3D('',#3940,#3941,#3942);
#3940 = CARTESIAN_POINT('',(-32.43033934217,39.671751542292,1.4));
#3941 = DIRECTION('',(0.,0.,1.));
#3942 = DIRECTION('',(-0.723917180764,0.689886885942,0.));
#3943 = DEFINITIONAL_REPRESENTATION('',(#3944),#3948);
#3944 = LINE('',#3945,#3946);
#3945 = CARTESIAN_POINT('',(-52.94681128982,-44.45785862235));
#3946 = VECTOR('',#3947,1.);
#3947 = DIRECTION('',(-4.811216921089E-02,-0.998841939034));
#3948 = ( GEOMETRIC_REPRESENTATION_CONTEXT(2) 
PARAMETRIC_REPRESENTATION_CONTEXT() REPRESENTATION_CONTEXT('2D SPACE',''
  ) );
#3949 = ORIENTED_EDGE('',*,*,#3950,.T.);
#3950 = EDGE_CURVE('',#3923,#1001,#3951,.T.);
#3951 = SURFACE_CURVE('',#3952,(#3956,#3962),.PCURVE_S1.);
#3952 = LINE('',#3953,#3954);
#3953 = CARTESIAN_POINT('',(46.964600400608,45.234537186941,0.));
#3954 = VECTOR('',#3955,1.);
#3955 = DIRECTION('',(-0.,-0.,-1.));
#3956 = PCURVE('',#1016,#3957);
#3957 = DEFINITIONAL_REPRESENTATION('',(#3958),#3961);
#3958 = B_SPLINE_CURVE_WITH_KNOTS('',1,(#3959,#3960),.UNSPECIFIED.,.F.,
  .F.,(2,2),(-1.54,6.E-07),.PIECEWISE_BEZIER_KNOTS.);
#3959 = CARTESIAN_POINT('',(1.54,14.35929415546));
#3960 = CARTESIAN_POINT('',(-6.E-07,14.35929415546));
#3961 = ( GEOMETRIC_REPRESENTATION_CONTEXT(2) 
PARAMETRIC_REPRESENTATION_CONTEXT() REPRESENTATION_CONTEXT('2D SPACE',''
  ) );
#3962 = PCURVE('',#1045,#3963);
#3963 = DEFINITIONAL_REPRESENTATION('',(#3964),#3967);
#3964 = B_SPLINE_CURVE_WITH_KNOTS('',1,(#3965,#3966),.UNSPECIFIED.,.F.,
  .F.,(2,2),(-1.54,6.E-07),.PIECEWISE_BEZIER_KNOTS.);
#3965 = CARTESIAN_POINT('',(-4.932622242778,-1.54));
#3966 = CARTESIAN_POINT('',(-4.932622242778,6.E-07));
#3967 = ( GEOMETRIC_REPRESENTATION_CONTEXT(2) 
PARAMETRIC_REPRESENTATION_CONTEXT() REPRESENTATION_CONTEXT('2D SPACE',''
  ) );
#3968 = ADVANCED_FACE('',(#3969),#1045,.T.);
#3969 = FACE_BOUND('',#3970,.F.);
#3970 = EDGE_LOOP('',(#3971,#3972,#3995,#4022,#4023,#4024,#4025,#4053,
    #4072,#4073,#4094,#4122));
#3971 = ORIENTED_EDGE('',*,*,#1057,.F.);
#3972 = ORIENTED_EDGE('',*,*,#3973,.T.);
#3973 = EDGE_CURVE('',#1029,#3974,#3976,.T.);
#3974 = VERTEX_POINT('',#3975);
#3975 = CARTESIAN_POINT('',(49.7,48.65,10.6));
#3976 = SEAM_CURVE('',#3977,(#3981,#3988),.PCURVE_S1.);
#3977 = LINE('',#3978,#3979);
#3978 = CARTESIAN_POINT('',(49.7,48.65,0.));
#3979 = VECTOR('',#3980,1.);
#3980 = DIRECTION('',(0.,0.,1.));
#3981 = PCURVE('',#1045,#3982);
#3982 = DEFINITIONAL_REPRESENTATION('',(#3983),#3987);
#3983 = LINE('',#3984,#3985);
#3984 = CARTESIAN_POINT('',(-6.28318530718,0.));
#3985 = VECTOR('',#3986,1.);
#3986 = DIRECTION('',(-0.,-1.));
#3987 = ( GEOMETRIC_REPRESENTATION_CONTEXT(2) 
PARAMETRIC_REPRESENTATION_CONTEXT() REPRESENTATION_CONTEXT('2D SPACE',''
  ) );
#3988 = PCURVE('',#1045,#3989);
#3989 = DEFINITIONAL_REPRESENTATION('',(#3990),#3994);
#3990 = LINE('',#3991,#3992);
#3991 = CARTESIAN_POINT('',(-0.,0.));
#3992 = VECTOR('',#3993,1.);
#3993 = DIRECTION('',(-0.,-1.));
#3994 = ( GEOMETRIC_REPRESENTATION_CONTEXT(2) 
PARAMETRIC_REPRESENTATION_CONTEXT() REPRESENTATION_CONTEXT('2D SPACE',''
  ) );
#3995 = ORIENTED_EDGE('',*,*,#3996,.T.);
#3996 = EDGE_CURVE('',#3974,#3974,#3997,.T.);
#3997 = SURFACE_CURVE('',#3998,(#4003,#4010),.PCURVE_S1.);
#3998 = CIRCLE('',#3999,3.5);
#3999 = AXIS2_PLACEMENT_3D('',#4000,#4001,#4002);
#4000 = CARTESIAN_POINT('',(46.2,48.65,10.6));
#4001 = DIRECTION('',(0.,0.,1.));
#4002 = DIRECTION('',(1.,0.,0.));
#4003 = PCURVE('',#1045,#4004);
#4004 = DEFINITIONAL_REPRESENTATION('',(#4005),#4009);
#4005 = LINE('',#4006,#4007);
#4006 = CARTESIAN_POINT('',(-0.,-10.6));
#4007 = VECTOR('',#4008,1.);
#4008 = DIRECTION('',(-1.,0.));
#4009 = ( GEOMETRIC_REPRESENTATION_CONTEXT(2) 
PARAMETRIC_REPRESENTATION_CONTEXT() REPRESENTATION_CONTEXT('2D SPACE',''
  ) );
#4010 = PCURVE('',#4011,#4016);
#4011 = PLANE('',#4012);
#4012 = AXIS2_PLACEMENT_3D('',#4013,#4014,#4015);
#4013 = CARTESIAN_POINT('',(46.2,48.65,10.6));
#4014 = DIRECTION('',(0.,0.,1.));
#4015 = DIRECTION('',(1.,0.,-0.));
#4016 = DEFINITIONAL_REPRESENTATION('',(#4017),#4021);
#4017 = CIRCLE('',#4018,3.5);
#4018 = AXIS2_PLACEMENT_2D('',#4019,#4020);
#4019 = CARTESIAN_POINT('',(-7.105427357601E-15,-7.105427357601E-15));
#4020 = DIRECTION('',(1.,0.));
#4021 = ( GEOMETRIC_REPRESENTATION_CONTEXT(2) 
PARAMETRIC_REPRESENTATION_CONTEXT() REPRESENTATION_CONTEXT('2D SPACE',''
  ) );
#4022 = ORIENTED_EDGE('',*,*,#3973,.F.);
#4023 = ORIENTED_EDGE('',*,*,#1028,.F.);
#4024 = ORIENTED_EDGE('',*,*,#3950,.F.);
#4025 = ORIENTED_EDGE('',*,*,#4026,.T.);
#4026 = EDGE_CURVE('',#3923,#4027,#4029,.T.);
#4027 = VERTEX_POINT('',#4028);
#4028 = CARTESIAN_POINT('',(42.825279084957,49.578040271525,1.4));
#4029 = SURFACE_CURVE('',#4030,(#4035,#4042),.PCURVE_S1.);
#4030 = CIRCLE('',#4031,3.5);
#4031 = AXIS2_PLACEMENT_3D('',#4032,#4033,#4034);
#4032 = CARTESIAN_POINT('',(46.2,48.65,1.4));
#4033 = DIRECTION('',(0.,0.,-1.));
#4034 = DIRECTION('',(1.,0.,0.));
#4035 = PCURVE('',#1045,#4036);
#4036 = DEFINITIONAL_REPRESENTATION('',(#4037),#4041);
#4037 = LINE('',#4038,#4039);
#4038 = CARTESIAN_POINT('',(-6.28318530718,-1.4));
#4039 = VECTOR('',#4040,1.);
#4040 = DIRECTION('',(1.,-0.));
#4041 = ( GEOMETRIC_REPRESENTATION_CONTEXT(2) 
PARAMETRIC_REPRESENTATION_CONTEXT() REPRESENTATION_CONTEXT('2D SPACE',''
  ) );
#4042 = PCURVE('',#3938,#4043);
#4043 = DEFINITIONAL_REPRESENTATION('',(#4044),#4052);
#4044 = ( BOUNDED_CURVE() B_SPLINE_CURVE(2,(#4045,#4046,#4047,#4048,
#4049,#4050,#4051),.UNSPECIFIED.,.T.,.F.) B_SPLINE_CURVE_WITH_KNOTS((1,2
    ,2,2,2,1),(-2.094395102393,0.,2.094395102393,4.188790204786,
6.28318530718,8.377580409573),.UNSPECIFIED.) CURVE() 
GEOMETRIC_REPRESENTATION_ITEM() RATIONAL_B_SPLINE_CURVE((1.,0.5,1.,0.5,
1.,0.5,1.)) REPRESENTATION_ITEM('') );
#4045 = CARTESIAN_POINT('',(-53.26158784208,-63.16015236182));
#4046 = CARTESIAN_POINT('',(-57.44380482482,-58.77163768038));
#4047 = CARTESIAN_POINT('',(-51.55213113444,-57.3439888699));
#4048 = CARTESIAN_POINT('',(-45.66045744406,-55.91634005943));
#4049 = CARTESIAN_POINT('',(-47.3699141517,-61.73250355135));
#4050 = CARTESIAN_POINT('',(-49.07937085934,-67.54866704326));
#4051 = CARTESIAN_POINT('',(-53.26158784208,-63.16015236182));
#4052 = ( GEOMETRIC_REPRESENTATION_CONTEXT(2) 
PARAMETRIC_REPRESENTATION_CONTEXT() REPRESENTATION_CONTEXT('2D SPACE',''
  ) );
#4053 = ORIENTED_EDGE('',*,*,#4054,.T.);
#4054 = EDGE_CURVE('',#4027,#1484,#4055,.T.);
#4055 = SURFACE_CURVE('',#4056,(#4060,#4066),.PCURVE_S1.);
#4056 = LINE('',#4057,#4058);
#4057 = CARTESIAN_POINT('',(42.825279084957,49.578040271526,0.));
#4058 = VECTOR('',#4059,1.);
#4059 = DIRECTION('',(-0.,-0.,-1.));
#4060 = PCURVE('',#1045,#4061);
#4061 = DEFINITIONAL_REPRESENTATION('',(#4062),#4065);
#4062 = B_SPLINE_CURVE_WITH_KNOTS('',1,(#4063,#4064),.UNSPECIFIED.,.F.,
  .F.,(2,2),(-1.54,6.E-07),.PIECEWISE_BEZIER_KNOTS.);
#4063 = CARTESIAN_POINT('',(-2.873228641103,-1.54));
#4064 = CARTESIAN_POINT('',(-2.873228641103,6.E-07));
#4065 = ( GEOMETRIC_REPRESENTATION_CONTEXT(2) 
PARAMETRIC_REPRESENTATION_CONTEXT() REPRESENTATION_CONTEXT('2D SPACE',''
  ) );
#4066 = PCURVE('',#1523,#4067);
#4067 = DEFINITIONAL_REPRESENTATION('',(#4068),#4071);
#4068 = B_SPLINE_CURVE_WITH_KNOTS('',1,(#4069,#4070),.UNSPECIFIED.,.F.,
  .F.,(2,2),(-1.54,6.E-07),.PIECEWISE_BEZIER_KNOTS.);
#4069 = CARTESIAN_POINT('',(1.54,14.35929415546));
#4070 = CARTESIAN_POINT('',(-6.E-07,14.35929415546));
#4071 = ( GEOMETRIC_REPRESENTATION_CONTEXT(2) 
PARAMETRIC_REPRESENTATION_CONTEXT() REPRESENTATION_CONTEXT('2D SPACE',''
  ) );
#4072 = ORIENTED_EDGE('',*,*,#1483,.F.);
#4073 = ORIENTED_EDGE('',*,*,#4074,.F.);
#4074 = EDGE_CURVE('',#4075,#1454,#4077,.T.);
#4075 = VERTEX_POINT('',#4076);
#4076 = CARTESIAN_POINT('',(43.45,50.815063509461,1.4));
#4077 = SURFACE_CURVE('',#4078,(#4082,#4088),.PCURVE_S1.);
#4078 = LINE('',#4079,#4080);
#4079 = CARTESIAN_POINT('',(43.45,50.815063509461,0.));
#4080 = VECTOR('',#4081,1.);
#4081 = DIRECTION('',(-0.,-0.,-1.));
#4082 = PCURVE('',#1045,#4083);
#4083 = DEFINITIONAL_REPRESENTATION('',(#4084),#4087);
#4084 = B_SPLINE_CURVE_WITH_KNOTS('',1,(#4085,#4086),.UNSPECIFIED.,.F.,
  .F.,(2,2),(-1.54,6.E-07),.PIECEWISE_BEZIER_KNOTS.);
#4085 = CARTESIAN_POINT('',(-2.474646309086,-1.54));
#4086 = CARTESIAN_POINT('',(-2.474646309086,6.E-07));
#4087 = ( GEOMETRIC_REPRESENTATION_CONTEXT(2) 
PARAMETRIC_REPRESENTATION_CONTEXT() REPRESENTATION_CONTEXT('2D SPACE',''
  ) );
#4088 = PCURVE('',#1471,#4089);
#4089 = DEFINITIONAL_REPRESENTATION('',(#4090),#4093);
#4090 = B_SPLINE_CURVE_WITH_KNOTS('',1,(#4091,#4092),.UNSPECIFIED.,.F.,
  .F.,(2,2),(-1.54,6.E-07),.PIECEWISE_BEZIER_KNOTS.);
#4091 = CARTESIAN_POINT('',(1.54,2.165063509461));
#4092 = CARTESIAN_POINT('',(-6.E-07,2.165063509461));
#4093 = ( GEOMETRIC_REPRESENTATION_CONTEXT(2) 
PARAMETRIC_REPRESENTATION_CONTEXT() REPRESENTATION_CONTEXT('2D SPACE',''
  ) );
#4094 = ORIENTED_EDGE('',*,*,#4095,.T.);
#4095 = EDGE_CURVE('',#4075,#4096,#4098,.T.);
#4096 = VERTEX_POINT('',#4097);
#4097 = CARTESIAN_POINT('',(48.95,50.815063509461,1.4));
#4098 = SURFACE_CURVE('',#4099,(#4104,#4111),.PCURVE_S1.);
#4099 = CIRCLE('',#4100,3.5);
#4100 = AXIS2_PLACEMENT_3D('',#4101,#4102,#4103);
#4101 = CARTESIAN_POINT('',(46.2,48.65,1.4));
#4102 = DIRECTION('',(0.,0.,-1.));
#4103 = DIRECTION('',(1.,0.,0.));
#4104 = PCURVE('',#1045,#4105);
#4105 = DEFINITIONAL_REPRESENTATION('',(#4106),#4110);
#4106 = LINE('',#4107,#4108);
#4107 = CARTESIAN_POINT('',(-6.28318530718,-1.4));
#4108 = VECTOR('',#4109,1.);
#4109 = DIRECTION('',(1.,-0.));
#4110 = ( GEOMETRIC_REPRESENTATION_CONTEXT(2) 
PARAMETRIC_REPRESENTATION_CONTEXT() REPRESENTATION_CONTEXT('2D SPACE',''
  ) );
#4111 = PCURVE('',#2409,#4112);
#4112 = DEFINITIONAL_REPRESENTATION('',(#4113),#4121);
#4113 = ( BOUNDED_CURVE() B_SPLINE_CURVE(2,(#4114,#4115,#4116,#4117,
#4118,#4119,#4120),.UNSPECIFIED.,.T.,.F.) B_SPLINE_CURVE_WITH_KNOTS((1,2
    ,2,2,2,1),(-2.094395102393,0.,2.094395102393,4.188790204786,
6.28318530718,8.377580409573),.UNSPECIFIED.) CURVE() 
GEOMETRIC_REPRESENTATION_ITEM() RATIONAL_B_SPLINE_CURVE((1.,0.5,1.,0.5,
1.,0.5,1.)) REPRESENTATION_ITEM('') );
#4114 = CARTESIAN_POINT('',(-120.3875818442,-1.276989326523));
#4115 = CARTESIAN_POINT('',(-116.2053648614,3.111525354921));
#4116 = CARTESIAN_POINT('',(-114.4959081538,-2.704638136996));
#4117 = CARTESIAN_POINT('',(-112.7864514462,-8.520801628912));
#4118 = CARTESIAN_POINT('',(-118.6781251365,-7.09315281844));
#4119 = CARTESIAN_POINT('',(-124.5697988269,-5.665504007967));
#4120 = CARTESIAN_POINT('',(-120.3875818442,-1.276989326523));
#4121 = ( GEOMETRIC_REPRESENTATION_CONTEXT(2) 
PARAMETRIC_REPRESENTATION_CONTEXT() REPRESENTATION_CONTEXT('2D SPACE',''
  ) );
#4122 = ORIENTED_EDGE('',*,*,#4123,.T.);
#4123 = EDGE_CURVE('',#4096,#1058,#4124,.T.);
#4124 = SURFACE_CURVE('',#4125,(#4129,#4135),.PCURVE_S1.);
#4125 = LINE('',#4126,#4127);
#4126 = CARTESIAN_POINT('',(48.95,50.815063509461,0.));
#4127 = VECTOR('',#4128,1.);
#4128 = DIRECTION('',(-0.,-0.,-1.));
#4129 = PCURVE('',#1045,#4130);
#4130 = DEFINITIONAL_REPRESENTATION('',(#4131),#4134);
#4131 = B_SPLINE_CURVE_WITH_KNOTS('',1,(#4132,#4133),.UNSPECIFIED.,.F.,
  .F.,(2,2),(-1.54,6.E-07),.PIECEWISE_BEZIER_KNOTS.);
#4132 = CARTESIAN_POINT('',(-0.666946344504,-1.54));
#4133 = CARTESIAN_POINT('',(-0.666946344504,6.E-07));
#4134 = ( GEOMETRIC_REPRESENTATION_CONTEXT(2) 
PARAMETRIC_REPRESENTATION_CONTEXT() REPRESENTATION_CONTEXT('2D SPACE',''
  ) );
#4135 = PCURVE('',#1097,#4136);
#4136 = DEFINITIONAL_REPRESENTATION('',(#4137),#4140);
#4137 = B_SPLINE_CURVE_WITH_KNOTS('',1,(#4138,#4139),.UNSPECIFIED.,.F.,
  .F.,(2,2),(-1.54,6.E-07),.PIECEWISE_BEZIER_KNOTS.);
#4138 = CARTESIAN_POINT('',(1.54,2.165063509461));
#4139 = CARTESIAN_POINT('',(-6.E-07,2.165063509461));
#4140 = ( GEOMETRIC_REPRESENTATION_CONTEXT(2) 
PARAMETRIC_REPRESENTATION_CONTEXT() REPRESENTATION_CONTEXT('2D SPACE',''
  ) );
#4141 = ADVANCED_FACE('',(#4142),#1097,.F.);
#4142 = FACE_BOUND('',#4143,.F.);
#4143 = EDGE_LOOP('',(#4144,#4145,#4146,#4169));
#4144 = ORIENTED_EDGE('',*,*,#1081,.F.);
#4145 = ORIENTED_EDGE('',*,*,#4123,.F.);
#4146 = ORIENTED_EDGE('',*,*,#4147,.T.);
#4147 = EDGE_CURVE('',#4096,#4148,#4150,.T.);
#4148 = VERTEX_POINT('',#4149);
#4149 = CARTESIAN_POINT('',(48.95,52.274586070022,1.4));
#4150 = SURFACE_CURVE('',#4151,(#4155,#4162),.PCURVE_S1.);
#4151 = LINE('',#4152,#4153);
#4152 = CARTESIAN_POINT('',(48.95,48.65,1.4));
#4153 = VECTOR('',#4154,1.);
#4154 = DIRECTION('',(1.110223024625E-16,1.,0.));
#4155 = PCURVE('',#1097,#4156);
#4156 = DEFINITIONAL_REPRESENTATION('',(#4157),#4161);
#4157 = LINE('',#4158,#4159);
#4158 = CARTESIAN_POINT('',(1.4,0.));
#4159 = VECTOR('',#4160,1.);
#4160 = DIRECTION('',(0.,1.));
#4161 = ( GEOMETRIC_REPRESENTATION_CONTEXT(2) 
PARAMETRIC_REPRESENTATION_CONTEXT() REPRESENTATION_CONTEXT('2D SPACE',''
  ) );
#4162 = PCURVE('',#2409,#4163);
#4163 = DEFINITIONAL_REPRESENTATION('',(#4164),#4168);
#4164 = LINE('',#4165,#4166);
#4165 = CARTESIAN_POINT('',(-119.8446439586,-1.794404490979));
#4166 = VECTOR('',#4167,1.);
#4167 = DIRECTION('',(-0.689886885942,-0.723917180764));
#4168 = ( GEOMETRIC_REPRESENTATION_CONTEXT(2) 
PARAMETRIC_REPRESENTATION_CONTEXT() REPRESENTATION_CONTEXT('2D SPACE',''
  ) );
#4169 = ORIENTED_EDGE('',*,*,#4170,.T.);
#4170 = EDGE_CURVE('',#4148,#1082,#4171,.T.);
#4171 = SURFACE_CURVE('',#4172,(#4176,#4182),.PCURVE_S1.);
#4172 = LINE('',#4173,#4174);
#4173 = CARTESIAN_POINT('',(48.95,52.274586070021,-0.2));
#4174 = VECTOR('',#4175,1.);
#4175 = DIRECTION('',(-0.,-0.,-1.));
#4176 = PCURVE('',#1097,#4177);
#4177 = DEFINITIONAL_REPRESENTATION('',(#4178),#4181);
#4178 = B_SPLINE_CURVE_WITH_KNOTS('',1,(#4179,#4180),.UNSPECIFIED.,.F.,
  .F.,(2,2),(-1.6000006,-0.1999994),.PIECEWISE_BEZIER_KNOTS.);
#4179 = CARTESIAN_POINT('',(1.4000006,3.624586070021));
#4180 = CARTESIAN_POINT('',(-5.999999999895E-07,3.624586070021));
#4181 = ( GEOMETRIC_REPRESENTATION_CONTEXT(2) 
PARAMETRIC_REPRESENTATION_CONTEXT() REPRESENTATION_CONTEXT('2D SPACE',''
  ) );
#4182 = PCURVE('',#1130,#4183);
#4183 = DEFINITIONAL_REPRESENTATION('',(#4184),#4187);
#4184 = B_SPLINE_CURVE_WITH_KNOTS('',1,(#4185,#4186),.UNSPECIFIED.,.F.,
  .F.,(2,2),(-1.6000006,-0.1999994),.PIECEWISE_BEZIER_KNOTS.);
#4185 = CARTESIAN_POINT('',(-0.995069678815,-1.6000006));
#4186 = CARTESIAN_POINT('',(-0.995069678815,-0.1999994));
#4187 = ( GEOMETRIC_REPRESENTATION_CONTEXT(2) 
PARAMETRIC_REPRESENTATION_CONTEXT() REPRESENTATION_CONTEXT('2D SPACE',''
  ) );
#4188 = ADVANCED_FACE('',(#4189),#1130,.F.);
#4189 = FACE_BOUND('',#4190,.T.);
#4190 = EDGE_LOOP('',(#4191,#4192,#4193,#4216));
#4191 = ORIENTED_EDGE('',*,*,#4170,.T.);
#4192 = ORIENTED_EDGE('',*,*,#1109,.T.);
#4193 = ORIENTED_EDGE('',*,*,#4194,.T.);
#4194 = EDGE_CURVE('',#1110,#4195,#4197,.T.);
#4195 = VERTEX_POINT('',#4196);
#4196 = CARTESIAN_POINT('',(51.,48.5,1.4));
#4197 = SURFACE_CURVE('',#4198,(#4202,#4209),.PCURVE_S1.);
#4198 = LINE('',#4199,#4200);
#4199 = CARTESIAN_POINT('',(51.,48.5,-0.2));
#4200 = VECTOR('',#4201,1.);
#4201 = DIRECTION('',(0.,0.,1.));
#4202 = PCURVE('',#1130,#4203);
#4203 = DEFINITIONAL_REPRESENTATION('',(#4204),#4208);
#4204 = LINE('',#4205,#4206);
#4205 = CARTESIAN_POINT('',(-0.,0.));
#4206 = VECTOR('',#4207,1.);
#4207 = DIRECTION('',(-0.,-1.));
#4208 = ( GEOMETRIC_REPRESENTATION_CONTEXT(2) 
PARAMETRIC_REPRESENTATION_CONTEXT() REPRESENTATION_CONTEXT('2D SPACE',''
  ) );
#4209 = PCURVE('',#1158,#4210);
#4210 = DEFINITIONAL_REPRESENTATION('',(#4211),#4215);
#4211 = LINE('',#4212,#4213);
#4212 = CARTESIAN_POINT('',(97.,0.));
#4213 = VECTOR('',#4214,1.);
#4214 = DIRECTION('',(0.,-1.));
#4215 = ( GEOMETRIC_REPRESENTATION_CONTEXT(2) 
PARAMETRIC_REPRESENTATION_CONTEXT() REPRESENTATION_CONTEXT('2D SPACE',''
  ) );
#4216 = ORIENTED_EDGE('',*,*,#4217,.F.);
#4217 = EDGE_CURVE('',#4148,#4195,#4218,.T.);
#4218 = SURFACE_CURVE('',#4219,(#4224,#4231),.PCURVE_S1.);
#4219 = CIRCLE('',#4220,4.5);
#4220 = AXIS2_PLACEMENT_3D('',#4221,#4222,#4223);
#4221 = CARTESIAN_POINT('',(46.5,48.5,1.4));
#4222 = DIRECTION('',(0.,0.,-1.));
#4223 = DIRECTION('',(1.,0.,0.));
#4224 = PCURVE('',#1130,#4225);
#4225 = DEFINITIONAL_REPRESENTATION('',(#4226),#4230);
#4226 = LINE('',#4227,#4228);
#4227 = CARTESIAN_POINT('',(-6.28318530718,-1.6));
#4228 = VECTOR('',#4229,1.);
#4229 = DIRECTION('',(1.,-0.));
#4230 = ( GEOMETRIC_REPRESENTATION_CONTEXT(2) 
PARAMETRIC_REPRESENTATION_CONTEXT() REPRESENTATION_CONTEXT('2D SPACE',''
  ) );
#4231 = PCURVE('',#2409,#4232);
#4232 = DEFINITIONAL_REPRESENTATION('',(#4233),#4241);
#4233 = ( BOUNDED_CURVE() B_SPLINE_CURVE(2,(#4234,#4235,#4236,#4237,
#4238,#4239,#4240),.UNSPECIFIED.,.T.,.F.) B_SPLINE_CURVE_WITH_KNOTS((1,2
    ,2,2,2,1),(-2.094395102393,0.,2.094395102393,4.188790204786,
6.28318530718,8.377580409573),.UNSPECIFIED.) CURVE() 
GEOMETRIC_REPRESENTATION_ITEM() RATIONAL_B_SPLINE_CURVE((1.,0.5,1.,0.5,
1.,0.5,1.)) REPRESENTATION_ITEM('') );
#4234 = CARTESIAN_POINT('',(-121.2251911463,-0.271548797684));
#4235 = CARTESIAN_POINT('',(-115.8480550256,5.370827221316));
#4236 = CARTESIAN_POINT('',(-113.6501821158,-2.107097268292));
#4237 = CARTESIAN_POINT('',(-111.452309206,-9.585021757899));
#4238 = CARTESIAN_POINT('',(-119.0273182365,-7.749473287291));
#4239 = CARTESIAN_POINT('',(-126.602327267,-5.913924816683));
#4240 = CARTESIAN_POINT('',(-121.2251911463,-0.271548797684));
#4241 = ( GEOMETRIC_REPRESENTATION_CONTEXT(2) 
PARAMETRIC_REPRESENTATION_CONTEXT() REPRESENTATION_CONTEXT('2D SPACE',''
  ) );
#4242 = ADVANCED_FACE('',(#4243),#1158,.T.);
#4243 = FACE_BOUND('',#4244,.T.);
#4244 = EDGE_LOOP('',(#4245,#4246,#4269,#4289));
#4245 = ORIENTED_EDGE('',*,*,#1142,.T.);
#4246 = ORIENTED_EDGE('',*,*,#4247,.T.);
#4247 = EDGE_CURVE('',#1143,#4248,#4250,.T.);
#4248 = VERTEX_POINT('',#4249);
#4249 = CARTESIAN_POINT('',(51.,-48.5,1.4));
#4250 = SURFACE_CURVE('',#4251,(#4255,#4262),.PCURVE_S1.);
#4251 = LINE('',#4252,#4253);
#4252 = CARTESIAN_POINT('',(51.,-48.5,-0.2));
#4253 = VECTOR('',#4254,1.);
#4254 = DIRECTION('',(0.,0.,1.));
#4255 = PCURVE('',#1158,#4256);
#4256 = DEFINITIONAL_REPRESENTATION('',(#4257),#4261);
#4257 = LINE('',#4258,#4259);
#4258 = CARTESIAN_POINT('',(0.,0.));
#4259 = VECTOR('',#4260,1.);
#4260 = DIRECTION('',(0.,-1.));
#4261 = ( GEOMETRIC_REPRESENTATION_CONTEXT(2) 
PARAMETRIC_REPRESENTATION_CONTEXT() REPRESENTATION_CONTEXT('2D SPACE',''
  ) );
#4262 = PCURVE('',#1188,#4263);
#4263 = DEFINITIONAL_REPRESENTATION('',(#4264),#4268);
#4264 = LINE('',#4265,#4266);
#4265 = CARTESIAN_POINT('',(-6.28318530718,0.));
#4266 = VECTOR('',#4267,1.);
#4267 = DIRECTION('',(-0.,-1.));
#4268 = ( GEOMETRIC_REPRESENTATION_CONTEXT(2) 
PARAMETRIC_REPRESENTATION_CONTEXT() REPRESENTATION_CONTEXT('2D SPACE',''
  ) );
#4269 = ORIENTED_EDGE('',*,*,#4270,.F.);
#4270 = EDGE_CURVE('',#4195,#4248,#4271,.T.);
#4271 = SURFACE_CURVE('',#4272,(#4276,#4282),.PCURVE_S1.);
#4272 = LINE('',#4273,#4274);
#4273 = CARTESIAN_POINT('',(51.,-24.25,1.4));
#4274 = VECTOR('',#4275,1.);
#4275 = DIRECTION('',(0.,-1.,0.));
#4276 = PCURVE('',#1158,#4277);
#4277 = DEFINITIONAL_REPRESENTATION('',(#4278),#4281);
#4278 = B_SPLINE_CURVE_WITH_KNOTS('',1,(#4279,#4280),.UNSPECIFIED.,.F.,
  .F.,(2,2),(-72.75,24.25),.PIECEWISE_BEZIER_KNOTS.);
#4279 = CARTESIAN_POINT('',(97.,-1.6));
#4280 = CARTESIAN_POINT('',(0.,-1.6));
#4281 = ( GEOMETRIC_REPRESENTATION_CONTEXT(2) 
PARAMETRIC_REPRESENTATION_CONTEXT() REPRESENTATION_CONTEXT('2D SPACE',''
  ) );
#4282 = PCURVE('',#2409,#4283);
#4283 = DEFINITIONAL_REPRESENTATION('',(#4284),#4288);
#4284 = LINE('',#4285,#4286);
#4285 = CARTESIAN_POINT('',(-71.03592019406,52.393426102904));
#4286 = VECTOR('',#4287,1.);
#4287 = DIRECTION('',(0.689886885942,0.723917180764));
#4288 = ( GEOMETRIC_REPRESENTATION_CONTEXT(2) 
PARAMETRIC_REPRESENTATION_CONTEXT() REPRESENTATION_CONTEXT('2D SPACE',''
  ) );
#4289 = ORIENTED_EDGE('',*,*,#4194,.F.);
#4290 = ADVANCED_FACE('',(#4291),#1188,.F.);
#4291 = FACE_BOUND('',#4292,.T.);
#4292 = EDGE_LOOP('',(#4293,#4294,#4295,#4296));
#4293 = ORIENTED_EDGE('',*,*,#4247,.F.);
#4294 = ORIENTED_EDGE('',*,*,#1169,.T.);
#4295 = ORIENTED_EDGE('',*,*,#3726,.F.);
#4296 = ORIENTED_EDGE('',*,*,#4297,.F.);
#4297 = EDGE_CURVE('',#4248,#3704,#4298,.T.);
#4298 = SURFACE_CURVE('',#4299,(#4304,#4311),.PCURVE_S1.);
#4299 = CIRCLE('',#4300,4.5);
#4300 = AXIS2_PLACEMENT_3D('',#4301,#4302,#4303);
#4301 = CARTESIAN_POINT('',(46.5,-48.5,1.4));
#4302 = DIRECTION('',(0.,0.,-1.));
#4303 = DIRECTION('',(1.,0.,0.));
#4304 = PCURVE('',#1188,#4305);
#4305 = DEFINITIONAL_REPRESENTATION('',(#4306),#4310);
#4306 = LINE('',#4307,#4308);
#4307 = CARTESIAN_POINT('',(-6.28318530718,-1.6));
#4308 = VECTOR('',#4309,1.);
#4309 = DIRECTION('',(1.,-0.));
#4310 = ( GEOMETRIC_REPRESENTATION_CONTEXT(2) 
PARAMETRIC_REPRESENTATION_CONTEXT() REPRESENTATION_CONTEXT('2D SPACE',''
  ) );
#4311 = PCURVE('',#2409,#4312);
#4312 = DEFINITIONAL_REPRESENTATION('',(#4313),#4321);
#4313 = ( BOUNDED_CURVE() B_SPLINE_CURVE(2,(#4314,#4315,#4316,#4317,
#4318,#4319,#4320),.UNSPECIFIED.,.T.,.F.) B_SPLINE_CURVE_WITH_KNOTS((1,2
    ,2,2,2,1),(-2.094395102393,0.,2.094395102393,4.188790204786,
6.28318530718,8.377580409573),.UNSPECIFIED.) CURVE() 
GEOMETRIC_REPRESENTATION_ITEM() RATIONAL_B_SPLINE_CURVE((1.,0.5,1.,0.5,
1.,0.5,1.)) REPRESENTATION_ITEM('') );
#4314 = CARTESIAN_POINT('',(-54.30616320997,69.948417736434));
#4315 = CARTESIAN_POINT('',(-48.9290270893,75.590793755433));
#4316 = CARTESIAN_POINT('',(-46.73115417947,68.112869265826));
#4317 = CARTESIAN_POINT('',(-44.53328126965,60.634944776219));
#4318 = CARTESIAN_POINT('',(-52.10829030014,62.470493246827));
#4319 = CARTESIAN_POINT('',(-59.68329933064,64.306041717434));
#4320 = CARTESIAN_POINT('',(-54.30616320997,69.948417736434));
#4321 = ( GEOMETRIC_REPRESENTATION_CONTEXT(2) 
PARAMETRIC_REPRESENTATION_CONTEXT() REPRESENTATION_CONTEXT('2D SPACE',''
  ) );
#4322 = ADVANCED_FACE('',(#4323),#1267,.F.);
#4323 = FACE_BOUND('',#4324,.F.);
#4324 = EDGE_LOOP('',(#4325,#4326,#4327,#4350));
#4325 = ORIENTED_EDGE('',*,*,#1251,.F.);
#4326 = ORIENTED_EDGE('',*,*,#3207,.F.);
#4327 = ORIENTED_EDGE('',*,*,#4328,.T.);
#4328 = EDGE_CURVE('',#3180,#4329,#4331,.T.);
#4329 = VERTEX_POINT('',#4330);
#4330 = CARTESIAN_POINT('',(-48.95,-52.27458607002,1.4));
#4331 = SURFACE_CURVE('',#4332,(#4336,#4343),.PCURVE_S1.);
#4332 = LINE('',#4333,#4334);
#4333 = CARTESIAN_POINT('',(-48.95,-48.65,1.4));
#4334 = VECTOR('',#4335,1.);
#4335 = DIRECTION('',(1.110223024625E-16,-1.,0.));
#4336 = PCURVE('',#1267,#4337);
#4337 = DEFINITIONAL_REPRESENTATION('',(#4338),#4342);
#4338 = LINE('',#4339,#4340);
#4339 = CARTESIAN_POINT('',(1.4,0.));
#4340 = VECTOR('',#4341,1.);
#4341 = DIRECTION('',(0.,1.));
#4342 = ( GEOMETRIC_REPRESENTATION_CONTEXT(2) 
PARAMETRIC_REPRESENTATION_CONTEXT() REPRESENTATION_CONTEXT('2D SPACE',''
  ) );
#4343 = PCURVE('',#2409,#4344);
#4344 = DEFINITIONAL_REPRESENTATION('',(#4345),#4349);
#4345 = LINE('',#4346,#4347);
#4346 = CARTESIAN_POINT('',(18.152842040293,1.10281106366));
#4347 = VECTOR('',#4348,1.);
#4348 = DIRECTION('',(0.689886885942,0.723917180764));
#4349 = ( GEOMETRIC_REPRESENTATION_CONTEXT(2) 
PARAMETRIC_REPRESENTATION_CONTEXT() REPRESENTATION_CONTEXT('2D SPACE',''
  ) );
#4350 = ORIENTED_EDGE('',*,*,#4351,.T.);
#4351 = EDGE_CURVE('',#4329,#1252,#4352,.T.);
#4352 = SURFACE_CURVE('',#4353,(#4357,#4363),.PCURVE_S1.);
#4353 = LINE('',#4354,#4355);
#4354 = CARTESIAN_POINT('',(-48.95,-52.27458607002,-0.2));
#4355 = VECTOR('',#4356,1.);
#4356 = DIRECTION('',(-0.,-0.,-1.));
#4357 = PCURVE('',#1267,#4358);
#4358 = DEFINITIONAL_REPRESENTATION('',(#4359),#4362);
#4359 = B_SPLINE_CURVE_WITH_KNOTS('',1,(#4360,#4361),.UNSPECIFIED.,.F.,
  .F.,(2,2),(-1.6000006,-0.1999994),.PIECEWISE_BEZIER_KNOTS.);
#4360 = CARTESIAN_POINT('',(1.4000006,3.624586070021));
#4361 = CARTESIAN_POINT('',(-5.999999999895E-07,3.624586070021));
#4362 = ( GEOMETRIC_REPRESENTATION_CONTEXT(2) 
PARAMETRIC_REPRESENTATION_CONTEXT() REPRESENTATION_CONTEXT('2D SPACE',''
  ) );
#4363 = PCURVE('',#1300,#4364);
#4364 = DEFINITIONAL_REPRESENTATION('',(#4365),#4368);
#4365 = B_SPLINE_CURVE_WITH_KNOTS('',1,(#4366,#4367),.UNSPECIFIED.,.F.,
  .F.,(2,2),(-1.6000006,-0.1999994),.PIECEWISE_BEZIER_KNOTS.);
#4366 = CARTESIAN_POINT('',(-4.136662332404,-1.6000006));
#4367 = CARTESIAN_POINT('',(-4.136662332404,-0.1999994));
#4368 = ( GEOMETRIC_REPRESENTATION_CONTEXT(2) 
PARAMETRIC_REPRESENTATION_CONTEXT() REPRESENTATION_CONTEXT('2D SPACE',''
  ) );
#4369 = ADVANCED_FACE('',(#4370),#1300,.F.);
#4370 = FACE_BOUND('',#4371,.T.);
#4371 = EDGE_LOOP('',(#4372,#4373,#4374,#4397));
#4372 = ORIENTED_EDGE('',*,*,#4351,.T.);
#4373 = ORIENTED_EDGE('',*,*,#1279,.T.);
#4374 = ORIENTED_EDGE('',*,*,#4375,.T.);
#4375 = EDGE_CURVE('',#1280,#4376,#4378,.T.);
#4376 = VERTEX_POINT('',#4377);
#4377 = CARTESIAN_POINT('',(-51.,-48.5,1.4));
#4378 = SURFACE_CURVE('',#4379,(#4383,#4390),.PCURVE_S1.);
#4379 = LINE('',#4380,#4381);
#4380 = CARTESIAN_POINT('',(-51.,-48.5,-0.2));
#4381 = VECTOR('',#4382,1.);
#4382 = DIRECTION('',(0.,0.,1.));
#4383 = PCURVE('',#1300,#4384);
#4384 = DEFINITIONAL_REPRESENTATION('',(#4385),#4389);
#4385 = LINE('',#4386,#4387);
#4386 = CARTESIAN_POINT('',(-3.14159265359,0.));
#4387 = VECTOR('',#4388,1.);
#4388 = DIRECTION('',(-0.,-1.));
#4389 = ( GEOMETRIC_REPRESENTATION_CONTEXT(2) 
PARAMETRIC_REPRESENTATION_CONTEXT() REPRESENTATION_CONTEXT('2D SPACE',''
  ) );
#4390 = PCURVE('',#1328,#4391);
#4391 = DEFINITIONAL_REPRESENTATION('',(#4392),#4396);
#4392 = LINE('',#4393,#4394);
#4393 = CARTESIAN_POINT('',(0.,0.));
#4394 = VECTOR('',#4395,1.);
#4395 = DIRECTION('',(0.,-1.));
#4396 = ( GEOMETRIC_REPRESENTATION_CONTEXT(2) 
PARAMETRIC_REPRESENTATION_CONTEXT() REPRESENTATION_CONTEXT('2D SPACE',''
  ) );
#4397 = ORIENTED_EDGE('',*,*,#4398,.F.);
#4398 = EDGE_CURVE('',#4329,#4376,#4399,.T.);
#4399 = SURFACE_CURVE('',#4400,(#4405,#4412),.PCURVE_S1.);
#4400 = CIRCLE('',#4401,4.5);
#4401 = AXIS2_PLACEMENT_3D('',#4402,#4403,#4404);
#4402 = CARTESIAN_POINT('',(-46.5,-48.5,1.4));
#4403 = DIRECTION('',(0.,0.,-1.));
#4404 = DIRECTION('',(1.,0.,0.));
#4405 = PCURVE('',#1300,#4406);
#4406 = DEFINITIONAL_REPRESENTATION('',(#4407),#4411);
#4407 = LINE('',#4408,#4409);
#4408 = CARTESIAN_POINT('',(-6.28318530718,-1.6));
#4409 = VECTOR('',#4410,1.);
#4410 = DIRECTION('',(1.,-0.));
#4411 = ( GEOMETRIC_REPRESENTATION_CONTEXT(2) 
PARAMETRIC_REPRESENTATION_CONTEXT() REPRESENTATION_CONTEXT('2D SPACE',''
  ) );
#4412 = PCURVE('',#2409,#4413);
#4413 = DEFINITIONAL_REPRESENTATION('',(#4414),#4422);
#4414 = ( BOUNDED_CURVE() B_SPLINE_CURVE(2,(#4415,#4416,#4417,#4418,
#4419,#4420,#4421),.UNSPECIFIED.,.T.,.F.) B_SPLINE_CURVE_WITH_KNOTS((1,2
    ,2,2,2,1),(-2.094395102393,0.,2.094395102393,4.188790204786,
6.28318530718,8.377580409573),.UNSPECIFIED.) CURVE() 
GEOMETRIC_REPRESENTATION_ITEM() RATIONAL_B_SPLINE_CURVE((1.,0.5,1.,0.5,
1.,0.5,1.)) REPRESENTATION_ITEM('') );
#4415 = CARTESIAN_POINT('',(13.018134601091,5.788937343841));
#4416 = CARTESIAN_POINT('',(18.395270721762,11.431313362841));
#4417 = CARTESIAN_POINT('',(20.593143631584,3.953388873233));
#4418 = CARTESIAN_POINT('',(22.791016541407,-3.524535616374));
#4419 = CARTESIAN_POINT('',(15.216007510914,-1.688987145766));
#4420 = CARTESIAN_POINT('',(7.640998480421,0.146561324842));
#4421 = CARTESIAN_POINT('',(13.018134601091,5.788937343841));
#4422 = ( GEOMETRIC_REPRESENTATION_CONTEXT(2) 
PARAMETRIC_REPRESENTATION_CONTEXT() REPRESENTATION_CONTEXT('2D SPACE',''
  ) );
#4423 = ADVANCED_FACE('',(#4424),#1328,.F.);
#4424 = FACE_BOUND('',#4425,.F.);
#4425 = EDGE_LOOP('',(#4426,#4427,#4428,#4450));
#4426 = ORIENTED_EDGE('',*,*,#1312,.T.);
#4427 = ORIENTED_EDGE('',*,*,#4375,.T.);
#4428 = ORIENTED_EDGE('',*,*,#4429,.F.);
#4429 = EDGE_CURVE('',#4430,#4376,#4432,.T.);
#4430 = VERTEX_POINT('',#4431);
#4431 = CARTESIAN_POINT('',(-51.,48.5,1.4));
#4432 = SURFACE_CURVE('',#4433,(#4437,#4443),.PCURVE_S1.);
#4433 = LINE('',#4434,#4435);
#4434 = CARTESIAN_POINT('',(-51.,-24.25,1.4));
#4435 = VECTOR('',#4436,1.);
#4436 = DIRECTION('',(0.,-1.,0.));
#4437 = PCURVE('',#1328,#4438);
#4438 = DEFINITIONAL_REPRESENTATION('',(#4439),#4442);
#4439 = B_SPLINE_CURVE_WITH_KNOTS('',1,(#4440,#4441),.UNSPECIFIED.,.F.,
  .F.,(2,2),(-72.75,24.25),.PIECEWISE_BEZIER_KNOTS.);
#4440 = CARTESIAN_POINT('',(97.,-1.6));
#4441 = CARTESIAN_POINT('',(0.,-1.6));
#4442 = ( GEOMETRIC_REPRESENTATION_CONTEXT(2) 
PARAMETRIC_REPRESENTATION_CONTEXT() REPRESENTATION_CONTEXT('2D SPACE',''
  ) );
#4443 = PCURVE('',#2409,#4444);
#4444 = DEFINITIONAL_REPRESENTATION('',(#4445),#4449);
#4445 = LINE('',#4446,#4447);
#4446 = CARTESIAN_POINT('',(2.803632243878,-17.97503626316));
#4447 = VECTOR('',#4448,1.);
#4448 = DIRECTION('',(0.689886885942,0.723917180764));
#4449 = ( GEOMETRIC_REPRESENTATION_CONTEXT(2) 
PARAMETRIC_REPRESENTATION_CONTEXT() REPRESENTATION_CONTEXT('2D SPACE',''
  ) );
#4450 = ORIENTED_EDGE('',*,*,#4451,.F.);
#4451 = EDGE_CURVE('',#1313,#4430,#4452,.T.);
#4452 = SURFACE_CURVE('',#4453,(#4457,#4464),.PCURVE_S1.);
#4453 = LINE('',#4454,#4455);
#4454 = CARTESIAN_POINT('',(-51.,48.5,-0.2));
#4455 = VECTOR('',#4456,1.);
#4456 = DIRECTION('',(0.,0.,1.));
#4457 = PCURVE('',#1328,#4458);
#4458 = DEFINITIONAL_REPRESENTATION('',(#4459),#4463);
#4459 = LINE('',#4460,#4461);
#4460 = CARTESIAN_POINT('',(97.,0.));
#4461 = VECTOR('',#4462,1.);
#4462 = DIRECTION('',(0.,-1.));
#4463 = ( GEOMETRIC_REPRESENTATION_CONTEXT(2) 
PARAMETRIC_REPRESENTATION_CONTEXT() REPRESENTATION_CONTEXT('2D SPACE',''
  ) );
#4464 = PCURVE('',#1360,#4465);
#4465 = DEFINITIONAL_REPRESENTATION('',(#4466),#4470);
#4466 = LINE('',#4467,#4468);
#4467 = CARTESIAN_POINT('',(-3.14159265359,0.));
#4468 = VECTOR('',#4469,1.);
#4469 = DIRECTION('',(-0.,-1.));
#4470 = ( GEOMETRIC_REPRESENTATION_CONTEXT(2) 
PARAMETRIC_REPRESENTATION_CONTEXT() REPRESENTATION_CONTEXT('2D SPACE',''
  ) );
#4471 = ADVANCED_FACE('',(#4472),#1360,.F.);
#4472 = FACE_BOUND('',#4473,.T.);
#4473 = EDGE_LOOP('',(#4474,#4475,#4476,#4497));
#4474 = ORIENTED_EDGE('',*,*,#4451,.F.);
#4475 = ORIENTED_EDGE('',*,*,#1339,.T.);
#4476 = ORIENTED_EDGE('',*,*,#4477,.F.);
#4477 = EDGE_CURVE('',#4478,#1340,#4480,.T.);
#4478 = VERTEX_POINT('',#4479);
#4479 = CARTESIAN_POINT('',(-48.95,52.274586070022,1.4));
#4480 = SURFACE_CURVE('',#4481,(#4485,#4491),.PCURVE_S1.);
#4481 = LINE('',#4482,#4483);
#4482 = CARTESIAN_POINT('',(-48.95,52.274586070021,-0.2));
#4483 = VECTOR('',#4484,1.);
#4484 = DIRECTION('',(-0.,-0.,-1.));
#4485 = PCURVE('',#1360,#4486);
#4486 = DEFINITIONAL_REPRESENTATION('',(#4487),#4490);
#4487 = B_SPLINE_CURVE_WITH_KNOTS('',1,(#4488,#4489),.UNSPECIFIED.,.F.,
  .F.,(2,2),(-1.6000006,-0.1999994),.PIECEWISE_BEZIER_KNOTS.);
#4488 = CARTESIAN_POINT('',(-2.146522974775,-1.6000006));
#4489 = CARTESIAN_POINT('',(-2.146522974775,-0.1999994));
#4490 = ( GEOMETRIC_REPRESENTATION_CONTEXT(2) 
PARAMETRIC_REPRESENTATION_CONTEXT() REPRESENTATION_CONTEXT('2D SPACE',''
  ) );
#4491 = PCURVE('',#1388,#4492);
#4492 = DEFINITIONAL_REPRESENTATION('',(#4493),#4496);
#4493 = B_SPLINE_CURVE_WITH_KNOTS('',1,(#4494,#4495),.UNSPECIFIED.,.F.,
  .F.,(2,2),(-1.6000006,-0.1999994),.PIECEWISE_BEZIER_KNOTS.);
#4494 = CARTESIAN_POINT('',(1.4000006,3.624586070021));
#4495 = CARTESIAN_POINT('',(-5.999999999895E-07,3.624586070021));
#4496 = ( GEOMETRIC_REPRESENTATION_CONTEXT(2) 
PARAMETRIC_REPRESENTATION_CONTEXT() REPRESENTATION_CONTEXT('2D SPACE',''
  ) );
#4497 = ORIENTED_EDGE('',*,*,#4498,.F.);
#4498 = EDGE_CURVE('',#4430,#4478,#4499,.T.);
#4499 = SURFACE_CURVE('',#4500,(#4505,#4512),.PCURVE_S1.);
#4500 = CIRCLE('',#4501,4.5);
#4501 = AXIS2_PLACEMENT_3D('',#4502,#4503,#4504);
#4502 = CARTESIAN_POINT('',(-46.5,48.5,1.4));
#4503 = DIRECTION('',(0.,0.,-1.));
#4504 = DIRECTION('',(1.,0.,0.));
#4505 = PCURVE('',#1360,#4506);
#4506 = DEFINITIONAL_REPRESENTATION('',(#4507),#4511);
#4507 = LINE('',#4508,#4509);
#4508 = CARTESIAN_POINT('',(-6.28318530718,-1.6));
#4509 = VECTOR('',#4510,1.);
#4510 = DIRECTION('',(1.,-0.));
#4511 = ( GEOMETRIC_REPRESENTATION_CONTEXT(2) 
PARAMETRIC_REPRESENTATION_CONTEXT() REPRESENTATION_CONTEXT('2D SPACE',''
  ) );
#4512 = PCURVE('',#2409,#4513);
#4513 = DEFINITIONAL_REPRESENTATION('',(#4514),#4522);
#4514 = ( BOUNDED_CURVE() B_SPLINE_CURVE(2,(#4515,#4516,#4517,#4518,
#4519,#4520,#4521),.UNSPECIFIED.,.T.,.F.) B_SPLINE_CURVE_WITH_KNOTS((1,2
    ,2,2,2,1),(-2.094395102393,0.,2.094395102393,4.188790204786,
6.28318530718,8.377580409573),.UNSPECIFIED.) CURVE() 
GEOMETRIC_REPRESENTATION_ITEM() RATIONAL_B_SPLINE_CURVE((1.,0.5,1.,0.5,
1.,0.5,1.)) REPRESENTATION_ITEM('') );
#4515 = CARTESIAN_POINT('',(-53.90089333526,-64.43102919027));
#4516 = CARTESIAN_POINT('',(-48.52375721459,-58.78865317127));
#4517 = CARTESIAN_POINT('',(-46.32588430477,-66.26657766088));
#4518 = CARTESIAN_POINT('',(-44.12801139495,-73.74450215049));
#4519 = CARTESIAN_POINT('',(-51.70302042544,-71.90895367988));
#4520 = CARTESIAN_POINT('',(-59.27802945593,-70.07340520927));
#4521 = CARTESIAN_POINT('',(-53.90089333526,-64.43102919027));
#4522 = ( GEOMETRIC_REPRESENTATION_CONTEXT(2) 
PARAMETRIC_REPRESENTATION_CONTEXT() REPRESENTATION_CONTEXT('2D SPACE',''
  ) );
#4523 = ADVANCED_FACE('',(#4524),#1388,.T.);
#4524 = FACE_BOUND('',#4525,.T.);
#4525 = EDGE_LOOP('',(#4526,#4527,#4548,#4569));
#4526 = ORIENTED_EDGE('',*,*,#1372,.F.);
#4527 = ORIENTED_EDGE('',*,*,#4528,.F.);
#4528 = EDGE_CURVE('',#4529,#1373,#4531,.T.);
#4529 = VERTEX_POINT('',#4530);
#4530 = CARTESIAN_POINT('',(-48.95,50.815063509461,1.4));
#4531 = SURFACE_CURVE('',#4532,(#4536,#4542),.PCURVE_S1.);
#4532 = LINE('',#4533,#4534);
#4533 = CARTESIAN_POINT('',(-48.95,50.815063509461,0.));
#4534 = VECTOR('',#4535,1.);
#4535 = DIRECTION('',(-0.,-0.,-1.));
#4536 = PCURVE('',#1388,#4537);
#4537 = DEFINITIONAL_REPRESENTATION('',(#4538),#4541);
#4538 = B_SPLINE_CURVE_WITH_KNOTS('',1,(#4539,#4540),.UNSPECIFIED.,.F.,
  .F.,(2,2),(-1.54,6.E-07),.PIECEWISE_BEZIER_KNOTS.);
#4539 = CARTESIAN_POINT('',(1.54,2.165063509461));
#4540 = CARTESIAN_POINT('',(-6.E-07,2.165063509461));
#4541 = ( GEOMETRIC_REPRESENTATION_CONTEXT(2) 
PARAMETRIC_REPRESENTATION_CONTEXT() REPRESENTATION_CONTEXT('2D SPACE',''
  ) );
#4542 = PCURVE('',#1417,#4543);
#4543 = DEFINITIONAL_REPRESENTATION('',(#4544),#4547);
#4544 = B_SPLINE_CURVE_WITH_KNOTS('',1,(#4545,#4546),.UNSPECIFIED.,.F.,
  .F.,(2,2),(-1.54,6.E-07),.PIECEWISE_BEZIER_KNOTS.);
#4545 = CARTESIAN_POINT('',(-2.474646309086,-1.54));
#4546 = CARTESIAN_POINT('',(-2.474646309086,6.E-07));
#4547 = ( GEOMETRIC_REPRESENTATION_CONTEXT(2) 
PARAMETRIC_REPRESENTATION_CONTEXT() REPRESENTATION_CONTEXT('2D SPACE',''
  ) );
#4548 = ORIENTED_EDGE('',*,*,#4549,.T.);
#4549 = EDGE_CURVE('',#4529,#4478,#4550,.T.);
#4550 = SURFACE_CURVE('',#4551,(#4555,#4562),.PCURVE_S1.);
#4551 = LINE('',#4552,#4553);
#4552 = CARTESIAN_POINT('',(-48.95,48.65,1.4));
#4553 = VECTOR('',#4554,1.);
#4554 = DIRECTION('',(1.110223024625E-16,1.,0.));
#4555 = PCURVE('',#1388,#4556);
#4556 = DEFINITIONAL_REPRESENTATION('',(#4557),#4561);
#4557 = LINE('',#4558,#4559);
#4558 = CARTESIAN_POINT('',(1.4,0.));
#4559 = VECTOR('',#4560,1.);
#4560 = DIRECTION('',(0.,1.));
#4561 = ( GEOMETRIC_REPRESENTATION_CONTEXT(2) 
PARAMETRIC_REPRESENTATION_CONTEXT() REPRESENTATION_CONTEXT('2D SPACE',''
  ) );
#4562 = PCURVE('',#2409,#4563);
#4563 = DEFINITIONAL_REPRESENTATION('',(#4564),#4568);
#4564 = LINE('',#4565,#4566);
#4565 = CARTESIAN_POINT('',(-48.97315196185,-69.33433062468));
#4566 = VECTOR('',#4567,1.);
#4567 = DIRECTION('',(-0.689886885942,-0.723917180764));
#4568 = ( GEOMETRIC_REPRESENTATION_CONTEXT(2) 
PARAMETRIC_REPRESENTATION_CONTEXT() REPRESENTATION_CONTEXT('2D SPACE',''
  ) );
#4569 = ORIENTED_EDGE('',*,*,#4477,.T.);
#4570 = ADVANCED_FACE('',(#4571),#1417,.T.);
#4571 = FACE_BOUND('',#4572,.F.);
#4572 = EDGE_LOOP('',(#4573,#4603,#4626,#4653,#4654,#4680,#4681,#4682,
    #4683,#4711,#4730,#4731));
#4573 = ORIENTED_EDGE('',*,*,#4574,.T.);
#4574 = EDGE_CURVE('',#4575,#4577,#4579,.T.);
#4575 = VERTEX_POINT('',#4576);
#4576 = CARTESIAN_POINT('',(-42.82527908495,49.578040271525,1.4));
#4577 = VERTEX_POINT('',#4578);
#4578 = CARTESIAN_POINT('',(-42.7,48.65,1.4));
#4579 = SURFACE_CURVE('',#4580,(#4585,#4592),.PCURVE_S1.);
#4580 = CIRCLE('',#4581,3.5);
#4581 = AXIS2_PLACEMENT_3D('',#4582,#4583,#4584);
#4582 = CARTESIAN_POINT('',(-46.2,48.65,1.4));
#4583 = DIRECTION('',(0.,0.,-1.));
#4584 = DIRECTION('',(1.,0.,0.));
#4585 = PCURVE('',#1417,#4586);
#4586 = DEFINITIONAL_REPRESENTATION('',(#4587),#4591);
#4587 = LINE('',#4588,#4589);
#4588 = CARTESIAN_POINT('',(-6.28318530718,-1.4));
#4589 = VECTOR('',#4590,1.);
#4590 = DIRECTION('',(1.,-0.));
#4591 = ( GEOMETRIC_REPRESENTATION_CONTEXT(2) 
PARAMETRIC_REPRESENTATION_CONTEXT() REPRESENTATION_CONTEXT('2D SPACE',''
  ) );
#4592 = PCURVE('',#2336,#4593);
#4593 = DEFINITIONAL_REPRESENTATION('',(#4594),#4602);
#4594 = ( BOUNDED_CURVE() B_SPLINE_CURVE(2,(#4595,#4596,#4597,#4598,
#4599,#4600,#4601),.UNSPECIFIED.,.T.,.F.) B_SPLINE_CURVE_WITH_KNOTS((1,2
    ,2,2,2,1),(-2.094395102393,0.,2.094395102393,4.188790204786,
6.28318530718,8.377580409573),.UNSPECIFIED.) CURVE() 
GEOMETRIC_REPRESENTATION_ITEM() RATIONAL_B_SPLINE_CURVE((1.,0.5,1.,0.5,
1.,0.5,1.)) REPRESENTATION_ITEM('') );
#4595 = CARTESIAN_POINT('',(13.628359660517,0.585395899204));
#4596 = CARTESIAN_POINT('',(9.446142677774,4.973910580648));
#4597 = CARTESIAN_POINT('',(15.337816368157,6.40155939112));
#4598 = CARTESIAN_POINT('',(21.22949005854,7.829208201593));
#4599 = CARTESIAN_POINT('',(19.520033350901,2.013044709676));
#4600 = CARTESIAN_POINT('',(17.810576643261,-3.803118782241));
#4601 = CARTESIAN_POINT('',(13.628359660517,0.585395899204));
#4602 = ( GEOMETRIC_REPRESENTATION_CONTEXT(2) 
PARAMETRIC_REPRESENTATION_CONTEXT() REPRESENTATION_CONTEXT('2D SPACE',''
  ) );
#4603 = ORIENTED_EDGE('',*,*,#4604,.T.);
#4604 = EDGE_CURVE('',#4577,#4605,#4607,.T.);
#4605 = VERTEX_POINT('',#4606);
#4606 = CARTESIAN_POINT('',(-42.7,48.65,10.6));
#4607 = SEAM_CURVE('',#4608,(#4612,#4619),.PCURVE_S1.);
#4608 = LINE('',#4609,#4610);
#4609 = CARTESIAN_POINT('',(-42.7,48.65,0.));
#4610 = VECTOR('',#4611,1.);
#4611 = DIRECTION('',(0.,0.,1.));
#4612 = PCURVE('',#1417,#4613);
#4613 = DEFINITIONAL_REPRESENTATION('',(#4614),#4618);
#4614 = LINE('',#4615,#4616);
#4615 = CARTESIAN_POINT('',(-6.28318530718,0.));
#4616 = VECTOR('',#4617,1.);
#4617 = DIRECTION('',(-0.,-1.));
#4618 = ( GEOMETRIC_REPRESENTATION_CONTEXT(2) 
PARAMETRIC_REPRESENTATION_CONTEXT() REPRESENTATION_CONTEXT('2D SPACE',''
  ) );
#4619 = PCURVE('',#1417,#4620);
#4620 = DEFINITIONAL_REPRESENTATION('',(#4621),#4625);
#4621 = LINE('',#4622,#4623);
#4622 = CARTESIAN_POINT('',(-0.,0.));
#4623 = VECTOR('',#4624,1.);
#4624 = DIRECTION('',(-0.,-1.));
#4625 = ( GEOMETRIC_REPRESENTATION_CONTEXT(2) 
PARAMETRIC_REPRESENTATION_CONTEXT() REPRESENTATION_CONTEXT('2D SPACE',''
  ) );
#4626 = ORIENTED_EDGE('',*,*,#4627,.T.);
#4627 = EDGE_CURVE('',#4605,#4605,#4628,.T.);
#4628 = SURFACE_CURVE('',#4629,(#4634,#4641),.PCURVE_S1.);
#4629 = CIRCLE('',#4630,3.5);
#4630 = AXIS2_PLACEMENT_3D('',#4631,#4632,#4633);
#4631 = CARTESIAN_POINT('',(-46.2,48.65,10.6));
#4632 = DIRECTION('',(0.,0.,1.));
#4633 = DIRECTION('',(1.,0.,0.));
#4634 = PCURVE('',#1417,#4635);
#4635 = DEFINITIONAL_REPRESENTATION('',(#4636),#4640);
#4636 = LINE('',#4637,#4638);
#4637 = CARTESIAN_POINT('',(-0.,-10.6));
#4638 = VECTOR('',#4639,1.);
#4639 = DIRECTION('',(-1.,0.));
#4640 = ( GEOMETRIC_REPRESENTATION_CONTEXT(2) 
PARAMETRIC_REPRESENTATION_CONTEXT() REPRESENTATION_CONTEXT('2D SPACE',''
  ) );
#4641 = PCURVE('',#4642,#4647);
#4642 = PLANE('',#4643);
#4643 = AXIS2_PLACEMENT_3D('',#4644,#4645,#4646);
#4644 = CARTESIAN_POINT('',(-46.2,48.65,10.6));
#4645 = DIRECTION('',(0.,0.,1.));
#4646 = DIRECTION('',(1.,0.,-0.));
#4647 = DEFINITIONAL_REPRESENTATION('',(#4648),#4652);
#4648 = CIRCLE('',#4649,3.5);
#4649 = AXIS2_PLACEMENT_2D('',#4650,#4651);
#4650 = CARTESIAN_POINT('',(0.,-7.105427357601E-15));
#4651 = DIRECTION('',(1.,0.));
#4652 = ( GEOMETRIC_REPRESENTATION_CONTEXT(2) 
PARAMETRIC_REPRESENTATION_CONTEXT() REPRESENTATION_CONTEXT('2D SPACE',''
  ) );
#4653 = ORIENTED_EDGE('',*,*,#4604,.F.);
#4654 = ORIENTED_EDGE('',*,*,#4655,.T.);
#4655 = EDGE_CURVE('',#4577,#2321,#4656,.T.);
#4656 = SURFACE_CURVE('',#4657,(#4662,#4669),.PCURVE_S1.);
#4657 = CIRCLE('',#4658,3.5);
#4658 = AXIS2_PLACEMENT_3D('',#4659,#4660,#4661);
#4659 = CARTESIAN_POINT('',(-46.2,48.65,1.4));
#4660 = DIRECTION('',(0.,0.,-1.));
#4661 = DIRECTION('',(1.,0.,0.));
#4662 = PCURVE('',#1417,#4663);
#4663 = DEFINITIONAL_REPRESENTATION('',(#4664),#4668);
#4664 = LINE('',#4665,#4666);
#4665 = CARTESIAN_POINT('',(-6.28318530718,-1.4));
#4666 = VECTOR('',#4667,1.);
#4667 = DIRECTION('',(1.,-0.));
#4668 = ( GEOMETRIC_REPRESENTATION_CONTEXT(2) 
PARAMETRIC_REPRESENTATION_CONTEXT() REPRESENTATION_CONTEXT('2D SPACE',''
  ) );
#4669 = PCURVE('',#2336,#4670);
#4670 = DEFINITIONAL_REPRESENTATION('',(#4671),#4679);
#4671 = ( BOUNDED_CURVE() B_SPLINE_CURVE(2,(#4672,#4673,#4674,#4675,
#4676,#4677,#4678),.UNSPECIFIED.,.T.,.F.) B_SPLINE_CURVE_WITH_KNOTS((1,2
    ,2,2,2,1),(-2.094395102393,0.,2.094395102393,4.188790204786,
6.28318530718,8.377580409573),.UNSPECIFIED.) CURVE() 
GEOMETRIC_REPRESENTATION_ITEM() RATIONAL_B_SPLINE_CURVE((1.,0.5,1.,0.5,
1.,0.5,1.)) REPRESENTATION_ITEM('') );
#4672 = CARTESIAN_POINT('',(13.628359660517,0.585395899204));
#4673 = CARTESIAN_POINT('',(9.446142677774,4.973910580648));
#4674 = CARTESIAN_POINT('',(15.337816368157,6.40155939112));
#4675 = CARTESIAN_POINT('',(21.22949005854,7.829208201593));
#4676 = CARTESIAN_POINT('',(19.520033350901,2.013044709676));
#4677 = CARTESIAN_POINT('',(17.810576643261,-3.803118782241));
#4678 = CARTESIAN_POINT('',(13.628359660517,0.585395899204));
#4679 = ( GEOMETRIC_REPRESENTATION_CONTEXT(2) 
PARAMETRIC_REPRESENTATION_CONTEXT() REPRESENTATION_CONTEXT('2D SPACE',''
  ) );
#4680 = ORIENTED_EDGE('',*,*,#2348,.T.);
#4681 = ORIENTED_EDGE('',*,*,#1400,.F.);
#4682 = ORIENTED_EDGE('',*,*,#4528,.F.);
#4683 = ORIENTED_EDGE('',*,*,#4684,.T.);
#4684 = EDGE_CURVE('',#4529,#4685,#4687,.T.);
#4685 = VERTEX_POINT('',#4686);
#4686 = CARTESIAN_POINT('',(-43.45,50.815063509461,1.4));
#4687 = SURFACE_CURVE('',#4688,(#4693,#4700),.PCURVE_S1.);
#4688 = CIRCLE('',#4689,3.5);
#4689 = AXIS2_PLACEMENT_3D('',#4690,#4691,#4692);
#4690 = CARTESIAN_POINT('',(-46.2,48.65,1.4));
#4691 = DIRECTION('',(0.,0.,-1.));
#4692 = DIRECTION('',(1.,0.,0.));
#4693 = PCURVE('',#1417,#4694);
#4694 = DEFINITIONAL_REPRESENTATION('',(#4695),#4699);
#4695 = LINE('',#4696,#4697);
#4696 = CARTESIAN_POINT('',(-6.28318530718,-1.4));
#4697 = VECTOR('',#4698,1.);
#4698 = DIRECTION('',(1.,-0.));
#4699 = ( GEOMETRIC_REPRESENTATION_CONTEXT(2) 
PARAMETRIC_REPRESENTATION_CONTEXT() REPRESENTATION_CONTEXT('2D SPACE',''
  ) );
#4700 = PCURVE('',#2409,#4701);
#4701 = DEFINITIONAL_REPRESENTATION('',(#4702),#4710);
#4702 = ( BOUNDED_CURVE() B_SPLINE_CURVE(2,(#4703,#4704,#4705,#4706,
#4707,#4708,#4709),.UNSPECIFIED.,.T.,.F.) B_SPLINE_CURVE_WITH_KNOTS((1,2
    ,2,2,2,1),(-2.094395102393,0.,2.094395102393,4.188790204786,
6.28318530718,8.377580409573),.UNSPECIFIED.) CURVE() 
GEOMETRIC_REPRESENTATION_ITEM() RATIONAL_B_SPLINE_CURVE((1.,0.5,1.,0.5,
1.,0.5,1.)) REPRESENTATION_ITEM('') );
#4703 = CARTESIAN_POINT('',(-53.49763434162,-65.02253758755));
#4704 = CARTESIAN_POINT('',(-49.31541735888,-60.6340229061));
#4705 = CARTESIAN_POINT('',(-47.60596065124,-66.45018639802));
#4706 = CARTESIAN_POINT('',(-45.8965039436,-72.26634988994));
#4707 = CARTESIAN_POINT('',(-51.78817763398,-70.83870107946));
#4708 = CARTESIAN_POINT('',(-57.67985132436,-69.41105226899));
#4709 = CARTESIAN_POINT('',(-53.49763434162,-65.02253758755));
#4710 = ( GEOMETRIC_REPRESENTATION_CONTEXT(2) 
PARAMETRIC_REPRESENTATION_CONTEXT() REPRESENTATION_CONTEXT('2D SPACE',''
  ) );
#4711 = ORIENTED_EDGE('',*,*,#4712,.T.);
#4712 = EDGE_CURVE('',#4685,#1650,#4713,.T.);
#4713 = SURFACE_CURVE('',#4714,(#4718,#4724),.PCURVE_S1.);
#4714 = LINE('',#4715,#4716);
#4715 = CARTESIAN_POINT('',(-43.45,50.815063509461,0.));
#4716 = VECTOR('',#4717,1.);
#4717 = DIRECTION('',(-0.,-0.,-1.));
#4718 = PCURVE('',#1417,#4719);
#4719 = DEFINITIONAL_REPRESENTATION('',(#4720),#4723);
#4720 = B_SPLINE_CURVE_WITH_KNOTS('',1,(#4721,#4722),.UNSPECIFIED.,.F.,
  .F.,(2,2),(-1.54,6.E-07),.PIECEWISE_BEZIER_KNOTS.);
#4721 = CARTESIAN_POINT('',(-0.666946344504,-1.54));
#4722 = CARTESIAN_POINT('',(-0.666946344504,6.E-07));
#4723 = ( GEOMETRIC_REPRESENTATION_CONTEXT(2) 
PARAMETRIC_REPRESENTATION_CONTEXT() REPRESENTATION_CONTEXT('2D SPACE',''
  ) );
#4724 = PCURVE('',#1689,#4725);
#4725 = DEFINITIONAL_REPRESENTATION('',(#4726),#4729);
#4726 = B_SPLINE_CURVE_WITH_KNOTS('',1,(#4727,#4728),.UNSPECIFIED.,.F.,
  .F.,(2,2),(-1.54,6.E-07),.PIECEWISE_BEZIER_KNOTS.);
#4727 = CARTESIAN_POINT('',(1.54,2.165063509461));
#4728 = CARTESIAN_POINT('',(-6.E-07,2.165063509461));
#4729 = ( GEOMETRIC_REPRESENTATION_CONTEXT(2) 
PARAMETRIC_REPRESENTATION_CONTEXT() REPRESENTATION_CONTEXT('2D SPACE',''
  ) );
#4730 = ORIENTED_EDGE('',*,*,#1649,.F.);
#4731 = ORIENTED_EDGE('',*,*,#4732,.F.);
#4732 = EDGE_CURVE('',#4575,#1622,#4733,.T.);
#4733 = SURFACE_CURVE('',#4734,(#4738,#4744),.PCURVE_S1.);
#4734 = LINE('',#4735,#4736);
#4735 = CARTESIAN_POINT('',(-42.82527908495,49.578040271526,0.));
#4736 = VECTOR('',#4737,1.);
#4737 = DIRECTION('',(-0.,-0.,-1.));
#4738 = PCURVE('',#1417,#4739);
#4739 = DEFINITIONAL_REPRESENTATION('',(#4740),#4743);
#4740 = B_SPLINE_CURVE_WITH_KNOTS('',1,(#4741,#4742),.UNSPECIFIED.,.F.,
  .F.,(2,2),(-1.54,6.E-07),.PIECEWISE_BEZIER_KNOTS.);
#4741 = CARTESIAN_POINT('',(-0.268364012487,-1.54));
#4742 = CARTESIAN_POINT('',(-0.268364012487,6.E-07));
#4743 = ( GEOMETRIC_REPRESENTATION_CONTEXT(2) 
PARAMETRIC_REPRESENTATION_CONTEXT() REPRESENTATION_CONTEXT('2D SPACE',''
  ) );
#4744 = PCURVE('',#1637,#4745);
#4745 = DEFINITIONAL_REPRESENTATION('',(#4746),#4749);
#4746 = B_SPLINE_CURVE_WITH_KNOTS('',1,(#4747,#4748),.UNSPECIFIED.,.F.,
  .F.,(2,2),(-1.54,6.E-07),.PIECEWISE_BEZIER_KNOTS.);
#4747 = CARTESIAN_POINT('',(1.54,14.35929415546));
#4748 = CARTESIAN_POINT('',(-6.E-07,14.35929415546));
#4749 = ( GEOMETRIC_REPRESENTATION_CONTEXT(2) 
PARAMETRIC_REPRESENTATION_CONTEXT() REPRESENTATION_CONTEXT('2D SPACE',''
  ) );
#4750 = ADVANCED_FACE('',(#4751),#1471,.T.);
#4751 = FACE_BOUND('',#4752,.T.);
#4752 = EDGE_LOOP('',(#4753,#4754,#4755,#4778));
#4753 = ORIENTED_EDGE('',*,*,#1453,.F.);
#4754 = ORIENTED_EDGE('',*,*,#4074,.F.);
#4755 = ORIENTED_EDGE('',*,*,#4756,.T.);
#4756 = EDGE_CURVE('',#4075,#4757,#4759,.T.);
#4757 = VERTEX_POINT('',#4758);
#4758 = CARTESIAN_POINT('',(43.45,53.,1.4));
#4759 = SURFACE_CURVE('',#4760,(#4764,#4771),.PCURVE_S1.);
#4760 = LINE('',#4761,#4762);
#4761 = CARTESIAN_POINT('',(43.45,48.65,1.4));
#4762 = VECTOR('',#4763,1.);
#4763 = DIRECTION('',(1.110223024625E-16,1.,0.));
#4764 = PCURVE('',#1471,#4765);
#4765 = DEFINITIONAL_REPRESENTATION('',(#4766),#4770);
#4766 = LINE('',#4767,#4768);
#4767 = CARTESIAN_POINT('',(1.4,0.));
#4768 = VECTOR('',#4769,1.);
#4769 = DIRECTION('',(0.,1.));
#4770 = ( GEOMETRIC_REPRESENTATION_CONTEXT(2) 
PARAMETRIC_REPRESENTATION_CONTEXT() REPRESENTATION_CONTEXT('2D SPACE',''
  ) );
#4771 = PCURVE('',#2409,#4772);
#4772 = DEFINITIONAL_REPRESENTATION('',(#4773),#4777);
#4773 = LINE('',#4774,#4775);
#4774 = CARTESIAN_POINT('',(-115.8630994644,-5.58878236366));
#4775 = VECTOR('',#4776,1.);
#4776 = DIRECTION('',(-0.689886885942,-0.723917180764));
#4777 = ( GEOMETRIC_REPRESENTATION_CONTEXT(2) 
PARAMETRIC_REPRESENTATION_CONTEXT() REPRESENTATION_CONTEXT('2D SPACE',''
  ) );
#4778 = ORIENTED_EDGE('',*,*,#4779,.F.);
#4779 = EDGE_CURVE('',#1456,#4757,#4780,.T.);
#4780 = SURFACE_CURVE('',#4781,(#4785,#4791),.PCURVE_S1.);
#4781 = LINE('',#4782,#4783);
#4782 = CARTESIAN_POINT('',(43.45,53.,-0.1));
#4783 = VECTOR('',#4784,1.);
#4784 = DIRECTION('',(0.,-0.,1.));
#4785 = PCURVE('',#1471,#4786);
#4786 = DEFINITIONAL_REPRESENTATION('',(#4787),#4790);
#4787 = B_SPLINE_CURVE_WITH_KNOTS('',1,(#4788,#4789),.UNSPECIFIED.,.F.,
  .F.,(2,2),(0.1,1.5),.PIECEWISE_BEZIER_KNOTS.);
#4788 = CARTESIAN_POINT('',(0.,4.35));
#4789 = CARTESIAN_POINT('',(1.4,4.35));
#4790 = ( GEOMETRIC_REPRESENTATION_CONTEXT(2) 
PARAMETRIC_REPRESENTATION_CONTEXT() REPRESENTATION_CONTEXT('2D SPACE',''
  ) );
#4791 = PCURVE('',#1715,#4792);
#4792 = DEFINITIONAL_REPRESENTATION('',(#4793),#4796);
#4793 = B_SPLINE_CURVE_WITH_KNOTS('',1,(#4794,#4795),.UNSPECIFIED.,.F.,
  .F.,(2,2),(0.1,1.5),.PIECEWISE_BEZIER_KNOTS.);
#4794 = CARTESIAN_POINT('',(89.95,-0.2));
#4795 = CARTESIAN_POINT('',(89.95,-1.6));
#4796 = ( GEOMETRIC_REPRESENTATION_CONTEXT(2) 
PARAMETRIC_REPRESENTATION_CONTEXT() REPRESENTATION_CONTEXT('2D SPACE',''
  ) );
#4797 = ADVANCED_FACE('',(#4798),#1523,.T.);
#4798 = FACE_BOUND('',#4799,.T.);
#4799 = EDGE_LOOP('',(#4800,#4801,#4820,#4821,#4844,#4865));
#4800 = ORIENTED_EDGE('',*,*,#1507,.F.);
#4801 = ORIENTED_EDGE('',*,*,#4802,.F.);
#4802 = EDGE_CURVE('',#2057,#1508,#4803,.T.);
#4803 = SURFACE_CURVE('',#4804,(#4808,#4814),.PCURVE_S1.);
#4804 = LINE('',#4805,#4806);
#4805 = CARTESIAN_POINT('',(32.720084445726,39.947876149523,0.));
#4806 = VECTOR('',#4807,1.);
#4807 = DIRECTION('',(-0.,-0.,-1.));
#4808 = PCURVE('',#1523,#4809);
#4809 = DEFINITIONAL_REPRESENTATION('',(#4810),#4813);
#4810 = B_SPLINE_CURVE_WITH_KNOTS('',1,(#4811,#4812),.UNSPECIFIED.,.F.,
  .F.,(2,2),(-1.0000006,6.E-07),.PIECEWISE_BEZIER_KNOTS.);
#4811 = CARTESIAN_POINT('',(1.0000006,0.400246203918));
#4812 = CARTESIAN_POINT('',(-6.E-07,0.400246203918));
#4813 = ( GEOMETRIC_REPRESENTATION_CONTEXT(2) 
PARAMETRIC_REPRESENTATION_CONTEXT() REPRESENTATION_CONTEXT('2D SPACE',''
  ) );
#4814 = PCURVE('',#1552,#4815);
#4815 = DEFINITIONAL_REPRESENTATION('',(#4816),#4819);
#4816 = B_SPLINE_CURVE_WITH_KNOTS('',1,(#4817,#4818),.UNSPECIFIED.,.F.,
  .F.,(2,2),(-1.0000006,6.E-07),.PIECEWISE_BEZIER_KNOTS.);
#4817 = CARTESIAN_POINT('',(-1.426276893809,-1.0000006));
#4818 = CARTESIAN_POINT('',(-1.426276893809,6.E-07));
#4819 = ( GEOMETRIC_REPRESENTATION_CONTEXT(2) 
PARAMETRIC_REPRESENTATION_CONTEXT() REPRESENTATION_CONTEXT('2D SPACE',''
  ) );
#4820 = ORIENTED_EDGE('',*,*,#2056,.T.);
#4821 = ORIENTED_EDGE('',*,*,#4822,.T.);
#4822 = EDGE_CURVE('',#2031,#4823,#4825,.T.);
#4823 = VERTEX_POINT('',#4824);
#4824 = CARTESIAN_POINT('',(32.430339342174,39.671751542292,1.4));
#4825 = SURFACE_CURVE('',#4826,(#4830,#4837),.PCURVE_S1.);
#4826 = LINE('',#4827,#4828);
#4827 = CARTESIAN_POINT('',(32.430339342174,39.671751542292,0.));
#4828 = VECTOR('',#4829,1.);
#4829 = DIRECTION('',(0.,0.,1.));
#4830 = PCURVE('',#1523,#4831);
#4831 = DEFINITIONAL_REPRESENTATION('',(#4832),#4836);
#4832 = LINE('',#4833,#4834);
#4833 = CARTESIAN_POINT('',(0.,0.));
#4834 = VECTOR('',#4835,1.);
#4835 = DIRECTION('',(1.,0.));
#4836 = ( GEOMETRIC_REPRESENTATION_CONTEXT(2) 
PARAMETRIC_REPRESENTATION_CONTEXT() REPRESENTATION_CONTEXT('2D SPACE',''
  ) );
#4837 = PCURVE('',#2045,#4838);
#4838 = DEFINITIONAL_REPRESENTATION('',(#4839),#4843);
#4839 = LINE('',#4840,#4841);
#4840 = CARTESIAN_POINT('',(0.,-6.));
#4841 = VECTOR('',#4842,1.);
#4842 = DIRECTION('',(1.,0.));
#4843 = ( GEOMETRIC_REPRESENTATION_CONTEXT(2) 
PARAMETRIC_REPRESENTATION_CONTEXT() REPRESENTATION_CONTEXT('2D SPACE',''
  ) );
#4844 = ORIENTED_EDGE('',*,*,#4845,.T.);
#4845 = EDGE_CURVE('',#4823,#4027,#4846,.T.);
#4846 = SURFACE_CURVE('',#4847,(#4851,#4858),.PCURVE_S1.);
#4847 = LINE('',#4848,#4849);
#4848 = CARTESIAN_POINT('',(32.430339342174,39.671751542292,1.4));
#4849 = VECTOR('',#4850,1.);
#4850 = DIRECTION('',(0.723917180764,0.689886885942,0.));
#4851 = PCURVE('',#1523,#4852);
#4852 = DEFINITIONAL_REPRESENTATION('',(#4853),#4857);
#4853 = LINE('',#4854,#4855);
#4854 = CARTESIAN_POINT('',(1.4,0.));
#4855 = VECTOR('',#4856,1.);
#4856 = DIRECTION('',(0.,1.));
#4857 = ( GEOMETRIC_REPRESENTATION_CONTEXT(2) 
PARAMETRIC_REPRESENTATION_CONTEXT() REPRESENTATION_CONTEXT('2D SPACE',''
  ) );
#4858 = PCURVE('',#3938,#4859);
#4859 = DEFINITIONAL_REPRESENTATION('',(#4860),#4864);
#4860 = LINE('',#4861,#4862);
#4861 = CARTESIAN_POINT('',(-46.95375965562,-44.74653163762));
#4862 = VECTOR('',#4863,1.);
#4863 = DIRECTION('',(-4.811216921089E-02,-0.998841939034));
#4864 = ( GEOMETRIC_REPRESENTATION_CONTEXT(2) 
PARAMETRIC_REPRESENTATION_CONTEXT() REPRESENTATION_CONTEXT('2D SPACE',''
  ) );
#4865 = ORIENTED_EDGE('',*,*,#4054,.T.);
#4866 = ADVANCED_FACE('',(#4867),#1552,.T.);
#4867 = FACE_BOUND('',#4868,.F.);
#4868 = EDGE_LOOP('',(#4869,#4870,#4871,#4872));
#4869 = ORIENTED_EDGE('',*,*,#1535,.F.);
#4870 = ORIENTED_EDGE('',*,*,#4802,.F.);
#4871 = ORIENTED_EDGE('',*,*,#2077,.T.);
#4872 = ORIENTED_EDGE('',*,*,#4873,.F.);
#4873 = EDGE_CURVE('',#1536,#2078,#4874,.T.);
#4874 = SURFACE_CURVE('',#4875,(#4879,#4886),.PCURVE_S1.);
#4875 = LINE('',#4876,#4877);
#4876 = CARTESIAN_POINT('',(32.,40.,0.));
#4877 = VECTOR('',#4878,1.);
#4878 = DIRECTION('',(0.,0.,1.));
#4879 = PCURVE('',#1552,#4880);
#4880 = DEFINITIONAL_REPRESENTATION('',(#4881),#4885);
#4881 = LINE('',#4882,#4883);
#4882 = CARTESIAN_POINT('',(-1.570796326795,0.));
#4883 = VECTOR('',#4884,1.);
#4884 = DIRECTION('',(-0.,-1.));
#4885 = ( GEOMETRIC_REPRESENTATION_CONTEXT(2) 
PARAMETRIC_REPRESENTATION_CONTEXT() REPRESENTATION_CONTEXT('2D SPACE',''
  ) );
#4886 = PCURVE('',#1580,#4887);
#4887 = DEFINITIONAL_REPRESENTATION('',(#4888),#4892);
#4888 = LINE('',#4889,#4890);
#4889 = CARTESIAN_POINT('',(64.,0.));
#4890 = VECTOR('',#4891,1.);
#4891 = DIRECTION('',(0.,-1.));
#4892 = ( GEOMETRIC_REPRESENTATION_CONTEXT(2) 
PARAMETRIC_REPRESENTATION_CONTEXT() REPRESENTATION_CONTEXT('2D SPACE',''
  ) );
#4893 = ADVANCED_FACE('',(#4894),#1580,.T.);
#4894 = FACE_BOUND('',#4895,.T.);
#4895 = EDGE_LOOP('',(#4896,#4917,#4918,#4919));
#4896 = ORIENTED_EDGE('',*,*,#4897,.T.);
#4897 = EDGE_CURVE('',#1565,#2102,#4898,.T.);
#4898 = SURFACE_CURVE('',#4899,(#4903,#4910),.PCURVE_S1.);
#4899 = LINE('',#4900,#4901);
#4900 = CARTESIAN_POINT('',(-32.,40.,0.));
#4901 = VECTOR('',#4902,1.);
#4902 = DIRECTION('',(0.,0.,1.));
#4903 = PCURVE('',#1580,#4904);
#4904 = DEFINITIONAL_REPRESENTATION('',(#4905),#4909);
#4905 = LINE('',#4906,#4907);
#4906 = CARTESIAN_POINT('',(0.,0.));
#4907 = VECTOR('',#4908,1.);
#4908 = DIRECTION('',(0.,-1.));
#4909 = ( GEOMETRIC_REPRESENTATION_CONTEXT(2) 
PARAMETRIC_REPRESENTATION_CONTEXT() REPRESENTATION_CONTEXT('2D SPACE',''
  ) );
#4910 = PCURVE('',#1609,#4911);
#4911 = DEFINITIONAL_REPRESENTATION('',(#4912),#4916);
#4912 = LINE('',#4913,#4914);
#4913 = CARTESIAN_POINT('',(-1.570796326795,0.));
#4914 = VECTOR('',#4915,1.);
#4915 = DIRECTION('',(-0.,-1.));
#4916 = ( GEOMETRIC_REPRESENTATION_CONTEXT(2) 
PARAMETRIC_REPRESENTATION_CONTEXT() REPRESENTATION_CONTEXT('2D SPACE',''
  ) );
#4917 = ORIENTED_EDGE('',*,*,#2101,.T.);
#4918 = ORIENTED_EDGE('',*,*,#4873,.F.);
#4919 = ORIENTED_EDGE('',*,*,#1564,.F.);
#4920 = ADVANCED_FACE('',(#4921),#1609,.T.);
#4921 = FACE_BOUND('',#4922,.F.);
#4922 = EDGE_LOOP('',(#4923,#4924,#4925,#4926));
#4923 = ORIENTED_EDGE('',*,*,#1592,.F.);
#4924 = ORIENTED_EDGE('',*,*,#4897,.T.);
#4925 = ORIENTED_EDGE('',*,*,#2124,.T.);
#4926 = ORIENTED_EDGE('',*,*,#4927,.T.);
#4927 = EDGE_CURVE('',#2125,#1593,#4928,.T.);
#4928 = SURFACE_CURVE('',#4929,(#4933,#4939),.PCURVE_S1.);
#4929 = LINE('',#4930,#4931);
#4930 = CARTESIAN_POINT('',(-32.72008444572,39.947876149523,0.));
#4931 = VECTOR('',#4932,1.);
#4932 = DIRECTION('',(-0.,-0.,-1.));
#4933 = PCURVE('',#1609,#4934);
#4934 = DEFINITIONAL_REPRESENTATION('',(#4935),#4938);
#4935 = B_SPLINE_CURVE_WITH_KNOTS('',1,(#4936,#4937),.UNSPECIFIED.,.F.,
  .F.,(2,2),(-1.0000006,6.E-07),.PIECEWISE_BEZIER_KNOTS.);
#4936 = CARTESIAN_POINT('',(-1.715315759781,-1.0000006));
#4937 = CARTESIAN_POINT('',(-1.715315759781,6.E-07));
#4938 = ( GEOMETRIC_REPRESENTATION_CONTEXT(2) 
PARAMETRIC_REPRESENTATION_CONTEXT() REPRESENTATION_CONTEXT('2D SPACE',''
  ) );
#4939 = PCURVE('',#1637,#4940);
#4940 = DEFINITIONAL_REPRESENTATION('',(#4941),#4944);
#4941 = B_SPLINE_CURVE_WITH_KNOTS('',1,(#4942,#4943),.UNSPECIFIED.,.F.,
  .F.,(2,2),(-1.0000006,6.E-07),.PIECEWISE_BEZIER_KNOTS.);
#4942 = CARTESIAN_POINT('',(1.0000006,0.400246203918));
#4943 = CARTESIAN_POINT('',(-6.E-07,0.400246203918));
#4944 = ( GEOMETRIC_REPRESENTATION_CONTEXT(2) 
PARAMETRIC_REPRESENTATION_CONTEXT() REPRESENTATION_CONTEXT('2D SPACE',''
  ) );
#4945 = ADVANCED_FACE('',(#4946),#1637,.F.);
#4946 = FACE_BOUND('',#4947,.F.);
#4947 = EDGE_LOOP('',(#4948,#4949,#4950,#4951,#4974,#4995));
#4948 = ORIENTED_EDGE('',*,*,#1621,.F.);
#4949 = ORIENTED_EDGE('',*,*,#4927,.F.);
#4950 = ORIENTED_EDGE('',*,*,#2148,.T.);
#4951 = ORIENTED_EDGE('',*,*,#4952,.T.);
#4952 = EDGE_CURVE('',#2149,#4953,#4955,.T.);
#4953 = VERTEX_POINT('',#4954);
#4954 = CARTESIAN_POINT('',(-32.43033934217,39.671751542292,1.4));
#4955 = SURFACE_CURVE('',#4956,(#4960,#4967),.PCURVE_S1.);
#4956 = LINE('',#4957,#4958);
#4957 = CARTESIAN_POINT('',(-32.43033934217,39.671751542292,0.));
#4958 = VECTOR('',#4959,1.);
#4959 = DIRECTION('',(0.,0.,1.));
#4960 = PCURVE('',#1637,#4961);
#4961 = DEFINITIONAL_REPRESENTATION('',(#4962),#4966);
#4962 = LINE('',#4963,#4964);
#4963 = CARTESIAN_POINT('',(0.,0.));
#4964 = VECTOR('',#4965,1.);
#4965 = DIRECTION('',(1.,0.));
#4966 = ( GEOMETRIC_REPRESENTATION_CONTEXT(2) 
PARAMETRIC_REPRESENTATION_CONTEXT() REPRESENTATION_CONTEXT('2D SPACE',''
  ) );
#4967 = PCURVE('',#2184,#4968);
#4968 = DEFINITIONAL_REPRESENTATION('',(#4969),#4973);
#4969 = LINE('',#4970,#4971);
#4970 = CARTESIAN_POINT('',(0.,0.));
#4971 = VECTOR('',#4972,1.);
#4972 = DIRECTION('',(1.,0.));
#4973 = ( GEOMETRIC_REPRESENTATION_CONTEXT(2) 
PARAMETRIC_REPRESENTATION_CONTEXT() REPRESENTATION_CONTEXT('2D SPACE',''
  ) );
#4974 = ORIENTED_EDGE('',*,*,#4975,.T.);
#4975 = EDGE_CURVE('',#4953,#4575,#4976,.T.);
#4976 = SURFACE_CURVE('',#4977,(#4981,#4988),.PCURVE_S1.);
#4977 = LINE('',#4978,#4979);
#4978 = CARTESIAN_POINT('',(-32.43033934217,39.671751542292,1.4));
#4979 = VECTOR('',#4980,1.);
#4980 = DIRECTION('',(-0.723917180764,0.689886885942,0.));
#4981 = PCURVE('',#1637,#4982);
#4982 = DEFINITIONAL_REPRESENTATION('',(#4983),#4987);
#4983 = LINE('',#4984,#4985);
#4984 = CARTESIAN_POINT('',(1.4,0.));
#4985 = VECTOR('',#4986,1.);
#4986 = DIRECTION('',(0.,1.));
#4987 = ( GEOMETRIC_REPRESENTATION_CONTEXT(2) 
PARAMETRIC_REPRESENTATION_CONTEXT() REPRESENTATION_CONTEXT('2D SPACE',''
  ) );
#4988 = PCURVE('',#2336,#4989);
#4989 = DEFINITIONAL_REPRESENTATION('',(#4990),#4994);
#4990 = LINE('',#4991,#4992);
#4991 = CARTESIAN_POINT('',(0.,0.));
#4992 = VECTOR('',#4993,1.);
#4993 = DIRECTION('',(1.,0.));
#4994 = ( GEOMETRIC_REPRESENTATION_CONTEXT(2) 
PARAMETRIC_REPRESENTATION_CONTEXT() REPRESENTATION_CONTEXT('2D SPACE',''
  ) );
#4995 = ORIENTED_EDGE('',*,*,#4732,.T.);
#4996 = ADVANCED_FACE('',(#4997),#1689,.F.);
#4997 = FACE_BOUND('',#4998,.F.);
#4998 = EDGE_LOOP('',(#4999,#5000,#5001,#5024));
#4999 = ORIENTED_EDGE('',*,*,#1673,.F.);
#5000 = ORIENTED_EDGE('',*,*,#4712,.F.);
#5001 = ORIENTED_EDGE('',*,*,#5002,.T.);
#5002 = EDGE_CURVE('',#4685,#5003,#5005,.T.);
#5003 = VERTEX_POINT('',#5004);
#5004 = CARTESIAN_POINT('',(-43.45,53.,1.4));
#5005 = SURFACE_CURVE('',#5006,(#5010,#5017),.PCURVE_S1.);
#5006 = LINE('',#5007,#5008);
#5007 = CARTESIAN_POINT('',(-43.45,48.65,1.4));
#5008 = VECTOR('',#5009,1.);
#5009 = DIRECTION('',(1.110223024625E-16,1.,0.));
#5010 = PCURVE('',#1689,#5011);
#5011 = DEFINITIONAL_REPRESENTATION('',(#5012),#5016);
#5012 = LINE('',#5013,#5014);
#5013 = CARTESIAN_POINT('',(1.4,0.));
#5014 = VECTOR('',#5015,1.);
#5015 = DIRECTION('',(0.,1.));
#5016 = ( GEOMETRIC_REPRESENTATION_CONTEXT(2) 
PARAMETRIC_REPRESENTATION_CONTEXT() REPRESENTATION_CONTEXT('2D SPACE',''
  ) );
#5017 = PCURVE('',#2409,#5018);
#5018 = DEFINITIONAL_REPRESENTATION('',(#5019),#5023);
#5019 = LINE('',#5020,#5021);
#5020 = CARTESIAN_POINT('',(-52.95469645605,-65.539952752));
#5021 = VECTOR('',#5022,1.);
#5022 = DIRECTION('',(-0.689886885942,-0.723917180764));
#5023 = ( GEOMETRIC_REPRESENTATION_CONTEXT(2) 
PARAMETRIC_REPRESENTATION_CONTEXT() REPRESENTATION_CONTEXT('2D SPACE',''
  ) );
#5024 = ORIENTED_EDGE('',*,*,#5025,.F.);
#5025 = EDGE_CURVE('',#1674,#5003,#5026,.T.);
#5026 = SURFACE_CURVE('',#5027,(#5031,#5037),.PCURVE_S1.);
#5027 = LINE('',#5028,#5029);
#5028 = CARTESIAN_POINT('',(-43.45,53.,-0.1));
#5029 = VECTOR('',#5030,1.);
#5030 = DIRECTION('',(0.,-0.,1.));
#5031 = PCURVE('',#1689,#5032);
#5032 = DEFINITIONAL_REPRESENTATION('',(#5033),#5036);
#5033 = B_SPLINE_CURVE_WITH_KNOTS('',1,(#5034,#5035),.UNSPECIFIED.,.F.,
  .F.,(2,2),(0.1,1.5),.PIECEWISE_BEZIER_KNOTS.);
#5034 = CARTESIAN_POINT('',(0.,4.35));
#5035 = CARTESIAN_POINT('',(1.4,4.35));
#5036 = ( GEOMETRIC_REPRESENTATION_CONTEXT(2) 
PARAMETRIC_REPRESENTATION_CONTEXT() REPRESENTATION_CONTEXT('2D SPACE',''
  ) );
#5037 = PCURVE('',#1715,#5038);
#5038 = DEFINITIONAL_REPRESENTATION('',(#5039),#5042);
#5039 = B_SPLINE_CURVE_WITH_KNOTS('',1,(#5040,#5041),.UNSPECIFIED.,.F.,
  .F.,(2,2),(0.1,1.5),.PIECEWISE_BEZIER_KNOTS.);
#5040 = CARTESIAN_POINT('',(3.05,-0.2));
#5041 = CARTESIAN_POINT('',(3.05,-1.6));
#5042 = ( GEOMETRIC_REPRESENTATION_CONTEXT(2) 
PARAMETRIC_REPRESENTATION_CONTEXT() REPRESENTATION_CONTEXT('2D SPACE',''
  ) );
#5043 = ADVANCED_FACE('',(#5044),#1715,.F.);
#5044 = FACE_BOUND('',#5045,.F.);
#5045 = EDGE_LOOP('',(#5046,#5047,#5048,#5049));
#5046 = ORIENTED_EDGE('',*,*,#4779,.F.);
#5047 = ORIENTED_EDGE('',*,*,#1701,.T.);
#5048 = ORIENTED_EDGE('',*,*,#5025,.T.);
#5049 = ORIENTED_EDGE('',*,*,#5050,.F.);
#5050 = EDGE_CURVE('',#4757,#5003,#5051,.T.);
#5051 = SURFACE_CURVE('',#5052,(#5056,#5062),.PCURVE_S1.);
#5052 = LINE('',#5053,#5054);
#5053 = CARTESIAN_POINT('',(-23.25,53.,1.4));
#5054 = VECTOR('',#5055,1.);
#5055 = DIRECTION('',(-1.,0.,0.));
#5056 = PCURVE('',#1715,#5057);
#5057 = DEFINITIONAL_REPRESENTATION('',(#5058),#5061);
#5058 = B_SPLINE_CURVE_WITH_KNOTS('',1,(#5059,#5060),.UNSPECIFIED.,.F.,
  .F.,(2,2),(-69.75,23.25),.PIECEWISE_BEZIER_KNOTS.);
#5059 = CARTESIAN_POINT('',(93.,-1.6));
#5060 = CARTESIAN_POINT('',(0.,-1.6));
#5061 = ( GEOMETRIC_REPRESENTATION_CONTEXT(2) 
PARAMETRIC_REPRESENTATION_CONTEXT() REPRESENTATION_CONTEXT('2D SPACE',''
  ) );
#5062 = PCURVE('',#2409,#5063);
#5063 = DEFINITIONAL_REPRESENTATION('',(#5064),#5068);
#5064 = LINE('',#5065,#5066);
#5065 = CARTESIAN_POINT('',(-70.57883146133,-54.7532773923));
#5066 = VECTOR('',#5067,1.);
#5067 = DIRECTION('',(0.723917180764,-0.689886885942));
#5068 = ( GEOMETRIC_REPRESENTATION_CONTEXT(2) 
PARAMETRIC_REPRESENTATION_CONTEXT() REPRESENTATION_CONTEXT('2D SPACE',''
  ) );
#5069 = ADVANCED_FACE('',(#5070),#2184,.F.);
#5070 = FACE_BOUND('',#5071,.F.);
#5071 = EDGE_LOOP('',(#5072,#5073,#5074,#5075));
#5072 = ORIENTED_EDGE('',*,*,#4952,.F.);
#5073 = ORIENTED_EDGE('',*,*,#2169,.T.);
#5074 = ORIENTED_EDGE('',*,*,#2297,.T.);
#5075 = ORIENTED_EDGE('',*,*,#5076,.F.);
#5076 = EDGE_CURVE('',#4953,#2298,#5077,.T.);
#5077 = SURFACE_CURVE('',#5078,(#5082,#5089),.PCURVE_S1.);
#5078 = LINE('',#5079,#5080);
#5079 = CARTESIAN_POINT('',(-32.43033934217,39.671751542292,1.4));
#5080 = VECTOR('',#5081,1.);
#5081 = DIRECTION('',(-0.689886885942,-0.723917180764,0.));
#5082 = PCURVE('',#2184,#5083);
#5083 = DEFINITIONAL_REPRESENTATION('',(#5084),#5088);
#5084 = LINE('',#5085,#5086);
#5085 = CARTESIAN_POINT('',(1.4,0.));
#5086 = VECTOR('',#5087,1.);
#5087 = DIRECTION('',(0.,-1.));
#5088 = ( GEOMETRIC_REPRESENTATION_CONTEXT(2) 
PARAMETRIC_REPRESENTATION_CONTEXT() REPRESENTATION_CONTEXT('2D SPACE',''
  ) );
#5089 = PCURVE('',#2336,#5090);
#5090 = DEFINITIONAL_REPRESENTATION('',(#5091),#5095);
#5091 = LINE('',#5092,#5093);
#5092 = CARTESIAN_POINT('',(0.,0.));
#5093 = VECTOR('',#5094,1.);
#5094 = DIRECTION('',(0.,1.));
#5095 = ( GEOMETRIC_REPRESENTATION_CONTEXT(2) 
PARAMETRIC_REPRESENTATION_CONTEXT() REPRESENTATION_CONTEXT('2D SPACE',''
  ) );
#5096 = ADVANCED_FACE('',(#5097),#2045,.F.);
#5097 = FACE_BOUND('',#5098,.F.);
#5098 = EDGE_LOOP('',(#5099,#5100,#5101,#5102));
#5099 = ORIENTED_EDGE('',*,*,#3899,.F.);
#5100 = ORIENTED_EDGE('',*,*,#2030,.T.);
#5101 = ORIENTED_EDGE('',*,*,#4822,.T.);
#5102 = ORIENTED_EDGE('',*,*,#5103,.F.);
#5103 = EDGE_CURVE('',#3900,#4823,#5104,.T.);
#5104 = SURFACE_CURVE('',#5105,(#5109,#5116),.PCURVE_S1.);
#5105 = LINE('',#5106,#5107);
#5106 = CARTESIAN_POINT('',(36.569660657826,35.328248457708,1.4));
#5107 = VECTOR('',#5108,1.);
#5108 = DIRECTION('',(-0.689886885942,0.723917180764,0.));
#5109 = PCURVE('',#2045,#5110);
#5110 = DEFINITIONAL_REPRESENTATION('',(#5111),#5115);
#5111 = LINE('',#5112,#5113);
#5112 = CARTESIAN_POINT('',(1.4,0.));
#5113 = VECTOR('',#5114,1.);
#5114 = DIRECTION('',(0.,-1.));
#5115 = ( GEOMETRIC_REPRESENTATION_CONTEXT(2) 
PARAMETRIC_REPRESENTATION_CONTEXT() REPRESENTATION_CONTEXT('2D SPACE',''
  ) );
#5116 = PCURVE('',#3938,#5117);
#5117 = DEFINITIONAL_REPRESENTATION('',(#5118),#5122);
#5118 = LINE('',#5119,#5120);
#5119 = CARTESIAN_POINT('',(-52.94681128982,-44.45785862235));
#5120 = VECTOR('',#5121,1.);
#5121 = DIRECTION('',(0.998841939034,-4.811216921089E-02));
#5122 = ( GEOMETRIC_REPRESENTATION_CONTEXT(2) 
PARAMETRIC_REPRESENTATION_CONTEXT() REPRESENTATION_CONTEXT('2D SPACE',''
  ) );
#5123 = ADVANCED_FACE('',(#5124),#1906,.F.);
#5124 = FACE_BOUND('',#5125,.F.);
#5125 = EDGE_LOOP('',(#5126,#5127,#5128,#5129));
#5126 = ORIENTED_EDGE('',*,*,#3382,.F.);
#5127 = ORIENTED_EDGE('',*,*,#1891,.T.);
#5128 = ORIENTED_EDGE('',*,*,#3769,.T.);
#5129 = ORIENTED_EDGE('',*,*,#5130,.F.);
#5130 = EDGE_CURVE('',#3383,#3770,#5131,.T.);
#5131 = SURFACE_CURVE('',#5132,(#5136,#5143),.PCURVE_S1.);
#5132 = LINE('',#5133,#5134);
#5133 = CARTESIAN_POINT('',(32.430339342174,-39.67175154229,1.4));
#5134 = VECTOR('',#5135,1.);
#5135 = DIRECTION('',(0.689886885942,0.723917180764,0.));
#5136 = PCURVE('',#1906,#5137);
#5137 = DEFINITIONAL_REPRESENTATION('',(#5138),#5142);
#5138 = LINE('',#5139,#5140);
#5139 = CARTESIAN_POINT('',(1.4,0.));
#5140 = VECTOR('',#5141,1.);
#5141 = DIRECTION('',(0.,-1.));
#5142 = ( GEOMETRIC_REPRESENTATION_CONTEXT(2) 
PARAMETRIC_REPRESENTATION_CONTEXT() REPRESENTATION_CONTEXT('2D SPACE',''
  ) );
#5143 = PCURVE('',#3421,#5144);
#5144 = DEFINITIONAL_REPRESENTATION('',(#5145),#5149);
#5145 = LINE('',#5146,#5147);
#5146 = CARTESIAN_POINT('',(-46.95375965562,50.746531637621));
#5147 = VECTOR('',#5148,1.);
#5148 = DIRECTION('',(-0.998841939034,-4.811216921089E-02));
#5149 = ( GEOMETRIC_REPRESENTATION_CONTEXT(2) 
PARAMETRIC_REPRESENTATION_CONTEXT() REPRESENTATION_CONTEXT('2D SPACE',''
  ) );
#5150 = ADVANCED_FACE('',(#5151),#1767,.F.);
#5151 = FACE_BOUND('',#5152,.F.);
#5152 = EDGE_LOOP('',(#5153,#5154,#5155,#5156));
#5153 = ORIENTED_EDGE('',*,*,#2221,.F.);
#5154 = ORIENTED_EDGE('',*,*,#1752,.T.);
#5155 = ORIENTED_EDGE('',*,*,#3252,.T.);
#5156 = ORIENTED_EDGE('',*,*,#5157,.F.);
#5157 = EDGE_CURVE('',#2222,#3253,#5158,.T.);
#5158 = SURFACE_CURVE('',#5159,(#5163,#5170),.PCURVE_S1.);
#5159 = LINE('',#5160,#5161);
#5160 = CARTESIAN_POINT('',(-36.56966065782,-35.3282484577,1.4));
#5161 = VECTOR('',#5162,1.);
#5162 = DIRECTION('',(0.689886885942,-0.723917180764,0.));
#5163 = PCURVE('',#1767,#5164);
#5164 = DEFINITIONAL_REPRESENTATION('',(#5165),#5169);
#5165 = LINE('',#5166,#5167);
#5166 = CARTESIAN_POINT('',(1.4,0.));
#5167 = VECTOR('',#5168,1.);
#5168 = DIRECTION('',(0.,-1.));
#5169 = ( GEOMETRIC_REPRESENTATION_CONTEXT(2) 
PARAMETRIC_REPRESENTATION_CONTEXT() REPRESENTATION_CONTEXT('2D SPACE',''
  ) );
#5170 = PCURVE('',#2260,#5171);
#5171 = DEFINITIONAL_REPRESENTATION('',(#5172),#5176);
#5172 = LINE('',#5173,#5174);
#5173 = CARTESIAN_POINT('',(0.,0.));
#5174 = VECTOR('',#5175,1.);
#5175 = DIRECTION('',(0.,1.));
#5176 = ( GEOMETRIC_REPRESENTATION_CONTEXT(2) 
PARAMETRIC_REPRESENTATION_CONTEXT() REPRESENTATION_CONTEXT('2D SPACE',''
  ) );
#5177 = ADVANCED_FACE('',(#5178),#2260,.T.);
#5178 = FACE_BOUND('',#5179,.T.);
#5179 = EDGE_LOOP('',(#5180,#5181,#5182,#5183,#5184));
#5180 = ORIENTED_EDGE('',*,*,#3275,.F.);
#5181 = ORIENTED_EDGE('',*,*,#5157,.F.);
#5182 = ORIENTED_EDGE('',*,*,#2244,.T.);
#5183 = ORIENTED_EDGE('',*,*,#3051,.T.);
#5184 = ORIENTED_EDGE('',*,*,#3130,.T.);
#5185 = ADVANCED_FACE('',(#5186),#2336,.T.);
#5186 = FACE_BOUND('',#5187,.T.);
#5187 = EDGE_LOOP('',(#5188,#5189,#5190,#5191,#5192));
#5188 = ORIENTED_EDGE('',*,*,#2320,.F.);
#5189 = ORIENTED_EDGE('',*,*,#5076,.F.);
#5190 = ORIENTED_EDGE('',*,*,#4975,.T.);
#5191 = ORIENTED_EDGE('',*,*,#4574,.T.);
#5192 = ORIENTED_EDGE('',*,*,#4655,.T.);
#5193 = ADVANCED_FACE('',(#5194,#5277),#2409,.T.);
#5194 = FACE_BOUND('',#5195,.T.);
#5195 = EDGE_LOOP('',(#5196,#5197,#5198,#5199,#5222,#5250,#5271,#5272,
    #5273,#5274,#5275,#5276));
#5196 = ORIENTED_EDGE('',*,*,#2393,.F.);
#5197 = ORIENTED_EDGE('',*,*,#2447,.T.);
#5198 = ORIENTED_EDGE('',*,*,#2497,.T.);
#5199 = ORIENTED_EDGE('',*,*,#5200,.T.);
#5200 = EDGE_CURVE('',#2498,#5201,#5203,.T.);
#5201 = VERTEX_POINT('',#5202);
#5202 = CARTESIAN_POINT('',(-28.,-53.2,1.4));
#5203 = SURFACE_CURVE('',#5204,(#5208,#5215),.PCURVE_S1.);
#5204 = LINE('',#5205,#5206);
#5205 = CARTESIAN_POINT('',(-28.,-55.,1.4));
#5206 = VECTOR('',#5207,1.);
#5207 = DIRECTION('',(0.,1.,0.));
#5208 = PCURVE('',#2409,#5209);
#5209 = DEFINITIONAL_REPRESENTATION('',(#5210),#5214);
#5210 = LINE('',#5211,#5212);
#5211 = CARTESIAN_POINT('',(7.367558829016,20.152815421994));
#5212 = VECTOR('',#5213,1.);
#5213 = DIRECTION('',(-0.689886885942,-0.723917180764));
#5214 = ( GEOMETRIC_REPRESENTATION_CONTEXT(2) 
PARAMETRIC_REPRESENTATION_CONTEXT() REPRESENTATION_CONTEXT('2D SPACE',''
  ) );
#5215 = PCURVE('',#2536,#5216);
#5216 = DEFINITIONAL_REPRESENTATION('',(#5217),#5221);
#5217 = LINE('',#5218,#5219);
#5218 = CARTESIAN_POINT('',(0.,0.));
#5219 = VECTOR('',#5220,1.);
#5220 = DIRECTION('',(0.,-1.));
#5221 = ( GEOMETRIC_REPRESENTATION_CONTEXT(2) 
PARAMETRIC_REPRESENTATION_CONTEXT() REPRESENTATION_CONTEXT('2D SPACE',''
  ) );
#5222 = ORIENTED_EDGE('',*,*,#5223,.T.);
#5223 = EDGE_CURVE('',#5201,#5224,#5226,.T.);
#5224 = VERTEX_POINT('',#5225);
#5225 = CARTESIAN_POINT('',(-8.,-53.2,1.4));
#5226 = SURFACE_CURVE('',#5227,(#5231,#5238),.PCURVE_S1.);
#5227 = LINE('',#5228,#5229);
#5228 = CARTESIAN_POINT('',(-28.,-53.2,1.4));
#5229 = VECTOR('',#5230,1.);
#5230 = DIRECTION('',(1.,0.,0.));
#5231 = PCURVE('',#2409,#5232);
#5232 = DEFINITIONAL_REPRESENTATION('',(#5233),#5237);
#5233 = LINE('',#5234,#5235);
#5234 = CARTESIAN_POINT('',(6.125762434321,18.849764496618));
#5235 = VECTOR('',#5236,1.);
#5236 = DIRECTION('',(-0.723917180764,0.689886885942));
#5237 = ( GEOMETRIC_REPRESENTATION_CONTEXT(2) 
PARAMETRIC_REPRESENTATION_CONTEXT() REPRESENTATION_CONTEXT('2D SPACE',''
  ) );
#5238 = PCURVE('',#5239,#5244);
#5239 = PLANE('',#5240);
#5240 = AXIS2_PLACEMENT_3D('',#5241,#5242,#5243);
#5241 = CARTESIAN_POINT('',(-28.,-53.2,1.4));
#5242 = DIRECTION('',(0.,1.,0.));
#5243 = DIRECTION('',(0.,0.,1.));
#5244 = DEFINITIONAL_REPRESENTATION('',(#5245),#5249);
#5245 = LINE('',#5246,#5247);
#5246 = CARTESIAN_POINT('',(0.,0.));
#5247 = VECTOR('',#5248,1.);
#5248 = DIRECTION('',(0.,1.));
#5249 = ( GEOMETRIC_REPRESENTATION_CONTEXT(2) 
PARAMETRIC_REPRESENTATION_CONTEXT() REPRESENTATION_CONTEXT('2D SPACE',''
  ) );
#5250 = ORIENTED_EDGE('',*,*,#5251,.F.);
#5251 = EDGE_CURVE('',#2577,#5224,#5252,.T.);
#5252 = SURFACE_CURVE('',#5253,(#5257,#5264),.PCURVE_S1.);
#5253 = LINE('',#5254,#5255);
#5254 = CARTESIAN_POINT('',(-8.,-55.,1.4));
#5255 = VECTOR('',#5256,1.);
#5256 = DIRECTION('',(0.,1.,0.));
#5257 = PCURVE('',#2409,#5258);
#5258 = DEFINITIONAL_REPRESENTATION('',(#5259),#5263);
#5259 = LINE('',#5260,#5261);
#5260 = CARTESIAN_POINT('',(-7.110784786266,33.950553140831));
#5261 = VECTOR('',#5262,1.);
#5262 = DIRECTION('',(-0.689886885942,-0.723917180764));
#5263 = ( GEOMETRIC_REPRESENTATION_CONTEXT(2) 
PARAMETRIC_REPRESENTATION_CONTEXT() REPRESENTATION_CONTEXT('2D SPACE',''
  ) );
#5264 = PCURVE('',#2592,#5265);
#5265 = DEFINITIONAL_REPRESENTATION('',(#5266),#5270);
#5266 = LINE('',#5267,#5268);
#5267 = CARTESIAN_POINT('',(0.,0.));
#5268 = VECTOR('',#5269,1.);
#5269 = DIRECTION('',(0.,-1.));
#5270 = ( GEOMETRIC_REPRESENTATION_CONTEXT(2) 
PARAMETRIC_REPRESENTATION_CONTEXT() REPRESENTATION_CONTEXT('2D SPACE',''
  ) );
#5271 = ORIENTED_EDGE('',*,*,#2604,.T.);
#5272 = ORIENTED_EDGE('',*,*,#2759,.T.);
#5273 = ORIENTED_EDGE('',*,*,#2809,.T.);
#5274 = ORIENTED_EDGE('',*,*,#2858,.T.);
#5275 = ORIENTED_EDGE('',*,*,#2930,.F.);
#5276 = ORIENTED_EDGE('',*,*,#2957,.T.);
#5277 = FACE_BOUND('',#5278,.T.);
#5278 = EDGE_LOOP('',(#5279,#5280,#5281,#5282,#5283,#5284,#5285,#5286,
    #5287,#5288,#5289,#5290,#5291,#5292,#5293,#5294,#5295,#5296,#5297,
    #5298));
#5279 = ORIENTED_EDGE('',*,*,#3006,.F.);
#5280 = ORIENTED_EDGE('',*,*,#3179,.T.);
#5281 = ORIENTED_EDGE('',*,*,#4328,.T.);
#5282 = ORIENTED_EDGE('',*,*,#4398,.T.);
#5283 = ORIENTED_EDGE('',*,*,#4429,.F.);
#5284 = ORIENTED_EDGE('',*,*,#4498,.T.);
#5285 = ORIENTED_EDGE('',*,*,#4549,.F.);
#5286 = ORIENTED_EDGE('',*,*,#4684,.T.);
#5287 = ORIENTED_EDGE('',*,*,#5002,.T.);
#5288 = ORIENTED_EDGE('',*,*,#5050,.F.);
#5289 = ORIENTED_EDGE('',*,*,#4756,.F.);
#5290 = ORIENTED_EDGE('',*,*,#4095,.T.);
#5291 = ORIENTED_EDGE('',*,*,#4147,.T.);
#5292 = ORIENTED_EDGE('',*,*,#4217,.T.);
#5293 = ORIENTED_EDGE('',*,*,#4270,.T.);
#5294 = ORIENTED_EDGE('',*,*,#4297,.T.);
#5295 = ORIENTED_EDGE('',*,*,#3703,.F.);
#5296 = ORIENTED_EDGE('',*,*,#3529,.T.);
#5297 = ORIENTED_EDGE('',*,*,#3630,.T.);
#5298 = ORIENTED_EDGE('',*,*,#3678,.T.);
#5299 = ADVANCED_FACE('',(#5300),#2536,.F.);
#5300 = FACE_BOUND('',#5301,.F.);
#5301 = EDGE_LOOP('',(#5302,#5303,#5304,#5327));
#5302 = ORIENTED_EDGE('',*,*,#2520,.F.);
#5303 = ORIENTED_EDGE('',*,*,#5200,.T.);
#5304 = ORIENTED_EDGE('',*,*,#5305,.T.);
#5305 = EDGE_CURVE('',#5201,#5306,#5308,.T.);
#5306 = VERTEX_POINT('',#5307);
#5307 = CARTESIAN_POINT('',(-28.,-53.2,10.3));
#5308 = SURFACE_CURVE('',#5309,(#5313,#5320),.PCURVE_S1.);
#5309 = LINE('',#5310,#5311);
#5310 = CARTESIAN_POINT('',(-28.,-53.2,1.4));
#5311 = VECTOR('',#5312,1.);
#5312 = DIRECTION('',(0.,0.,1.));
#5313 = PCURVE('',#2536,#5314);
#5314 = DEFINITIONAL_REPRESENTATION('',(#5315),#5319);
#5315 = LINE('',#5316,#5317);
#5316 = CARTESIAN_POINT('',(0.,-1.8));
#5317 = VECTOR('',#5318,1.);
#5318 = DIRECTION('',(1.,0.));
#5319 = ( GEOMETRIC_REPRESENTATION_CONTEXT(2) 
PARAMETRIC_REPRESENTATION_CONTEXT() REPRESENTATION_CONTEXT('2D SPACE',''
  ) );
#5320 = PCURVE('',#5239,#5321);
#5321 = DEFINITIONAL_REPRESENTATION('',(#5322),#5326);
#5322 = LINE('',#5323,#5324);
#5323 = CARTESIAN_POINT('',(0.,0.));
#5324 = VECTOR('',#5325,1.);
#5325 = DIRECTION('',(1.,0.));
#5326 = ( GEOMETRIC_REPRESENTATION_CONTEXT(2) 
PARAMETRIC_REPRESENTATION_CONTEXT() REPRESENTATION_CONTEXT('2D SPACE',''
  ) );
#5327 = ORIENTED_EDGE('',*,*,#5328,.F.);
#5328 = EDGE_CURVE('',#2521,#5306,#5329,.T.);
#5329 = SURFACE_CURVE('',#5330,(#5334,#5341),.PCURVE_S1.);
#5330 = LINE('',#5331,#5332);
#5331 = CARTESIAN_POINT('',(-28.,-55.,10.3));
#5332 = VECTOR('',#5333,1.);
#5333 = DIRECTION('',(0.,1.,0.));
#5334 = PCURVE('',#2536,#5335);
#5335 = DEFINITIONAL_REPRESENTATION('',(#5336),#5340);
#5336 = LINE('',#5337,#5338);
#5337 = CARTESIAN_POINT('',(8.9,0.));
#5338 = VECTOR('',#5339,1.);
#5339 = DIRECTION('',(0.,-1.));
#5340 = ( GEOMETRIC_REPRESENTATION_CONTEXT(2) 
PARAMETRIC_REPRESENTATION_CONTEXT() REPRESENTATION_CONTEXT('2D SPACE',''
  ) );
#5341 = PCURVE('',#2564,#5342);
#5342 = DEFINITIONAL_REPRESENTATION('',(#5343),#5347);
#5343 = LINE('',#5344,#5345);
#5344 = CARTESIAN_POINT('',(0.,0.));
#5345 = VECTOR('',#5346,1.);
#5346 = DIRECTION('',(0.,1.));
#5347 = ( GEOMETRIC_REPRESENTATION_CONTEXT(2) 
PARAMETRIC_REPRESENTATION_CONTEXT() REPRESENTATION_CONTEXT('2D SPACE',''
  ) );
#5348 = ADVANCED_FACE('',(#5349),#2564,.T.);
#5349 = FACE_BOUND('',#5350,.T.);
#5350 = EDGE_LOOP('',(#5351,#5352,#5353,#5376));
#5351 = ORIENTED_EDGE('',*,*,#5328,.F.);
#5352 = ORIENTED_EDGE('',*,*,#2548,.T.);
#5353 = ORIENTED_EDGE('',*,*,#5354,.T.);
#5354 = EDGE_CURVE('',#2549,#5355,#5357,.T.);
#5355 = VERTEX_POINT('',#5356);
#5356 = CARTESIAN_POINT('',(-8.,-53.2,10.3));
#5357 = SURFACE_CURVE('',#5358,(#5362,#5369),.PCURVE_S1.);
#5358 = LINE('',#5359,#5360);
#5359 = CARTESIAN_POINT('',(-8.,-55.,10.3));
#5360 = VECTOR('',#5361,1.);
#5361 = DIRECTION('',(0.,1.,0.));
#5362 = PCURVE('',#2564,#5363);
#5363 = DEFINITIONAL_REPRESENTATION('',(#5364),#5368);
#5364 = LINE('',#5365,#5366);
#5365 = CARTESIAN_POINT('',(20.,0.));
#5366 = VECTOR('',#5367,1.);
#5367 = DIRECTION('',(0.,1.));
#5368 = ( GEOMETRIC_REPRESENTATION_CONTEXT(2) 
PARAMETRIC_REPRESENTATION_CONTEXT() REPRESENTATION_CONTEXT('2D SPACE',''
  ) );
#5369 = PCURVE('',#2592,#5370);
#5370 = DEFINITIONAL_REPRESENTATION('',(#5371),#5375);
#5371 = LINE('',#5372,#5373);
#5372 = CARTESIAN_POINT('',(8.9,0.));
#5373 = VECTOR('',#5374,1.);
#5374 = DIRECTION('',(0.,-1.));
#5375 = ( GEOMETRIC_REPRESENTATION_CONTEXT(2) 
PARAMETRIC_REPRESENTATION_CONTEXT() REPRESENTATION_CONTEXT('2D SPACE',''
  ) );
#5376 = ORIENTED_EDGE('',*,*,#5377,.F.);
#5377 = EDGE_CURVE('',#5306,#5355,#5378,.T.);
#5378 = SURFACE_CURVE('',#5379,(#5383,#5390),.PCURVE_S1.);
#5379 = LINE('',#5380,#5381);
#5380 = CARTESIAN_POINT('',(-28.,-53.2,10.3));
#5381 = VECTOR('',#5382,1.);
#5382 = DIRECTION('',(1.,0.,0.));
#5383 = PCURVE('',#2564,#5384);
#5384 = DEFINITIONAL_REPRESENTATION('',(#5385),#5389);
#5385 = LINE('',#5386,#5387);
#5386 = CARTESIAN_POINT('',(0.,1.8));
#5387 = VECTOR('',#5388,1.);
#5388 = DIRECTION('',(1.,0.));
#5389 = ( GEOMETRIC_REPRESENTATION_CONTEXT(2) 
PARAMETRIC_REPRESENTATION_CONTEXT() REPRESENTATION_CONTEXT('2D SPACE',''
  ) );
#5390 = PCURVE('',#5239,#5391);
#5391 = DEFINITIONAL_REPRESENTATION('',(#5392),#5396);
#5392 = LINE('',#5393,#5394);
#5393 = CARTESIAN_POINT('',(8.9,0.));
#5394 = VECTOR('',#5395,1.);
#5395 = DIRECTION('',(0.,1.));
#5396 = ( GEOMETRIC_REPRESENTATION_CONTEXT(2) 
PARAMETRIC_REPRESENTATION_CONTEXT() REPRESENTATION_CONTEXT('2D SPACE',''
  ) );
#5397 = ADVANCED_FACE('',(#5398),#2592,.T.);
#5398 = FACE_BOUND('',#5399,.T.);
#5399 = EDGE_LOOP('',(#5400,#5401,#5402,#5423));
#5400 = ORIENTED_EDGE('',*,*,#2576,.F.);
#5401 = ORIENTED_EDGE('',*,*,#5251,.T.);
#5402 = ORIENTED_EDGE('',*,*,#5403,.T.);
#5403 = EDGE_CURVE('',#5224,#5355,#5404,.T.);
#5404 = SURFACE_CURVE('',#5405,(#5409,#5416),.PCURVE_S1.);
#5405 = LINE('',#5406,#5407);
#5406 = CARTESIAN_POINT('',(-8.,-53.2,1.4));
#5407 = VECTOR('',#5408,1.);
#5408 = DIRECTION('',(0.,0.,1.));
#5409 = PCURVE('',#2592,#5410);
#5410 = DEFINITIONAL_REPRESENTATION('',(#5411),#5415);
#5411 = LINE('',#5412,#5413);
#5412 = CARTESIAN_POINT('',(0.,-1.8));
#5413 = VECTOR('',#5414,1.);
#5414 = DIRECTION('',(1.,0.));
#5415 = ( GEOMETRIC_REPRESENTATION_CONTEXT(2) 
PARAMETRIC_REPRESENTATION_CONTEXT() REPRESENTATION_CONTEXT('2D SPACE',''
  ) );
#5416 = PCURVE('',#5239,#5417);
#5417 = DEFINITIONAL_REPRESENTATION('',(#5418),#5422);
#5418 = LINE('',#5419,#5420);
#5419 = CARTESIAN_POINT('',(0.,20.));
#5420 = VECTOR('',#5421,1.);
#5421 = DIRECTION('',(1.,0.));
#5422 = ( GEOMETRIC_REPRESENTATION_CONTEXT(2) 
PARAMETRIC_REPRESENTATION_CONTEXT() REPRESENTATION_CONTEXT('2D SPACE',''
  ) );
#5423 = ORIENTED_EDGE('',*,*,#5354,.F.);
#5424 = ADVANCED_FACE('',(#5425),#2668,.F.);
#5425 = FACE_BOUND('',#5426,.F.);
#5426 = EDGE_LOOP('',(#5427,#5450,#5451,#5474));
#5427 = ORIENTED_EDGE('',*,*,#5428,.F.);
#5428 = EDGE_CURVE('',#2652,#5429,#5431,.T.);
#5429 = VERTEX_POINT('',#5430);
#5430 = CARTESIAN_POINT('',(-24.,-53.2,9.25));
#5431 = SURFACE_CURVE('',#5432,(#5436,#5443),.PCURVE_S1.);
#5432 = LINE('',#5433,#5434);
#5433 = CARTESIAN_POINT('',(-24.,-55.5,9.25));
#5434 = VECTOR('',#5435,1.);
#5435 = DIRECTION('',(0.,1.,0.));
#5436 = PCURVE('',#2668,#5437);
#5437 = DEFINITIONAL_REPRESENTATION('',(#5438),#5442);
#5438 = LINE('',#5439,#5440);
#5439 = CARTESIAN_POINT('',(0.,0.));
#5440 = VECTOR('',#5441,1.);
#5441 = DIRECTION('',(0.,1.));
#5442 = ( GEOMETRIC_REPRESENTATION_CONTEXT(2) 
PARAMETRIC_REPRESENTATION_CONTEXT() REPRESENTATION_CONTEXT('2D SPACE',''
  ) );
#5443 = PCURVE('',#2694,#5444);
#5444 = DEFINITIONAL_REPRESENTATION('',(#5445),#5449);
#5445 = LINE('',#5446,#5447);
#5446 = CARTESIAN_POINT('',(5.5,0.));
#5447 = VECTOR('',#5448,1.);
#5448 = DIRECTION('',(0.,-1.));
#5449 = ( GEOMETRIC_REPRESENTATION_CONTEXT(2) 
PARAMETRIC_REPRESENTATION_CONTEXT() REPRESENTATION_CONTEXT('2D SPACE',''
  ) );
#5450 = ORIENTED_EDGE('',*,*,#2651,.T.);
#5451 = ORIENTED_EDGE('',*,*,#5452,.T.);
#5452 = EDGE_CURVE('',#2654,#5453,#5455,.T.);
#5453 = VERTEX_POINT('',#5454);
#5454 = CARTESIAN_POINT('',(-12.,-53.2,9.25));
#5455 = SURFACE_CURVE('',#5456,(#5460,#5467),.PCURVE_S1.);
#5456 = LINE('',#5457,#5458);
#5457 = CARTESIAN_POINT('',(-12.,-55.5,9.25));
#5458 = VECTOR('',#5459,1.);
#5459 = DIRECTION('',(0.,1.,0.));
#5460 = PCURVE('',#2668,#5461);
#5461 = DEFINITIONAL_REPRESENTATION('',(#5462),#5466);
#5462 = LINE('',#5463,#5464);
#5463 = CARTESIAN_POINT('',(12.,0.));
#5464 = VECTOR('',#5465,1.);
#5465 = DIRECTION('',(0.,1.));
#5466 = ( GEOMETRIC_REPRESENTATION_CONTEXT(2) 
PARAMETRIC_REPRESENTATION_CONTEXT() REPRESENTATION_CONTEXT('2D SPACE',''
  ) );
#5467 = PCURVE('',#2744,#5468);
#5468 = DEFINITIONAL_REPRESENTATION('',(#5469),#5473);
#5469 = LINE('',#5470,#5471);
#5470 = CARTESIAN_POINT('',(5.5,0.));
#5471 = VECTOR('',#5472,1.);
#5472 = DIRECTION('',(0.,-1.));
#5473 = ( GEOMETRIC_REPRESENTATION_CONTEXT(2) 
PARAMETRIC_REPRESENTATION_CONTEXT() REPRESENTATION_CONTEXT('2D SPACE',''
  ) );
#5474 = ORIENTED_EDGE('',*,*,#5475,.F.);
#5475 = EDGE_CURVE('',#5429,#5453,#5476,.T.);
#5476 = SURFACE_CURVE('',#5477,(#5481,#5487),.PCURVE_S1.);
#5477 = LINE('',#5478,#5479);
#5478 = CARTESIAN_POINT('',(-26.,-53.2,9.25));
#5479 = VECTOR('',#5480,1.);
#5480 = DIRECTION('',(1.,0.,0.));
#5481 = PCURVE('',#2668,#5482);
#5482 = DEFINITIONAL_REPRESENTATION('',(#5483),#5486);
#5483 = B_SPLINE_CURVE_WITH_KNOTS('',1,(#5484,#5485),.UNSPECIFIED.,.F.,
  .F.,(2,2),(2.,14.),.PIECEWISE_BEZIER_KNOTS.);
#5484 = CARTESIAN_POINT('',(0.,2.3));
#5485 = CARTESIAN_POINT('',(12.,2.3));
#5486 = ( GEOMETRIC_REPRESENTATION_CONTEXT(2) 
PARAMETRIC_REPRESENTATION_CONTEXT() REPRESENTATION_CONTEXT('2D SPACE',''
  ) );
#5487 = PCURVE('',#5239,#5488);
#5488 = DEFINITIONAL_REPRESENTATION('',(#5489),#5492);
#5489 = B_SPLINE_CURVE_WITH_KNOTS('',1,(#5490,#5491),.UNSPECIFIED.,.F.,
  .F.,(2,2),(2.,14.),.PIECEWISE_BEZIER_KNOTS.);
#5490 = CARTESIAN_POINT('',(7.85,4.));
#5491 = CARTESIAN_POINT('',(7.85,16.));
#5492 = ( GEOMETRIC_REPRESENTATION_CONTEXT(2) 
PARAMETRIC_REPRESENTATION_CONTEXT() REPRESENTATION_CONTEXT('2D SPACE',''
  ) );
#5493 = ADVANCED_FACE('',(#5494),#2744,.F.);
#5494 = FACE_BOUND('',#5495,.F.);
#5495 = EDGE_LOOP('',(#5496,#5497,#5498,#5521));
#5496 = ORIENTED_EDGE('',*,*,#5452,.F.);
#5497 = ORIENTED_EDGE('',*,*,#2731,.T.);
#5498 = ORIENTED_EDGE('',*,*,#5499,.T.);
#5499 = EDGE_CURVE('',#2706,#5500,#5502,.T.);
#5500 = VERTEX_POINT('',#5501);
#5501 = CARTESIAN_POINT('',(-12.,-53.2,3.75));
#5502 = SURFACE_CURVE('',#5503,(#5507,#5514),.PCURVE_S1.);
#5503 = LINE('',#5504,#5505);
#5504 = CARTESIAN_POINT('',(-12.,-55.5,3.75));
#5505 = VECTOR('',#5506,1.);
#5506 = DIRECTION('',(0.,1.,0.));
#5507 = PCURVE('',#2744,#5508);
#5508 = DEFINITIONAL_REPRESENTATION('',(#5509),#5513);
#5509 = LINE('',#5510,#5511);
#5510 = CARTESIAN_POINT('',(0.,0.));
#5511 = VECTOR('',#5512,1.);
#5512 = DIRECTION('',(0.,-1.));
#5513 = ( GEOMETRIC_REPRESENTATION_CONTEXT(2) 
PARAMETRIC_REPRESENTATION_CONTEXT() REPRESENTATION_CONTEXT('2D SPACE',''
  ) );
#5514 = PCURVE('',#2720,#5515);
#5515 = DEFINITIONAL_REPRESENTATION('',(#5516),#5520);
#5516 = LINE('',#5517,#5518);
#5517 = CARTESIAN_POINT('',(12.,0.));
#5518 = VECTOR('',#5519,1.);
#5519 = DIRECTION('',(0.,1.));
#5520 = ( GEOMETRIC_REPRESENTATION_CONTEXT(2) 
PARAMETRIC_REPRESENTATION_CONTEXT() REPRESENTATION_CONTEXT('2D SPACE',''
  ) );
#5521 = ORIENTED_EDGE('',*,*,#5522,.F.);
#5522 = EDGE_CURVE('',#5453,#5500,#5523,.T.);
#5523 = SURFACE_CURVE('',#5524,(#5528,#5534),.PCURVE_S1.);
#5524 = LINE('',#5525,#5526);
#5525 = CARTESIAN_POINT('',(-12.,-53.2,2.575));
#5526 = VECTOR('',#5527,1.);
#5527 = DIRECTION('',(0.,0.,-1.));
#5528 = PCURVE('',#2744,#5529);
#5529 = DEFINITIONAL_REPRESENTATION('',(#5530),#5533);
#5530 = B_SPLINE_CURVE_WITH_KNOTS('',1,(#5531,#5532),.UNSPECIFIED.,.F.,
  .F.,(2,2),(-6.675,-1.175),.PIECEWISE_BEZIER_KNOTS.);
#5531 = CARTESIAN_POINT('',(5.5,-2.3));
#5532 = CARTESIAN_POINT('',(0.,-2.3));
#5533 = ( GEOMETRIC_REPRESENTATION_CONTEXT(2) 
PARAMETRIC_REPRESENTATION_CONTEXT() REPRESENTATION_CONTEXT('2D SPACE',''
  ) );
#5534 = PCURVE('',#5239,#5535);
#5535 = DEFINITIONAL_REPRESENTATION('',(#5536),#5539);
#5536 = B_SPLINE_CURVE_WITH_KNOTS('',1,(#5537,#5538),.UNSPECIFIED.,.F.,
  .F.,(2,2),(-6.675,-1.175),.PIECEWISE_BEZIER_KNOTS.);
#5537 = CARTESIAN_POINT('',(7.85,16.));
#5538 = CARTESIAN_POINT('',(2.35,16.));
#5539 = ( GEOMETRIC_REPRESENTATION_CONTEXT(2) 
PARAMETRIC_REPRESENTATION_CONTEXT() REPRESENTATION_CONTEXT('2D SPACE',''
  ) );
#5540 = ADVANCED_FACE('',(#5541),#2720,.T.);
#5541 = FACE_BOUND('',#5542,.T.);
#5542 = EDGE_LOOP('',(#5543,#5566,#5567,#5568));
#5543 = ORIENTED_EDGE('',*,*,#5544,.F.);
#5544 = EDGE_CURVE('',#2680,#5545,#5547,.T.);
#5545 = VERTEX_POINT('',#5546);
#5546 = CARTESIAN_POINT('',(-24.,-53.2,3.75));
#5547 = SURFACE_CURVE('',#5548,(#5552,#5559),.PCURVE_S1.);
#5548 = LINE('',#5549,#5550);
#5549 = CARTESIAN_POINT('',(-24.,-55.5,3.75));
#5550 = VECTOR('',#5551,1.);
#5551 = DIRECTION('',(0.,1.,0.));
#5552 = PCURVE('',#2720,#5553);
#5553 = DEFINITIONAL_REPRESENTATION('',(#5554),#5558);
#5554 = LINE('',#5555,#5556);
#5555 = CARTESIAN_POINT('',(0.,0.));
#5556 = VECTOR('',#5557,1.);
#5557 = DIRECTION('',(0.,1.));
#5558 = ( GEOMETRIC_REPRESENTATION_CONTEXT(2) 
PARAMETRIC_REPRESENTATION_CONTEXT() REPRESENTATION_CONTEXT('2D SPACE',''
  ) );
#5559 = PCURVE('',#2694,#5560);
#5560 = DEFINITIONAL_REPRESENTATION('',(#5561),#5565);
#5561 = LINE('',#5562,#5563);
#5562 = CARTESIAN_POINT('',(0.,0.));
#5563 = VECTOR('',#5564,1.);
#5564 = DIRECTION('',(0.,-1.));
#5565 = ( GEOMETRIC_REPRESENTATION_CONTEXT(2) 
PARAMETRIC_REPRESENTATION_CONTEXT() REPRESENTATION_CONTEXT('2D SPACE',''
  ) );
#5566 = ORIENTED_EDGE('',*,*,#2705,.T.);
#5567 = ORIENTED_EDGE('',*,*,#5499,.T.);
#5568 = ORIENTED_EDGE('',*,*,#5569,.F.);
#5569 = EDGE_CURVE('',#5545,#5500,#5570,.T.);
#5570 = SURFACE_CURVE('',#5571,(#5575,#5581),.PCURVE_S1.);
#5571 = LINE('',#5572,#5573);
#5572 = CARTESIAN_POINT('',(-26.,-53.2,3.75));
#5573 = VECTOR('',#5574,1.);
#5574 = DIRECTION('',(1.,0.,0.));
#5575 = PCURVE('',#2720,#5576);
#5576 = DEFINITIONAL_REPRESENTATION('',(#5577),#5580);
#5577 = B_SPLINE_CURVE_WITH_KNOTS('',1,(#5578,#5579),.UNSPECIFIED.,.F.,
  .F.,(2,2),(2.,14.),.PIECEWISE_BEZIER_KNOTS.);
#5578 = CARTESIAN_POINT('',(0.,2.3));
#5579 = CARTESIAN_POINT('',(12.,2.3));
#5580 = ( GEOMETRIC_REPRESENTATION_CONTEXT(2) 
PARAMETRIC_REPRESENTATION_CONTEXT() REPRESENTATION_CONTEXT('2D SPACE',''
  ) );
#5581 = PCURVE('',#5239,#5582);
#5582 = DEFINITIONAL_REPRESENTATION('',(#5583),#5586);
#5583 = B_SPLINE_CURVE_WITH_KNOTS('',1,(#5584,#5585),.UNSPECIFIED.,.F.,
  .F.,(2,2),(2.,14.),.PIECEWISE_BEZIER_KNOTS.);
#5584 = CARTESIAN_POINT('',(2.35,4.));
#5585 = CARTESIAN_POINT('',(2.35,16.));
#5586 = ( GEOMETRIC_REPRESENTATION_CONTEXT(2) 
PARAMETRIC_REPRESENTATION_CONTEXT() REPRESENTATION_CONTEXT('2D SPACE',''
  ) );
#5587 = ADVANCED_FACE('',(#5588),#2694,.T.);
#5588 = FACE_BOUND('',#5589,.T.);
#5589 = EDGE_LOOP('',(#5590,#5591,#5592,#5593));
#5590 = ORIENTED_EDGE('',*,*,#5428,.F.);
#5591 = ORIENTED_EDGE('',*,*,#2679,.T.);
#5592 = ORIENTED_EDGE('',*,*,#5544,.T.);
#5593 = ORIENTED_EDGE('',*,*,#5594,.F.);
#5594 = EDGE_CURVE('',#5429,#5545,#5595,.T.);
#5595 = SURFACE_CURVE('',#5596,(#5600,#5606),.PCURVE_S1.);
#5596 = LINE('',#5597,#5598);
#5597 = CARTESIAN_POINT('',(-24.,-53.2,2.575));
#5598 = VECTOR('',#5599,1.);
#5599 = DIRECTION('',(0.,0.,-1.));
#5600 = PCURVE('',#2694,#5601);
#5601 = DEFINITIONAL_REPRESENTATION('',(#5602),#5605);
#5602 = B_SPLINE_CURVE_WITH_KNOTS('',1,(#5603,#5604),.UNSPECIFIED.,.F.,
  .F.,(2,2),(-6.675,-1.175),.PIECEWISE_BEZIER_KNOTS.);
#5603 = CARTESIAN_POINT('',(5.5,-2.3));
#5604 = CARTESIAN_POINT('',(0.,-2.3));
#5605 = ( GEOMETRIC_REPRESENTATION_CONTEXT(2) 
PARAMETRIC_REPRESENTATION_CONTEXT() REPRESENTATION_CONTEXT('2D SPACE',''
  ) );
#5606 = PCURVE('',#5239,#5607);
#5607 = DEFINITIONAL_REPRESENTATION('',(#5608),#5611);
#5608 = B_SPLINE_CURVE_WITH_KNOTS('',1,(#5609,#5610),.UNSPECIFIED.,.F.,
  .F.,(2,2),(-6.675,-1.175),.PIECEWISE_BEZIER_KNOTS.);
#5609 = CARTESIAN_POINT('',(7.85,4.));
#5610 = CARTESIAN_POINT('',(2.35,4.));
#5611 = ( GEOMETRIC_REPRESENTATION_CONTEXT(2) 
PARAMETRIC_REPRESENTATION_CONTEXT() REPRESENTATION_CONTEXT('2D SPACE',''
  ) );
#5612 = ADVANCED_FACE('',(#5613,#5616),#3117,.T.);
#5613 = FACE_BOUND('',#5614,.T.);
#5614 = EDGE_LOOP('',(#5615));
#5615 = ORIENTED_EDGE('',*,*,#3102,.T.);
#5616 = FACE_BOUND('',#5617,.T.);
#5617 = EDGE_LOOP('',(#5618));
#5618 = ORIENTED_EDGE('',*,*,#5619,.F.);
#5619 = EDGE_CURVE('',#5620,#5620,#5622,.T.);
#5620 = VERTEX_POINT('',#5621);
#5621 = CARTESIAN_POINT('',(-45.1,-48.65,10.6));
#5622 = SURFACE_CURVE('',#5623,(#5628,#5635),.PCURVE_S1.);
#5623 = CIRCLE('',#5624,1.1);
#5624 = AXIS2_PLACEMENT_3D('',#5625,#5626,#5627);
#5625 = CARTESIAN_POINT('',(-46.2,-48.65,10.6));
#5626 = DIRECTION('',(0.,0.,1.));
#5627 = DIRECTION('',(1.,0.,0.));
#5628 = PCURVE('',#3117,#5629);
#5629 = DEFINITIONAL_REPRESENTATION('',(#5630),#5634);
#5630 = CIRCLE('',#5631,1.1);
#5631 = AXIS2_PLACEMENT_2D('',#5632,#5633);
#5632 = CARTESIAN_POINT('',(0.,7.105427357601E-15));
#5633 = DIRECTION('',(1.,0.));
#5634 = ( GEOMETRIC_REPRESENTATION_CONTEXT(2) 
PARAMETRIC_REPRESENTATION_CONTEXT() REPRESENTATION_CONTEXT('2D SPACE',''
  ) );
#5635 = PCURVE('',#5636,#5641);
#5636 = CYLINDRICAL_SURFACE('',#5637,1.1);
#5637 = AXIS2_PLACEMENT_3D('',#5638,#5639,#5640);
#5638 = CARTESIAN_POINT('',(-46.2,-48.65,2.2));
#5639 = DIRECTION('',(-0.,-0.,-1.));
#5640 = DIRECTION('',(1.,0.,0.));
#5641 = DEFINITIONAL_REPRESENTATION('',(#5642),#5646);
#5642 = LINE('',#5643,#5644);
#5643 = CARTESIAN_POINT('',(-0.,-8.4));
#5644 = VECTOR('',#5645,1.);
#5645 = DIRECTION('',(-1.,0.));
#5646 = ( GEOMETRIC_REPRESENTATION_CONTEXT(2) 
PARAMETRIC_REPRESENTATION_CONTEXT() REPRESENTATION_CONTEXT('2D SPACE',''
  ) );
#5647 = ADVANCED_FACE('',(#5648),#3421,.T.);
#5648 = FACE_BOUND('',#5649,.T.);
#5649 = EDGE_LOOP('',(#5650,#5651,#5652,#5653));
#5650 = ORIENTED_EDGE('',*,*,#3405,.T.);
#5651 = ORIENTED_EDGE('',*,*,#3578,.T.);
#5652 = ORIENTED_EDGE('',*,*,#3792,.F.);
#5653 = ORIENTED_EDGE('',*,*,#5130,.F.);
#5654 = ADVANCED_FACE('',(#5655,#5658),#3494,.T.);
#5655 = FACE_BOUND('',#5656,.T.);
#5656 = EDGE_LOOP('',(#5657));
#5657 = ORIENTED_EDGE('',*,*,#3479,.T.);
#5658 = FACE_BOUND('',#5659,.T.);
#5659 = EDGE_LOOP('',(#5660));
#5660 = ORIENTED_EDGE('',*,*,#5661,.F.);
#5661 = EDGE_CURVE('',#5662,#5662,#5664,.T.);
#5662 = VERTEX_POINT('',#5663);
#5663 = CARTESIAN_POINT('',(47.3,-48.65,10.6));
#5664 = SURFACE_CURVE('',#5665,(#5670,#5677),.PCURVE_S1.);
#5665 = CIRCLE('',#5666,1.1);
#5666 = AXIS2_PLACEMENT_3D('',#5667,#5668,#5669);
#5667 = CARTESIAN_POINT('',(46.2,-48.65,10.6));
#5668 = DIRECTION('',(0.,0.,1.));
#5669 = DIRECTION('',(1.,0.,0.));
#5670 = PCURVE('',#3494,#5671);
#5671 = DEFINITIONAL_REPRESENTATION('',(#5672),#5676);
#5672 = CIRCLE('',#5673,1.1);
#5673 = AXIS2_PLACEMENT_2D('',#5674,#5675);
#5674 = CARTESIAN_POINT('',(-7.105427357601E-15,7.105427357601E-15));
#5675 = DIRECTION('',(1.,0.));
#5676 = ( GEOMETRIC_REPRESENTATION_CONTEXT(2) 
PARAMETRIC_REPRESENTATION_CONTEXT() REPRESENTATION_CONTEXT('2D SPACE',''
  ) );
#5677 = PCURVE('',#5678,#5683);
#5678 = CYLINDRICAL_SURFACE('',#5679,1.1);
#5679 = AXIS2_PLACEMENT_3D('',#5680,#5681,#5682);
#5680 = CARTESIAN_POINT('',(46.2,-48.65,2.2));
#5681 = DIRECTION('',(-0.,-0.,-1.));
#5682 = DIRECTION('',(1.,0.,0.));
#5683 = DEFINITIONAL_REPRESENTATION('',(#5684),#5688);
#5684 = LINE('',#5685,#5686);
#5685 = CARTESIAN_POINT('',(-0.,-8.4));
#5686 = VECTOR('',#5687,1.);
#5687 = DIRECTION('',(-1.,0.));
#5688 = ( GEOMETRIC_REPRESENTATION_CONTEXT(2) 
PARAMETRIC_REPRESENTATION_CONTEXT() REPRESENTATION_CONTEXT('2D SPACE',''
  ) );
#5689 = ADVANCED_FACE('',(#5690),#3938,.T.);
#5690 = FACE_BOUND('',#5691,.T.);
#5691 = EDGE_LOOP('',(#5692,#5693,#5694,#5695));
#5692 = ORIENTED_EDGE('',*,*,#4026,.T.);
#5693 = ORIENTED_EDGE('',*,*,#4845,.F.);
#5694 = ORIENTED_EDGE('',*,*,#5103,.F.);
#5695 = ORIENTED_EDGE('',*,*,#3922,.T.);
#5696 = ADVANCED_FACE('',(#5697,#5700),#4011,.T.);
#5697 = FACE_BOUND('',#5698,.T.);
#5698 = EDGE_LOOP('',(#5699));
#5699 = ORIENTED_EDGE('',*,*,#3996,.T.);
#5700 = FACE_BOUND('',#5701,.T.);
#5701 = EDGE_LOOP('',(#5702));
#5702 = ORIENTED_EDGE('',*,*,#5703,.F.);
#5703 = EDGE_CURVE('',#5704,#5704,#5706,.T.);
#5704 = VERTEX_POINT('',#5705);
#5705 = CARTESIAN_POINT('',(47.3,48.65,10.6));
#5706 = SURFACE_CURVE('',#5707,(#5712,#5719),.PCURVE_S1.);
#5707 = CIRCLE('',#5708,1.1);
#5708 = AXIS2_PLACEMENT_3D('',#5709,#5710,#5711);
#5709 = CARTESIAN_POINT('',(46.2,48.65,10.6));
#5710 = DIRECTION('',(0.,0.,1.));
#5711 = DIRECTION('',(1.,0.,0.));
#5712 = PCURVE('',#4011,#5713);
#5713 = DEFINITIONAL_REPRESENTATION('',(#5714),#5718);
#5714 = CIRCLE('',#5715,1.1);
#5715 = AXIS2_PLACEMENT_2D('',#5716,#5717);
#5716 = CARTESIAN_POINT('',(-7.105427357601E-15,-7.105427357601E-15));
#5717 = DIRECTION('',(1.,0.));
#5718 = ( GEOMETRIC_REPRESENTATION_CONTEXT(2) 
PARAMETRIC_REPRESENTATION_CONTEXT() REPRESENTATION_CONTEXT('2D SPACE',''
  ) );
#5719 = PCURVE('',#5720,#5725);
#5720 = CYLINDRICAL_SURFACE('',#5721,1.1);
#5721 = AXIS2_PLACEMENT_3D('',#5722,#5723,#5724);
#5722 = CARTESIAN_POINT('',(46.2,48.65,2.2));
#5723 = DIRECTION('',(-0.,-0.,-1.));
#5724 = DIRECTION('',(1.,0.,0.));
#5725 = DEFINITIONAL_REPRESENTATION('',(#5726),#5730);
#5726 = LINE('',#5727,#5728);
#5727 = CARTESIAN_POINT('',(-0.,-8.4));
#5728 = VECTOR('',#5729,1.);
#5729 = DIRECTION('',(-1.,0.));
#5730 = ( GEOMETRIC_REPRESENTATION_CONTEXT(2) 
PARAMETRIC_REPRESENTATION_CONTEXT() REPRESENTATION_CONTEXT('2D SPACE',''
  ) );
#5731 = ADVANCED_FACE('',(#5732,#5735),#4642,.T.);
#5732 = FACE_BOUND('',#5733,.T.);
#5733 = EDGE_LOOP('',(#5734));
#5734 = ORIENTED_EDGE('',*,*,#4627,.T.);
#5735 = FACE_BOUND('',#5736,.T.);
#5736 = EDGE_LOOP('',(#5737));
#5737 = ORIENTED_EDGE('',*,*,#5738,.F.);
#5738 = EDGE_CURVE('',#5739,#5739,#5741,.T.);
#5739 = VERTEX_POINT('',#5740);
#5740 = CARTESIAN_POINT('',(-45.1,48.65,10.6));
#5741 = SURFACE_CURVE('',#5742,(#5747,#5754),.PCURVE_S1.);
#5742 = CIRCLE('',#5743,1.1);
#5743 = AXIS2_PLACEMENT_3D('',#5744,#5745,#5746);
#5744 = CARTESIAN_POINT('',(-46.2,48.65,10.6));
#5745 = DIRECTION('',(0.,0.,1.));
#5746 = DIRECTION('',(1.,0.,0.));
#5747 = PCURVE('',#4642,#5748);
#5748 = DEFINITIONAL_REPRESENTATION('',(#5749),#5753);
#5749 = CIRCLE('',#5750,1.1);
#5750 = AXIS2_PLACEMENT_2D('',#5751,#5752);
#5751 = CARTESIAN_POINT('',(0.,-7.105427357601E-15));
#5752 = DIRECTION('',(1.,0.));
#5753 = ( GEOMETRIC_REPRESENTATION_CONTEXT(2) 
PARAMETRIC_REPRESENTATION_CONTEXT() REPRESENTATION_CONTEXT('2D SPACE',''
  ) );
#5754 = PCURVE('',#5755,#5760);
#5755 = CYLINDRICAL_SURFACE('',#5756,1.1);
#5756 = AXIS2_PLACEMENT_3D('',#5757,#5758,#5759);
#5757 = CARTESIAN_POINT('',(-46.2,48.65,2.2));
#5758 = DIRECTION('',(-0.,-0.,-1.));
#5759 = DIRECTION('',(1.,0.,0.));
#5760 = DEFINITIONAL_REPRESENTATION('',(#5761),#5765);
#5761 = LINE('',#5762,#5763);
#5762 = CARTESIAN_POINT('',(-0.,-8.4));
#5763 = VECTOR('',#5764,1.);
#5764 = DIRECTION('',(-1.,0.));
#5765 = ( GEOMETRIC_REPRESENTATION_CONTEXT(2) 
PARAMETRIC_REPRESENTATION_CONTEXT() REPRESENTATION_CONTEXT('2D SPACE',''
  ) );
#5766 = ADVANCED_FACE('',(#5767,#5773),#5239,.T.);
#5767 = FACE_BOUND('',#5768,.T.);
#5768 = EDGE_LOOP('',(#5769,#5770,#5771,#5772));
#5769 = ORIENTED_EDGE('',*,*,#5223,.F.);
#5770 = ORIENTED_EDGE('',*,*,#5305,.T.);
#5771 = ORIENTED_EDGE('',*,*,#5377,.T.);
#5772 = ORIENTED_EDGE('',*,*,#5403,.F.);
#5773 = FACE_BOUND('',#5774,.T.);
#5774 = EDGE_LOOP('',(#5775,#5776,#5777,#5778));
#5775 = ORIENTED_EDGE('',*,*,#5475,.F.);
#5776 = ORIENTED_EDGE('',*,*,#5594,.T.);
#5777 = ORIENTED_EDGE('',*,*,#5569,.T.);
#5778 = ORIENTED_EDGE('',*,*,#5522,.F.);
#5779 = ADVANCED_FACE('',(#5780),#5636,.F.);
#5780 = FACE_BOUND('',#5781,.T.);
#5781 = EDGE_LOOP('',(#5782,#5805,#5806,#5807));
#5782 = ORIENTED_EDGE('',*,*,#5783,.T.);
#5783 = EDGE_CURVE('',#5784,#5620,#5786,.T.);
#5784 = VERTEX_POINT('',#5785);
#5785 = CARTESIAN_POINT('',(-45.1,-48.65,2.2));
#5786 = SEAM_CURVE('',#5787,(#5791,#5798),.PCURVE_S1.);
#5787 = LINE('',#5788,#5789);
#5788 = CARTESIAN_POINT('',(-45.1,-48.65,2.2));
#5789 = VECTOR('',#5790,1.);
#5790 = DIRECTION('',(0.,0.,1.));
#5791 = PCURVE('',#5636,#5792);
#5792 = DEFINITIONAL_REPRESENTATION('',(#5793),#5797);
#5793 = LINE('',#5794,#5795);
#5794 = CARTESIAN_POINT('',(-0.,0.));
#5795 = VECTOR('',#5796,1.);
#5796 = DIRECTION('',(-0.,-1.));
#5797 = ( GEOMETRIC_REPRESENTATION_CONTEXT(2) 
PARAMETRIC_REPRESENTATION_CONTEXT() REPRESENTATION_CONTEXT('2D SPACE',''
  ) );
#5798 = PCURVE('',#5636,#5799);
#5799 = DEFINITIONAL_REPRESENTATION('',(#5800),#5804);
#5800 = LINE('',#5801,#5802);
#5801 = CARTESIAN_POINT('',(-6.28318530718,0.));
#5802 = VECTOR('',#5803,1.);
#5803 = DIRECTION('',(-0.,-1.));
#5804 = ( GEOMETRIC_REPRESENTATION_CONTEXT(2) 
PARAMETRIC_REPRESENTATION_CONTEXT() REPRESENTATION_CONTEXT('2D SPACE',''
  ) );
#5805 = ORIENTED_EDGE('',*,*,#5619,.T.);
#5806 = ORIENTED_EDGE('',*,*,#5783,.F.);
#5807 = ORIENTED_EDGE('',*,*,#5808,.F.);
#5808 = EDGE_CURVE('',#5784,#5784,#5809,.T.);
#5809 = SURFACE_CURVE('',#5810,(#5815,#5822),.PCURVE_S1.);
#5810 = CIRCLE('',#5811,1.1);
#5811 = AXIS2_PLACEMENT_3D('',#5812,#5813,#5814);
#5812 = CARTESIAN_POINT('',(-46.2,-48.65,2.2));
#5813 = DIRECTION('',(0.,0.,1.));
#5814 = DIRECTION('',(1.,0.,0.));
#5815 = PCURVE('',#5636,#5816);
#5816 = DEFINITIONAL_REPRESENTATION('',(#5817),#5821);
#5817 = LINE('',#5818,#5819);
#5818 = CARTESIAN_POINT('',(-0.,0.));
#5819 = VECTOR('',#5820,1.);
#5820 = DIRECTION('',(-1.,0.));
#5821 = ( GEOMETRIC_REPRESENTATION_CONTEXT(2) 
PARAMETRIC_REPRESENTATION_CONTEXT() REPRESENTATION_CONTEXT('2D SPACE',''
  ) );
#5822 = PCURVE('',#5823,#5828);
#5823 = PLANE('',#5824);
#5824 = AXIS2_PLACEMENT_3D('',#5825,#5826,#5827);
#5825 = CARTESIAN_POINT('',(-46.2,-48.65,2.2));
#5826 = DIRECTION('',(0.,0.,1.));
#5827 = DIRECTION('',(1.,0.,-0.));
#5828 = DEFINITIONAL_REPRESENTATION('',(#5829),#5833);
#5829 = CIRCLE('',#5830,1.1);
#5830 = AXIS2_PLACEMENT_2D('',#5831,#5832);
#5831 = CARTESIAN_POINT('',(-7.105427357601E-15,-7.105427357601E-15));
#5832 = DIRECTION('',(1.,0.));
#5833 = ( GEOMETRIC_REPRESENTATION_CONTEXT(2) 
PARAMETRIC_REPRESENTATION_CONTEXT() REPRESENTATION_CONTEXT('2D SPACE',''
  ) );
#5834 = ADVANCED_FACE('',(#5835),#5678,.F.);
#5835 = FACE_BOUND('',#5836,.T.);
#5836 = EDGE_LOOP('',(#5837,#5860,#5861,#5862));
#5837 = ORIENTED_EDGE('',*,*,#5838,.T.);
#5838 = EDGE_CURVE('',#5839,#5662,#5841,.T.);
#5839 = VERTEX_POINT('',#5840);
#5840 = CARTESIAN_POINT('',(47.3,-48.65,2.2));
#5841 = SEAM_CURVE('',#5842,(#5846,#5853),.PCURVE_S1.);
#5842 = LINE('',#5843,#5844);
#5843 = CARTESIAN_POINT('',(47.3,-48.65,2.2));
#5844 = VECTOR('',#5845,1.);
#5845 = DIRECTION('',(0.,0.,1.));
#5846 = PCURVE('',#5678,#5847);
#5847 = DEFINITIONAL_REPRESENTATION('',(#5848),#5852);
#5848 = LINE('',#5849,#5850);
#5849 = CARTESIAN_POINT('',(-0.,0.));
#5850 = VECTOR('',#5851,1.);
#5851 = DIRECTION('',(-0.,-1.));
#5852 = ( GEOMETRIC_REPRESENTATION_CONTEXT(2) 
PARAMETRIC_REPRESENTATION_CONTEXT() REPRESENTATION_CONTEXT('2D SPACE',''
  ) );
#5853 = PCURVE('',#5678,#5854);
#5854 = DEFINITIONAL_REPRESENTATION('',(#5855),#5859);
#5855 = LINE('',#5856,#5857);
#5856 = CARTESIAN_POINT('',(-6.28318530718,0.));
#5857 = VECTOR('',#5858,1.);
#5858 = DIRECTION('',(-0.,-1.));
#5859 = ( GEOMETRIC_REPRESENTATION_CONTEXT(2) 
PARAMETRIC_REPRESENTATION_CONTEXT() REPRESENTATION_CONTEXT('2D SPACE',''
  ) );
#5860 = ORIENTED_EDGE('',*,*,#5661,.T.);
#5861 = ORIENTED_EDGE('',*,*,#5838,.F.);
#5862 = ORIENTED_EDGE('',*,*,#5863,.F.);
#5863 = EDGE_CURVE('',#5839,#5839,#5864,.T.);
#5864 = SURFACE_CURVE('',#5865,(#5870,#5877),.PCURVE_S1.);
#5865 = CIRCLE('',#5866,1.1);
#5866 = AXIS2_PLACEMENT_3D('',#5867,#5868,#5869);
#5867 = CARTESIAN_POINT('',(46.2,-48.65,2.2));
#5868 = DIRECTION('',(0.,0.,1.));
#5869 = DIRECTION('',(1.,0.,0.));
#5870 = PCURVE('',#5678,#5871);
#5871 = DEFINITIONAL_REPRESENTATION('',(#5872),#5876);
#5872 = LINE('',#5873,#5874);
#5873 = CARTESIAN_POINT('',(-0.,0.));
#5874 = VECTOR('',#5875,1.);
#5875 = DIRECTION('',(-1.,0.));
#5876 = ( GEOMETRIC_REPRESENTATION_CONTEXT(2) 
PARAMETRIC_REPRESENTATION_CONTEXT() REPRESENTATION_CONTEXT('2D SPACE',''
  ) );
#5877 = PCURVE('',#5878,#5883);
#5878 = PLANE('',#5879);
#5879 = AXIS2_PLACEMENT_3D('',#5880,#5881,#5882);
#5880 = CARTESIAN_POINT('',(46.2,-48.65,2.2));
#5881 = DIRECTION('',(0.,0.,1.));
#5882 = DIRECTION('',(1.,0.,-0.));
#5883 = DEFINITIONAL_REPRESENTATION('',(#5884),#5888);
#5884 = CIRCLE('',#5885,1.1);
#5885 = AXIS2_PLACEMENT_2D('',#5886,#5887);
#5886 = CARTESIAN_POINT('',(-7.105427357601E-15,-7.105427357601E-15));
#5887 = DIRECTION('',(1.,0.));
#5888 = ( GEOMETRIC_REPRESENTATION_CONTEXT(2) 
PARAMETRIC_REPRESENTATION_CONTEXT() REPRESENTATION_CONTEXT('2D SPACE',''
  ) );
#5889 = ADVANCED_FACE('',(#5890),#5720,.F.);
#5890 = FACE_BOUND('',#5891,.T.);
#5891 = EDGE_LOOP('',(#5892,#5915,#5916,#5917));
#5892 = ORIENTED_EDGE('',*,*,#5893,.T.);
#5893 = EDGE_CURVE('',#5894,#5704,#5896,.T.);
#5894 = VERTEX_POINT('',#5895);
#5895 = CARTESIAN_POINT('',(47.3,48.65,2.2));
#5896 = SEAM_CURVE('',#5897,(#5901,#5908),.PCURVE_S1.);
#5897 = LINE('',#5898,#5899);
#5898 = CARTESIAN_POINT('',(47.3,48.65,2.2));
#5899 = VECTOR('',#5900,1.);
#5900 = DIRECTION('',(0.,0.,1.));
#5901 = PCURVE('',#5720,#5902);
#5902 = DEFINITIONAL_REPRESENTATION('',(#5903),#5907);
#5903 = LINE('',#5904,#5905);
#5904 = CARTESIAN_POINT('',(-0.,0.));
#5905 = VECTOR('',#5906,1.);
#5906 = DIRECTION('',(-0.,-1.));
#5907 = ( GEOMETRIC_REPRESENTATION_CONTEXT(2) 
PARAMETRIC_REPRESENTATION_CONTEXT() REPRESENTATION_CONTEXT('2D SPACE',''
  ) );
#5908 = PCURVE('',#5720,#5909);
#5909 = DEFINITIONAL_REPRESENTATION('',(#5910),#5914);
#5910 = LINE('',#5911,#5912);
#5911 = CARTESIAN_POINT('',(-6.28318530718,0.));
#5912 = VECTOR('',#5913,1.);
#5913 = DIRECTION('',(-0.,-1.));
#5914 = ( GEOMETRIC_REPRESENTATION_CONTEXT(2) 
PARAMETRIC_REPRESENTATION_CONTEXT() REPRESENTATION_CONTEXT('2D SPACE',''
  ) );
#5915 = ORIENTED_EDGE('',*,*,#5703,.T.);
#5916 = ORIENTED_EDGE('',*,*,#5893,.F.);
#5917 = ORIENTED_EDGE('',*,*,#5918,.F.);
#5918 = EDGE_CURVE('',#5894,#5894,#5919,.T.);
#5919 = SURFACE_CURVE('',#5920,(#5925,#5932),.PCURVE_S1.);
#5920 = CIRCLE('',#5921,1.1);
#5921 = AXIS2_PLACEMENT_3D('',#5922,#5923,#5924);
#5922 = CARTESIAN_POINT('',(46.2,48.65,2.2));
#5923 = DIRECTION('',(0.,0.,1.));
#5924 = DIRECTION('',(1.,0.,0.));
#5925 = PCURVE('',#5720,#5926);
#5926 = DEFINITIONAL_REPRESENTATION('',(#5927),#5931);
#5927 = LINE('',#5928,#5929);
#5928 = CARTESIAN_POINT('',(-0.,0.));
#5929 = VECTOR('',#5930,1.);
#5930 = DIRECTION('',(-1.,0.));
#5931 = ( GEOMETRIC_REPRESENTATION_CONTEXT(2) 
PARAMETRIC_REPRESENTATION_CONTEXT() REPRESENTATION_CONTEXT('2D SPACE',''
  ) );
#5932 = PCURVE('',#5933,#5938);
#5933 = PLANE('',#5934);
#5934 = AXIS2_PLACEMENT_3D('',#5935,#5936,#5937);
#5935 = CARTESIAN_POINT('',(46.2,48.65,2.2));
#5936 = DIRECTION('',(0.,0.,1.));
#5937 = DIRECTION('',(1.,0.,-0.));
#5938 = DEFINITIONAL_REPRESENTATION('',(#5939),#5943);
#5939 = CIRCLE('',#5940,1.1);
#5940 = AXIS2_PLACEMENT_2D('',#5941,#5942);
#5941 = CARTESIAN_POINT('',(-7.105427357601E-15,0.));
#5942 = DIRECTION('',(1.,0.));
#5943 = ( GEOMETRIC_REPRESENTATION_CONTEXT(2) 
PARAMETRIC_REPRESENTATION_CONTEXT() REPRESENTATION_CONTEXT('2D SPACE',''
  ) );
#5944 = ADVANCED_FACE('',(#5945),#5755,.F.);
#5945 = FACE_BOUND('',#5946,.T.);
#5946 = EDGE_LOOP('',(#5947,#5970,#5971,#5972));
#5947 = ORIENTED_EDGE('',*,*,#5948,.T.);
#5948 = EDGE_CURVE('',#5949,#5739,#5951,.T.);
#5949 = VERTEX_POINT('',#5950);
#5950 = CARTESIAN_POINT('',(-45.1,48.65,2.2));
#5951 = SEAM_CURVE('',#5952,(#5956,#5963),.PCURVE_S1.);
#5952 = LINE('',#5953,#5954);
#5953 = CARTESIAN_POINT('',(-45.1,48.65,2.2));
#5954 = VECTOR('',#5955,1.);
#5955 = DIRECTION('',(0.,0.,1.));
#5956 = PCURVE('',#5755,#5957);
#5957 = DEFINITIONAL_REPRESENTATION('',(#5958),#5962);
#5958 = LINE('',#5959,#5960);
#5959 = CARTESIAN_POINT('',(-0.,0.));
#5960 = VECTOR('',#5961,1.);
#5961 = DIRECTION('',(-0.,-1.));
#5962 = ( GEOMETRIC_REPRESENTATION_CONTEXT(2) 
PARAMETRIC_REPRESENTATION_CONTEXT() REPRESENTATION_CONTEXT('2D SPACE',''
  ) );
#5963 = PCURVE('',#5755,#5964);
#5964 = DEFINITIONAL_REPRESENTATION('',(#5965),#5969);
#5965 = LINE('',#5966,#5967);
#5966 = CARTESIAN_POINT('',(-6.28318530718,0.));
#5967 = VECTOR('',#5968,1.);
#5968 = DIRECTION('',(-0.,-1.));
#5969 = ( GEOMETRIC_REPRESENTATION_CONTEXT(2) 
PARAMETRIC_REPRESENTATION_CONTEXT() REPRESENTATION_CONTEXT('2D SPACE',''
  ) );
#5970 = ORIENTED_EDGE('',*,*,#5738,.T.);
#5971 = ORIENTED_EDGE('',*,*,#5948,.F.);
#5972 = ORIENTED_EDGE('',*,*,#5973,.F.);
#5973 = EDGE_CURVE('',#5949,#5949,#5974,.T.);
#5974 = SURFACE_CURVE('',#5975,(#5980,#5987),.PCURVE_S1.);
#5975 = CIRCLE('',#5976,1.1);
#5976 = AXIS2_PLACEMENT_3D('',#5977,#5978,#5979);
#5977 = CARTESIAN_POINT('',(-46.2,48.65,2.2));
#5978 = DIRECTION('',(0.,0.,1.));
#5979 = DIRECTION('',(1.,0.,0.));
#5980 = PCURVE('',#5755,#5981);
#5981 = DEFINITIONAL_REPRESENTATION('',(#5982),#5986);
#5982 = LINE('',#5983,#5984);
#5983 = CARTESIAN_POINT('',(-0.,0.));
#5984 = VECTOR('',#5985,1.);
#5985 = DIRECTION('',(-1.,0.));
#5986 = ( GEOMETRIC_REPRESENTATION_CONTEXT(2) 
PARAMETRIC_REPRESENTATION_CONTEXT() REPRESENTATION_CONTEXT('2D SPACE',''
  ) );
#5987 = PCURVE('',#5988,#5993);
#5988 = PLANE('',#5989);
#5989 = AXIS2_PLACEMENT_3D('',#5990,#5991,#5992);
#5990 = CARTESIAN_POINT('',(-46.2,48.65,2.2));
#5991 = DIRECTION('',(0.,0.,1.));
#5992 = DIRECTION('',(1.,0.,-0.));
#5993 = DEFINITIONAL_REPRESENTATION('',(#5994),#5998);
#5994 = CIRCLE('',#5995,1.1);
#5995 = AXIS2_PLACEMENT_2D('',#5996,#5997);
#5996 = CARTESIAN_POINT('',(-7.105427357601E-15,0.));
#5997 = DIRECTION('',(1.,0.));
#5998 = ( GEOMETRIC_REPRESENTATION_CONTEXT(2) 
PARAMETRIC_REPRESENTATION_CONTEXT() REPRESENTATION_CONTEXT('2D SPACE',''
  ) );
#5999 = ADVANCED_FACE('',(#6000),#5823,.T.);
#6000 = FACE_BOUND('',#6001,.T.);
#6001 = EDGE_LOOP('',(#6002));
#6002 = ORIENTED_EDGE('',*,*,#5808,.T.);
#6003 = ADVANCED_FACE('',(#6004),#5878,.T.);
#6004 = FACE_BOUND('',#6005,.T.);
#6005 = EDGE_LOOP('',(#6006));
#6006 = ORIENTED_EDGE('',*,*,#5863,.T.);
#6007 = ADVANCED_FACE('',(#6008),#5933,.T.);
#6008 = FACE_BOUND('',#6009,.T.);
#6009 = EDGE_LOOP('',(#6010));
#6010 = ORIENTED_EDGE('',*,*,#5918,.T.);
#6011 = ADVANCED_FACE('',(#6012),#5988,.T.);
#6012 = FACE_BOUND('',#6013,.T.);
#6013 = EDGE_LOOP('',(#6014));
#6014 = ORIENTED_EDGE('',*,*,#5973,.T.);
#6015 = ( GEOMETRIC_REPRESENTATION_CONTEXT(3) 
GLOBAL_UNCERTAINTY_ASSIGNED_CONTEXT((#6019)) 
GLOBAL_UNIT_ASSIGNED_CONTEXT((#6016,#6017,#6018)) REPRESENTATION_CONTEXT
('Context #1','3D Context with UNIT and UNCERTAINTY') );
#6016 = ( LENGTH_UNIT() NAMED_UNIT(*) SI_UNIT(.MILLI.,.METRE.) );
#6017 = ( NAMED_UNIT(*) PLANE_ANGLE_UNIT() SI_UNIT($,.RADIAN.) );
#6018 = ( NAMED_UNIT(*) SI_UNIT($,.STERADIAN.) SOLID_ANGLE_UNIT() );
#6019 = UNCERTAINTY_MEASURE_WITH_UNIT(LENGTH_MEASURE(1.E-07),#6016,
  'distance_accuracy_value','confusion accuracy');
#6020 = PRODUCT_RELATED_PRODUCT_CATEGORY('part',$,(#7));
ENDSEC;
END-ISO-10303-21;
