ISO-10303-21;
HEADER;
FILE_DESCRIPTION(('Open CASCADE Model'),'2;1');
FILE_NAME('Open CASCADE Shape Model','2026-08-18T19:07:41',('Author'),(
    'Open CASCADE'),'Open CASCADE STEP processor 7.9','Open CASCADE 7.9'
  ,'Unknown');
FILE_SCHEMA(('AUTOMOTIVE_DESIGN { 1 0 10303 214 1 1 1 1 }'));
ENDSEC;
DATA;
#1 = APPLICATION_PROTOCOL_DEFINITION('international standard',
  'automotive_design',2000,#2);
#2 = APPLICATION_CONTEXT(
  'core data for automotive mechanical design processes');
#3 = SHAPE_DEFINITION_REPRESENTATION(#4,#10);
#4 = PRODUCT_DEFINITION_SHAPE('','',#5);
#5 = PRODUCT_DEFINITION('design','',#6,#9);
#6 = PRODUCT_DEFINITION_FORMATION('','',#7);
#7 = PRODUCT('N305_half_open_case_v01','N305_half_open_case_v01','',(#8)
  );
#8 = PRODUCT_CONTEXT('',#2,'mechanical');
#9 = PRODUCT_DEFINITION_CONTEXT('part definition',#2,'design');
#10 = SHAPE_REPRESENTATION('',(#11,#15,#19,#23,#27),#31);
#11 = AXIS2_PLACEMENT_3D('',#12,#13,#14);
#12 = CARTESIAN_POINT('',(0.,0.,0.));
#13 = DIRECTION('',(0.,0.,1.));
#14 = DIRECTION('',(1.,0.,-0.));
#15 = AXIS2_PLACEMENT_3D('',#16,#17,#18);
#16 = CARTESIAN_POINT('',(0.,0.,0.));
#17 = DIRECTION('',(0.,0.,1.));
#18 = DIRECTION('',(1.,0.,-0.));
#19 = AXIS2_PLACEMENT_3D('',#20,#21,#22);
#20 = CARTESIAN_POINT('',(0.,0.,0.));
#21 = DIRECTION('',(0.,0.,1.));
#22 = DIRECTION('',(1.,0.,-0.));
#23 = AXIS2_PLACEMENT_3D('',#24,#25,#26);
#24 = CARTESIAN_POINT('',(-0.2,-3.45,25.9));
#25 = DIRECTION('',(0.,0.,1.));
#26 = DIRECTION('',(1.,0.,-0.));
#27 = AXIS2_PLACEMENT_3D('',#28,#29,#30);
#28 = CARTESIAN_POINT('',(-18.,-56.4,6.5));
#29 = DIRECTION('',(0.,0.,1.));
#30 = DIRECTION('',(1.,0.,-0.));
#31 = ( GEOMETRIC_REPRESENTATION_CONTEXT(3) 
GLOBAL_UNCERTAINTY_ASSIGNED_CONTEXT((#35)) GLOBAL_UNIT_ASSIGNED_CONTEXT(
(#32,#33,#34)) REPRESENTATION_CONTEXT('Context #1',
  '3D Context with UNIT and UNCERTAINTY') );
#32 = ( LENGTH_UNIT() NAMED_UNIT(*) SI_UNIT(.MILLI.,.METRE.) );
#33 = ( NAMED_UNIT(*) PLANE_ANGLE_UNIT() SI_UNIT($,.RADIAN.) );
#34 = ( NAMED_UNIT(*) SI_UNIT($,.STERADIAN.) SOLID_ANGLE_UNIT() );
#35 = UNCERTAINTY_MEASURE_WITH_UNIT(LENGTH_MEASURE(1.E-07),#32,
  'distance_accuracy_value','confusion accuracy');
#36 = PRODUCT_RELATED_PRODUCT_CATEGORY('part',$,(#7));
#37 = SHAPE_DEFINITION_REPRESENTATION(#38,#44);
#38 = PRODUCT_DEFINITION_SHAPE('','',#39);
#39 = PRODUCT_DEFINITION('design','',#40,#43);
#40 = PRODUCT_DEFINITION_FORMATION('','',#41);
#41 = PRODUCT('bottom','bottom','',(#42));
#42 = PRODUCT_CONTEXT('',#2,'mechanical');
#43 = PRODUCT_DEFINITION_CONTEXT('part definition',#2,'design');
#44 = ADVANCED_BREP_SHAPE_REPRESENTATION('',(#11,#45),#6045);
#45 = MANIFOLD_SOLID_BREP('',#46);
#46 = CLOSED_SHELL('',(#47,#167,#243,#319,#1755,#2244,#2320,#2396,#2472,
    #2522,#2784,#2834,#2883,#2933,#2982,#3010,#3077,#3257,#3326,#3353,
    #3380,#3405,#3481,#3654,#3701,#3727,#3774,#3843,#3870,#3897,#3922,
    #3998,#4171,#4218,#4272,#4320,#4352,#4399,#4453,#4501,#4553,#4600,
    #4780,#4827,#4896,#4923,#4950,#4975,#5026,#5073,#5099,#5126,#5153,
    #5180,#5207,#5215,#5223,#5329,#5378,#5427,#5454,#5523,#5570,#5617,
    #5642,#5677,#5684,#5719,#5726,#5761,#5796,#5809,#5864,#5919,#5974,
    #6029,#6033,#6037,#6041));
#47 = ADVANCED_FACE('',(#48),#62,.T.);
#48 = FACE_BOUND('',#49,.T.);
#49 = EDGE_LOOP('',(#50,#85,#113,#141));
#50 = ORIENTED_EDGE('',*,*,#51,.T.);
#51 = EDGE_CURVE('',#52,#54,#56,.T.);
#52 = VERTEX_POINT('',#53);
#53 = CARTESIAN_POINT('',(-37.,-35.,0.));
#54 = VERTEX_POINT('',#55);
#55 = CARTESIAN_POINT('',(-37.,-35.,1.));
#56 = SURFACE_CURVE('',#57,(#61,#73),.PCURVE_S1.);
#57 = LINE('',#58,#59);
#58 = CARTESIAN_POINT('',(-37.,-35.,0.));
#59 = VECTOR('',#60,1.);
#60 = DIRECTION('',(0.,0.,1.));
#61 = PCURVE('',#62,#67);
#62 = PLANE('',#63);
#63 = AXIS2_PLACEMENT_3D('',#64,#65,#66);
#64 = CARTESIAN_POINT('',(-37.,-35.,0.));
#65 = DIRECTION('',(-1.,0.,0.));
#66 = DIRECTION('',(0.,1.,0.));
#67 = DEFINITIONAL_REPRESENTATION('',(#68),#72);
#68 = LINE('',#69,#70);
#69 = CARTESIAN_POINT('',(0.,0.));
#70 = VECTOR('',#71,1.);
#71 = DIRECTION('',(0.,-1.));
#72 = ( GEOMETRIC_REPRESENTATION_CONTEXT(2) 
PARAMETRIC_REPRESENTATION_CONTEXT() REPRESENTATION_CONTEXT('2D SPACE',''
  ) );
#73 = PCURVE('',#74,#79);
#74 = CYLINDRICAL_SURFACE('',#75,5.);
#75 = AXIS2_PLACEMENT_3D('',#76,#77,#78);
#76 = CARTESIAN_POINT('',(-32.,-35.,0.));
#77 = DIRECTION('',(-0.,-0.,-1.));
#78 = DIRECTION('',(1.,0.,0.));
#79 = DEFINITIONAL_REPRESENTATION('',(#80),#84);
#80 = LINE('',#81,#82);
#81 = CARTESIAN_POINT('',(-3.14159265359,0.));
#82 = VECTOR('',#83,1.);
#83 = DIRECTION('',(-0.,-1.));
#84 = ( GEOMETRIC_REPRESENTATION_CONTEXT(2) 
PARAMETRIC_REPRESENTATION_CONTEXT() REPRESENTATION_CONTEXT('2D SPACE',''
  ) );
#85 = ORIENTED_EDGE('',*,*,#86,.T.);
#86 = EDGE_CURVE('',#54,#87,#89,.T.);
#87 = VERTEX_POINT('',#88);
#88 = CARTESIAN_POINT('',(-37.,35.,1.));
#89 = SURFACE_CURVE('',#90,(#94,#101),.PCURVE_S1.);
#90 = LINE('',#91,#92);
#91 = CARTESIAN_POINT('',(-37.,0.,1.));
#92 = VECTOR('',#93,1.);
#93 = DIRECTION('',(0.,1.,0.));
#94 = PCURVE('',#62,#95);
#95 = DEFINITIONAL_REPRESENTATION('',(#96),#100);
#96 = LINE('',#97,#98);
#97 = CARTESIAN_POINT('',(35.,-1.));
#98 = VECTOR('',#99,1.);
#99 = DIRECTION('',(1.,0.));
#100 = ( GEOMETRIC_REPRESENTATION_CONTEXT(2) 
PARAMETRIC_REPRESENTATION_CONTEXT() REPRESENTATION_CONTEXT('2D SPACE',''
  ) );
#101 = PCURVE('',#102,#107);
#102 = PLANE('',#103);
#103 = AXIS2_PLACEMENT_3D('',#104,#105,#106);
#104 = CARTESIAN_POINT('',(0.,0.,1.));
#105 = DIRECTION('',(0.,0.,1.));
#106 = DIRECTION('',(1.,0.,0.));
#107 = DEFINITIONAL_REPRESENTATION('',(#108),#112);
#108 = LINE('',#109,#110);
#109 = CARTESIAN_POINT('',(-37.,0.));
#110 = VECTOR('',#111,1.);
#111 = DIRECTION('',(0.,1.));
#112 = ( GEOMETRIC_REPRESENTATION_CONTEXT(2) 
PARAMETRIC_REPRESENTATION_CONTEXT() REPRESENTATION_CONTEXT('2D SPACE',''
  ) );
#113 = ORIENTED_EDGE('',*,*,#114,.F.);
#114 = EDGE_CURVE('',#115,#87,#117,.T.);
#115 = VERTEX_POINT('',#116);
#116 = CARTESIAN_POINT('',(-37.,35.,0.));
#117 = SURFACE_CURVE('',#118,(#122,#129),.PCURVE_S1.);
#118 = LINE('',#119,#120);
#119 = CARTESIAN_POINT('',(-37.,35.,0.));
#120 = VECTOR('',#121,1.);
#121 = DIRECTION('',(0.,0.,1.));
#122 = PCURVE('',#62,#123);
#123 = DEFINITIONAL_REPRESENTATION('',(#124),#128);
#124 = LINE('',#125,#126);
#125 = CARTESIAN_POINT('',(70.,0.));
#126 = VECTOR('',#127,1.);
#127 = DIRECTION('',(0.,-1.));
#128 = ( GEOMETRIC_REPRESENTATION_CONTEXT(2) 
PARAMETRIC_REPRESENTATION_CONTEXT() REPRESENTATION_CONTEXT('2D SPACE',''
  ) );
#129 = PCURVE('',#130,#135);
#130 = CYLINDRICAL_SURFACE('',#131,5.);
#131 = AXIS2_PLACEMENT_3D('',#132,#133,#134);
#132 = CARTESIAN_POINT('',(-32.,35.,0.));
#133 = DIRECTION('',(-0.,-0.,-1.));
#134 = DIRECTION('',(1.,0.,0.));
#135 = DEFINITIONAL_REPRESENTATION('',(#136),#140);
#136 = LINE('',#137,#138);
#137 = CARTESIAN_POINT('',(-3.14159265359,0.));
#138 = VECTOR('',#139,1.);
#139 = DIRECTION('',(-0.,-1.));
#140 = ( GEOMETRIC_REPRESENTATION_CONTEXT(2) 
PARAMETRIC_REPRESENTATION_CONTEXT() REPRESENTATION_CONTEXT('2D SPACE',''
  ) );
#141 = ORIENTED_EDGE('',*,*,#142,.F.);
#142 = EDGE_CURVE('',#52,#115,#143,.T.);
#143 = SURFACE_CURVE('',#144,(#148,#155),.PCURVE_S1.);
#144 = LINE('',#145,#146);
#145 = CARTESIAN_POINT('',(-37.,0.,0.));
#146 = VECTOR('',#147,1.);
#147 = DIRECTION('',(0.,1.,0.));
#148 = PCURVE('',#62,#149);
#149 = DEFINITIONAL_REPRESENTATION('',(#150),#154);
#150 = LINE('',#151,#152);
#151 = CARTESIAN_POINT('',(35.,0.));
#152 = VECTOR('',#153,1.);
#153 = DIRECTION('',(1.,0.));
#154 = ( GEOMETRIC_REPRESENTATION_CONTEXT(2) 
PARAMETRIC_REPRESENTATION_CONTEXT() REPRESENTATION_CONTEXT('2D SPACE',''
  ) );
#155 = PCURVE('',#156,#161);
#156 = PLANE('',#157);
#157 = AXIS2_PLACEMENT_3D('',#158,#159,#160);
#158 = CARTESIAN_POINT('',(0.,0.,0.));
#159 = DIRECTION('',(0.,0.,1.));
#160 = DIRECTION('',(1.,0.,0.));
#161 = DEFINITIONAL_REPRESENTATION('',(#162),#166);
#162 = LINE('',#163,#164);
#163 = CARTESIAN_POINT('',(-37.,0.));
#164 = VECTOR('',#165,1.);
#165 = DIRECTION('',(0.,1.));
#166 = ( GEOMETRIC_REPRESENTATION_CONTEXT(2) 
PARAMETRIC_REPRESENTATION_CONTEXT() REPRESENTATION_CONTEXT('2D SPACE',''
  ) );
#167 = ADVANCED_FACE('',(#168),#74,.T.);
#168 = FACE_BOUND('',#169,.F.);
#169 = EDGE_LOOP('',(#170,#194,#195,#219));
#170 = ORIENTED_EDGE('',*,*,#171,.F.);
#171 = EDGE_CURVE('',#52,#172,#174,.T.);
#172 = VERTEX_POINT('',#173);
#173 = CARTESIAN_POINT('',(-36.95182011741,-35.69244315637,0.));
#174 = SURFACE_CURVE('',#175,(#180,#187),.PCURVE_S1.);
#175 = CIRCLE('',#176,5.);
#176 = AXIS2_PLACEMENT_3D('',#177,#178,#179);
#177 = CARTESIAN_POINT('',(-32.,-35.,0.));
#178 = DIRECTION('',(0.,0.,1.));
#179 = DIRECTION('',(1.,0.,0.));
#180 = PCURVE('',#74,#181);
#181 = DEFINITIONAL_REPRESENTATION('',(#182),#186);
#182 = LINE('',#183,#184);
#183 = CARTESIAN_POINT('',(-0.,0.));
#184 = VECTOR('',#185,1.);
#185 = DIRECTION('',(-1.,0.));
#186 = ( GEOMETRIC_REPRESENTATION_CONTEXT(2) 
PARAMETRIC_REPRESENTATION_CONTEXT() REPRESENTATION_CONTEXT('2D SPACE',''
  ) );
#187 = PCURVE('',#156,#188);
#188 = DEFINITIONAL_REPRESENTATION('',(#189),#193);
#189 = CIRCLE('',#190,5.);
#190 = AXIS2_PLACEMENT_2D('',#191,#192);
#191 = CARTESIAN_POINT('',(-32.,-35.));
#192 = DIRECTION('',(1.,0.));
#193 = ( GEOMETRIC_REPRESENTATION_CONTEXT(2) 
PARAMETRIC_REPRESENTATION_CONTEXT() REPRESENTATION_CONTEXT('2D SPACE',''
  ) );
#194 = ORIENTED_EDGE('',*,*,#51,.T.);
#195 = ORIENTED_EDGE('',*,*,#196,.T.);
#196 = EDGE_CURVE('',#54,#197,#199,.T.);
#197 = VERTEX_POINT('',#198);
#198 = CARTESIAN_POINT('',(-36.95182011741,-35.69244315637,1.));
#199 = SURFACE_CURVE('',#200,(#205,#212),.PCURVE_S1.);
#200 = CIRCLE('',#201,5.);
#201 = AXIS2_PLACEMENT_3D('',#202,#203,#204);
#202 = CARTESIAN_POINT('',(-32.,-35.,1.));
#203 = DIRECTION('',(0.,0.,1.));
#204 = DIRECTION('',(1.,0.,0.));
#205 = PCURVE('',#74,#206);
#206 = DEFINITIONAL_REPRESENTATION('',(#207),#211);
#207 = LINE('',#208,#209);
#208 = CARTESIAN_POINT('',(-0.,-1.));
#209 = VECTOR('',#210,1.);
#210 = DIRECTION('',(-1.,0.));
#211 = ( GEOMETRIC_REPRESENTATION_CONTEXT(2) 
PARAMETRIC_REPRESENTATION_CONTEXT() REPRESENTATION_CONTEXT('2D SPACE',''
  ) );
#212 = PCURVE('',#102,#213);
#213 = DEFINITIONAL_REPRESENTATION('',(#214),#218);
#214 = CIRCLE('',#215,5.);
#215 = AXIS2_PLACEMENT_2D('',#216,#217);
#216 = CARTESIAN_POINT('',(-32.,-35.));
#217 = DIRECTION('',(1.,0.));
#218 = ( GEOMETRIC_REPRESENTATION_CONTEXT(2) 
PARAMETRIC_REPRESENTATION_CONTEXT() REPRESENTATION_CONTEXT('2D SPACE',''
  ) );
#219 = ORIENTED_EDGE('',*,*,#220,.T.);
#220 = EDGE_CURVE('',#197,#172,#221,.T.);
#221 = SURFACE_CURVE('',#222,(#226,#232),.PCURVE_S1.);
#222 = LINE('',#223,#224);
#223 = CARTESIAN_POINT('',(-36.95182011741,-35.69244315637,0.));
#224 = VECTOR('',#225,1.);
#225 = DIRECTION('',(-0.,-0.,-1.));
#226 = PCURVE('',#74,#227);
#227 = DEFINITIONAL_REPRESENTATION('',(#228),#231);
#228 = B_SPLINE_CURVE_WITH_KNOTS('',1,(#229,#230),.UNSPECIFIED.,.F.,.F.,
  (2,2),(-1.0000006,6.E-07),.PIECEWISE_BEZIER_KNOTS.);
#229 = CARTESIAN_POINT('',(-3.280527830902,-1.0000006));
#230 = CARTESIAN_POINT('',(-3.280527830902,6.E-07));
#231 = ( GEOMETRIC_REPRESENTATION_CONTEXT(2) 
PARAMETRIC_REPRESENTATION_CONTEXT() REPRESENTATION_CONTEXT('2D SPACE',''
  ) );
#232 = PCURVE('',#233,#238);
#233 = PLANE('',#234);
#234 = AXIS2_PLACEMENT_3D('',#235,#236,#237);
#235 = CARTESIAN_POINT('',(-36.56966065782,-35.3282484577,0.));
#236 = DIRECTION('',(0.689886885942,-0.723917180764,0.));
#237 = DIRECTION('',(0.,0.,1.));
#238 = DEFINITIONAL_REPRESENTATION('',(#239),#242);
#239 = B_SPLINE_CURVE_WITH_KNOTS('',1,(#240,#241),.UNSPECIFIED.,.F.,.F.,
  (2,2),(-1.0000006,6.E-07),.PIECEWISE_BEZIER_KNOTS.);
#240 = CARTESIAN_POINT('',(1.0000006,0.527904945123));
#241 = CARTESIAN_POINT('',(-6.E-07,0.527904945123));
#242 = ( GEOMETRIC_REPRESENTATION_CONTEXT(2) 
PARAMETRIC_REPRESENTATION_CONTEXT() REPRESENTATION_CONTEXT('2D SPACE',''
  ) );
#243 = ADVANCED_FACE('',(#244),#130,.T.);
#244 = FACE_BOUND('',#245,.F.);
#245 = EDGE_LOOP('',(#246,#270,#296,#318));
#246 = ORIENTED_EDGE('',*,*,#247,.F.);
#247 = EDGE_CURVE('',#248,#115,#250,.T.);
#248 = VERTEX_POINT('',#249);
#249 = CARTESIAN_POINT('',(-36.95182011741,35.692443156372,0.));
#250 = SURFACE_CURVE('',#251,(#256,#263),.PCURVE_S1.);
#251 = CIRCLE('',#252,5.);
#252 = AXIS2_PLACEMENT_3D('',#253,#254,#255);
#253 = CARTESIAN_POINT('',(-32.,35.,0.));
#254 = DIRECTION('',(0.,0.,1.));
#255 = DIRECTION('',(1.,0.,0.));
#256 = PCURVE('',#130,#257);
#257 = DEFINITIONAL_REPRESENTATION('',(#258),#262);
#258 = LINE('',#259,#260);
#259 = CARTESIAN_POINT('',(-0.,0.));
#260 = VECTOR('',#261,1.);
#261 = DIRECTION('',(-1.,0.));
#262 = ( GEOMETRIC_REPRESENTATION_CONTEXT(2) 
PARAMETRIC_REPRESENTATION_CONTEXT() REPRESENTATION_CONTEXT('2D SPACE',''
  ) );
#263 = PCURVE('',#156,#264);
#264 = DEFINITIONAL_REPRESENTATION('',(#265),#269);
#265 = CIRCLE('',#266,5.);
#266 = AXIS2_PLACEMENT_2D('',#267,#268);
#267 = CARTESIAN_POINT('',(-32.,35.));
#268 = DIRECTION('',(1.,0.));
#269 = ( GEOMETRIC_REPRESENTATION_CONTEXT(2) 
PARAMETRIC_REPRESENTATION_CONTEXT() REPRESENTATION_CONTEXT('2D SPACE',''
  ) );
#270 = ORIENTED_EDGE('',*,*,#271,.F.);
#271 = EDGE_CURVE('',#272,#248,#274,.T.);
#272 = VERTEX_POINT('',#273);
#273 = CARTESIAN_POINT('',(-36.95182011741,35.692443156372,1.));
#274 = SURFACE_CURVE('',#275,(#279,#285),.PCURVE_S1.);
#275 = LINE('',#276,#277);
#276 = CARTESIAN_POINT('',(-36.95182011741,35.692443156372,0.));
#277 = VECTOR('',#278,1.);
#278 = DIRECTION('',(-0.,-0.,-1.));
#279 = PCURVE('',#130,#280);
#280 = DEFINITIONAL_REPRESENTATION('',(#281),#284);
#281 = B_SPLINE_CURVE_WITH_KNOTS('',1,(#282,#283),.UNSPECIFIED.,.F.,.F.,
  (2,2),(-1.0000006,6.E-07),.PIECEWISE_BEZIER_KNOTS.);
#282 = CARTESIAN_POINT('',(-3.002657476278,-1.0000006));
#283 = CARTESIAN_POINT('',(-3.002657476278,6.E-07));
#284 = ( GEOMETRIC_REPRESENTATION_CONTEXT(2) 
PARAMETRIC_REPRESENTATION_CONTEXT() REPRESENTATION_CONTEXT('2D SPACE',''
  ) );
#285 = PCURVE('',#286,#291);
#286 = PLANE('',#287);
#287 = AXIS2_PLACEMENT_3D('',#288,#289,#290);
#288 = CARTESIAN_POINT('',(-36.56966065782,35.328248457708,0.));
#289 = DIRECTION('',(-0.689886885942,-0.723917180764,0.));
#290 = DIRECTION('',(0.,0.,1.));
#291 = DEFINITIONAL_REPRESENTATION('',(#292),#295);
#292 = B_SPLINE_CURVE_WITH_KNOTS('',1,(#293,#294),.UNSPECIFIED.,.F.,.F.,
  (2,2),(-1.0000006,6.E-07),.PIECEWISE_BEZIER_KNOTS.);
#293 = CARTESIAN_POINT('',(1.0000006,0.527904945123));
#294 = CARTESIAN_POINT('',(-6.E-07,0.527904945123));
#295 = ( GEOMETRIC_REPRESENTATION_CONTEXT(2) 
PARAMETRIC_REPRESENTATION_CONTEXT() REPRESENTATION_CONTEXT('2D SPACE',''
  ) );
#296 = ORIENTED_EDGE('',*,*,#297,.T.);
#297 = EDGE_CURVE('',#272,#87,#298,.T.);
#298 = SURFACE_CURVE('',#299,(#304,#311),.PCURVE_S1.);
#299 = CIRCLE('',#300,5.);
#300 = AXIS2_PLACEMENT_3D('',#301,#302,#303);
#301 = CARTESIAN_POINT('',(-32.,35.,1.));
#302 = DIRECTION('',(0.,0.,1.));
#303 = DIRECTION('',(1.,0.,0.));
#304 = PCURVE('',#130,#305);
#305 = DEFINITIONAL_REPRESENTATION('',(#306),#310);
#306 = LINE('',#307,#308);
#307 = CARTESIAN_POINT('',(-0.,-1.));
#308 = VECTOR('',#309,1.);
#309 = DIRECTION('',(-1.,0.));
#310 = ( GEOMETRIC_REPRESENTATION_CONTEXT(2) 
PARAMETRIC_REPRESENTATION_CONTEXT() REPRESENTATION_CONTEXT('2D SPACE',''
  ) );
#311 = PCURVE('',#102,#312);
#312 = DEFINITIONAL_REPRESENTATION('',(#313),#317);
#313 = CIRCLE('',#314,5.);
#314 = AXIS2_PLACEMENT_2D('',#315,#316);
#315 = CARTESIAN_POINT('',(-32.,35.));
#316 = DIRECTION('',(1.,0.));
#317 = ( GEOMETRIC_REPRESENTATION_CONTEXT(2) 
PARAMETRIC_REPRESENTATION_CONTEXT() REPRESENTATION_CONTEXT('2D SPACE',''
  ) );
#318 = ORIENTED_EDGE('',*,*,#114,.F.);
#319 = ADVANCED_FACE('',(#320,#550,#835,#1229,#1480),#156,.F.);
#320 = FACE_BOUND('',#321,.F.);
#321 = EDGE_LOOP('',(#322,#352,#381,#409,#438,#466,#495,#523));
#322 = ORIENTED_EDGE('',*,*,#323,.F.);
#323 = EDGE_CURVE('',#324,#326,#328,.T.);
#324 = VERTEX_POINT('',#325);
#325 = CARTESIAN_POINT('',(-53.5,-48.5,0.));
#326 = VERTEX_POINT('',#327);
#327 = CARTESIAN_POINT('',(-53.5,48.5,0.));
#328 = SURFACE_CURVE('',#329,(#333,#340),.PCURVE_S1.);
#329 = LINE('',#330,#331);
#330 = CARTESIAN_POINT('',(-53.5,0.,0.));
#331 = VECTOR('',#332,1.);
#332 = DIRECTION('',(0.,1.,0.));
#333 = PCURVE('',#156,#334);
#334 = DEFINITIONAL_REPRESENTATION('',(#335),#339);
#335 = LINE('',#336,#337);
#336 = CARTESIAN_POINT('',(-53.5,0.));
#337 = VECTOR('',#338,1.);
#338 = DIRECTION('',(0.,1.));
#339 = ( GEOMETRIC_REPRESENTATION_CONTEXT(2) 
PARAMETRIC_REPRESENTATION_CONTEXT() REPRESENTATION_CONTEXT('2D SPACE',''
  ) );
#340 = PCURVE('',#341,#346);
#341 = PLANE('',#342);
#342 = AXIS2_PLACEMENT_3D('',#343,#344,#345);
#343 = CARTESIAN_POINT('',(-53.5,-48.5,0.));
#344 = DIRECTION('',(-1.,0.,0.));
#345 = DIRECTION('',(0.,1.,0.));
#346 = DEFINITIONAL_REPRESENTATION('',(#347),#351);
#347 = LINE('',#348,#349);
#348 = CARTESIAN_POINT('',(48.5,0.));
#349 = VECTOR('',#350,1.);
#350 = DIRECTION('',(1.,0.));
#351 = ( GEOMETRIC_REPRESENTATION_CONTEXT(2) 
PARAMETRIC_REPRESENTATION_CONTEXT() REPRESENTATION_CONTEXT('2D SPACE',''
  ) );
#352 = ORIENTED_EDGE('',*,*,#353,.T.);
#353 = EDGE_CURVE('',#324,#354,#356,.T.);
#354 = VERTEX_POINT('',#355);
#355 = CARTESIAN_POINT('',(-47.,-55.,0.));
#356 = SURFACE_CURVE('',#357,(#362,#369),.PCURVE_S1.);
#357 = CIRCLE('',#358,6.5);
#358 = AXIS2_PLACEMENT_3D('',#359,#360,#361);
#359 = CARTESIAN_POINT('',(-47.,-48.5,0.));
#360 = DIRECTION('',(0.,0.,1.));
#361 = DIRECTION('',(1.,0.,0.));
#362 = PCURVE('',#156,#363);
#363 = DEFINITIONAL_REPRESENTATION('',(#364),#368);
#364 = CIRCLE('',#365,6.5);
#365 = AXIS2_PLACEMENT_2D('',#366,#367);
#366 = CARTESIAN_POINT('',(-47.,-48.5));
#367 = DIRECTION('',(1.,0.));
#368 = ( GEOMETRIC_REPRESENTATION_CONTEXT(2) 
PARAMETRIC_REPRESENTATION_CONTEXT() REPRESENTATION_CONTEXT('2D SPACE',''
  ) );
#369 = PCURVE('',#370,#375);
#370 = CYLINDRICAL_SURFACE('',#371,6.5);
#371 = AXIS2_PLACEMENT_3D('',#372,#373,#374);
#372 = CARTESIAN_POINT('',(-47.,-48.5,0.));
#373 = DIRECTION('',(-0.,-0.,-1.));
#374 = DIRECTION('',(1.,0.,0.));
#375 = DEFINITIONAL_REPRESENTATION('',(#376),#380);
#376 = LINE('',#377,#378);
#377 = CARTESIAN_POINT('',(-0.,0.));
#378 = VECTOR('',#379,1.);
#379 = DIRECTION('',(-1.,0.));
#380 = ( GEOMETRIC_REPRESENTATION_CONTEXT(2) 
PARAMETRIC_REPRESENTATION_CONTEXT() REPRESENTATION_CONTEXT('2D SPACE',''
  ) );
#381 = ORIENTED_EDGE('',*,*,#382,.T.);
#382 = EDGE_CURVE('',#354,#383,#385,.T.);
#383 = VERTEX_POINT('',#384);
#384 = CARTESIAN_POINT('',(47.,-55.,0.));
#385 = SURFACE_CURVE('',#386,(#390,#397),.PCURVE_S1.);
#386 = LINE('',#387,#388);
#387 = CARTESIAN_POINT('',(0.,-55.,0.));
#388 = VECTOR('',#389,1.);
#389 = DIRECTION('',(1.,0.,0.));
#390 = PCURVE('',#156,#391);
#391 = DEFINITIONAL_REPRESENTATION('',(#392),#396);
#392 = LINE('',#393,#394);
#393 = CARTESIAN_POINT('',(0.,-55.));
#394 = VECTOR('',#395,1.);
#395 = DIRECTION('',(1.,0.));
#396 = ( GEOMETRIC_REPRESENTATION_CONTEXT(2) 
PARAMETRIC_REPRESENTATION_CONTEXT() REPRESENTATION_CONTEXT('2D SPACE',''
  ) );
#397 = PCURVE('',#398,#403);
#398 = PLANE('',#399);
#399 = AXIS2_PLACEMENT_3D('',#400,#401,#402);
#400 = CARTESIAN_POINT('',(-47.,-55.,0.));
#401 = DIRECTION('',(0.,1.,0.));
#402 = DIRECTION('',(1.,0.,0.));
#403 = DEFINITIONAL_REPRESENTATION('',(#404),#408);
#404 = LINE('',#405,#406);
#405 = CARTESIAN_POINT('',(47.,0.));
#406 = VECTOR('',#407,1.);
#407 = DIRECTION('',(1.,0.));
#408 = ( GEOMETRIC_REPRESENTATION_CONTEXT(2) 
PARAMETRIC_REPRESENTATION_CONTEXT() REPRESENTATION_CONTEXT('2D SPACE',''
  ) );
#409 = ORIENTED_EDGE('',*,*,#410,.T.);
#410 = EDGE_CURVE('',#383,#411,#413,.T.);
#411 = VERTEX_POINT('',#412);
#412 = CARTESIAN_POINT('',(53.5,-48.5,0.));
#413 = SURFACE_CURVE('',#414,(#419,#426),.PCURVE_S1.);
#414 = CIRCLE('',#415,6.5);
#415 = AXIS2_PLACEMENT_3D('',#416,#417,#418);
#416 = CARTESIAN_POINT('',(47.,-48.5,0.));
#417 = DIRECTION('',(0.,0.,1.));
#418 = DIRECTION('',(1.,0.,0.));
#419 = PCURVE('',#156,#420);
#420 = DEFINITIONAL_REPRESENTATION('',(#421),#425);
#421 = CIRCLE('',#422,6.5);
#422 = AXIS2_PLACEMENT_2D('',#423,#424);
#423 = CARTESIAN_POINT('',(47.,-48.5));
#424 = DIRECTION('',(1.,0.));
#425 = ( GEOMETRIC_REPRESENTATION_CONTEXT(2) 
PARAMETRIC_REPRESENTATION_CONTEXT() REPRESENTATION_CONTEXT('2D SPACE',''
  ) );
#426 = PCURVE('',#427,#432);
#427 = CYLINDRICAL_SURFACE('',#428,6.5);
#428 = AXIS2_PLACEMENT_3D('',#429,#430,#431);
#429 = CARTESIAN_POINT('',(47.,-48.5,0.));
#430 = DIRECTION('',(-0.,-0.,-1.));
#431 = DIRECTION('',(1.,0.,0.));
#432 = DEFINITIONAL_REPRESENTATION('',(#433),#437);
#433 = LINE('',#434,#435);
#434 = CARTESIAN_POINT('',(-0.,0.));
#435 = VECTOR('',#436,1.);
#436 = DIRECTION('',(-1.,0.));
#437 = ( GEOMETRIC_REPRESENTATION_CONTEXT(2) 
PARAMETRIC_REPRESENTATION_CONTEXT() REPRESENTATION_CONTEXT('2D SPACE',''
  ) );
#438 = ORIENTED_EDGE('',*,*,#439,.T.);
#439 = EDGE_CURVE('',#411,#440,#442,.T.);
#440 = VERTEX_POINT('',#441);
#441 = CARTESIAN_POINT('',(53.5,48.5,0.));
#442 = SURFACE_CURVE('',#443,(#447,#454),.PCURVE_S1.);
#443 = LINE('',#444,#445);
#444 = CARTESIAN_POINT('',(53.5,0.,0.));
#445 = VECTOR('',#446,1.);
#446 = DIRECTION('',(0.,1.,0.));
#447 = PCURVE('',#156,#448);
#448 = DEFINITIONAL_REPRESENTATION('',(#449),#453);
#449 = LINE('',#450,#451);
#450 = CARTESIAN_POINT('',(53.5,0.));
#451 = VECTOR('',#452,1.);
#452 = DIRECTION('',(0.,1.));
#453 = ( GEOMETRIC_REPRESENTATION_CONTEXT(2) 
PARAMETRIC_REPRESENTATION_CONTEXT() REPRESENTATION_CONTEXT('2D SPACE',''
  ) );
#454 = PCURVE('',#455,#460);
#455 = PLANE('',#456);
#456 = AXIS2_PLACEMENT_3D('',#457,#458,#459);
#457 = CARTESIAN_POINT('',(53.5,-48.5,0.));
#458 = DIRECTION('',(-1.,0.,0.));
#459 = DIRECTION('',(0.,1.,0.));
#460 = DEFINITIONAL_REPRESENTATION('',(#461),#465);
#461 = LINE('',#462,#463);
#462 = CARTESIAN_POINT('',(48.5,0.));
#463 = VECTOR('',#464,1.);
#464 = DIRECTION('',(1.,0.));
#465 = ( GEOMETRIC_REPRESENTATION_CONTEXT(2) 
PARAMETRIC_REPRESENTATION_CONTEXT() REPRESENTATION_CONTEXT('2D SPACE',''
  ) );
#466 = ORIENTED_EDGE('',*,*,#467,.T.);
#467 = EDGE_CURVE('',#440,#468,#470,.T.);
#468 = VERTEX_POINT('',#469);
#469 = CARTESIAN_POINT('',(47.,55.,0.));
#470 = SURFACE_CURVE('',#471,(#476,#483),.PCURVE_S1.);
#471 = CIRCLE('',#472,6.5);
#472 = AXIS2_PLACEMENT_3D('',#473,#474,#475);
#473 = CARTESIAN_POINT('',(47.,48.5,0.));
#474 = DIRECTION('',(0.,0.,1.));
#475 = DIRECTION('',(1.,0.,0.));
#476 = PCURVE('',#156,#477);
#477 = DEFINITIONAL_REPRESENTATION('',(#478),#482);
#478 = CIRCLE('',#479,6.5);
#479 = AXIS2_PLACEMENT_2D('',#480,#481);
#480 = CARTESIAN_POINT('',(47.,48.5));
#481 = DIRECTION('',(1.,0.));
#482 = ( GEOMETRIC_REPRESENTATION_CONTEXT(2) 
PARAMETRIC_REPRESENTATION_CONTEXT() REPRESENTATION_CONTEXT('2D SPACE',''
  ) );
#483 = PCURVE('',#484,#489);
#484 = CYLINDRICAL_SURFACE('',#485,6.5);
#485 = AXIS2_PLACEMENT_3D('',#486,#487,#488);
#486 = CARTESIAN_POINT('',(47.,48.5,0.));
#487 = DIRECTION('',(-0.,-0.,-1.));
#488 = DIRECTION('',(1.,0.,0.));
#489 = DEFINITIONAL_REPRESENTATION('',(#490),#494);
#490 = LINE('',#491,#492);
#491 = CARTESIAN_POINT('',(-0.,0.));
#492 = VECTOR('',#493,1.);
#493 = DIRECTION('',(-1.,0.));
#494 = ( GEOMETRIC_REPRESENTATION_CONTEXT(2) 
PARAMETRIC_REPRESENTATION_CONTEXT() REPRESENTATION_CONTEXT('2D SPACE',''
  ) );
#495 = ORIENTED_EDGE('',*,*,#496,.F.);
#496 = EDGE_CURVE('',#497,#468,#499,.T.);
#497 = VERTEX_POINT('',#498);
#498 = CARTESIAN_POINT('',(-47.,55.,0.));
#499 = SURFACE_CURVE('',#500,(#504,#511),.PCURVE_S1.);
#500 = LINE('',#501,#502);
#501 = CARTESIAN_POINT('',(0.,55.,0.));
#502 = VECTOR('',#503,1.);
#503 = DIRECTION('',(1.,0.,0.));
#504 = PCURVE('',#156,#505);
#505 = DEFINITIONAL_REPRESENTATION('',(#506),#510);
#506 = LINE('',#507,#508);
#507 = CARTESIAN_POINT('',(0.,55.));
#508 = VECTOR('',#509,1.);
#509 = DIRECTION('',(1.,0.));
#510 = ( GEOMETRIC_REPRESENTATION_CONTEXT(2) 
PARAMETRIC_REPRESENTATION_CONTEXT() REPRESENTATION_CONTEXT('2D SPACE',''
  ) );
#511 = PCURVE('',#512,#517);
#512 = PLANE('',#513);
#513 = AXIS2_PLACEMENT_3D('',#514,#515,#516);
#514 = CARTESIAN_POINT('',(-47.,55.,0.));
#515 = DIRECTION('',(0.,1.,0.));
#516 = DIRECTION('',(1.,0.,0.));
#517 = DEFINITIONAL_REPRESENTATION('',(#518),#522);
#518 = LINE('',#519,#520);
#519 = CARTESIAN_POINT('',(47.,0.));
#520 = VECTOR('',#521,1.);
#521 = DIRECTION('',(1.,0.));
#522 = ( GEOMETRIC_REPRESENTATION_CONTEXT(2) 
PARAMETRIC_REPRESENTATION_CONTEXT() REPRESENTATION_CONTEXT('2D SPACE',''
  ) );
#523 = ORIENTED_EDGE('',*,*,#524,.T.);
#524 = EDGE_CURVE('',#497,#326,#525,.T.);
#525 = SURFACE_CURVE('',#526,(#531,#538),.PCURVE_S1.);
#526 = CIRCLE('',#527,6.5);
#527 = AXIS2_PLACEMENT_3D('',#528,#529,#530);
#528 = CARTESIAN_POINT('',(-47.,48.5,0.));
#529 = DIRECTION('',(0.,0.,1.));
#530 = DIRECTION('',(1.,0.,0.));
#531 = PCURVE('',#156,#532);
#532 = DEFINITIONAL_REPRESENTATION('',(#533),#537);
#533 = CIRCLE('',#534,6.5);
#534 = AXIS2_PLACEMENT_2D('',#535,#536);
#535 = CARTESIAN_POINT('',(-47.,48.5));
#536 = DIRECTION('',(1.,0.));
#537 = ( GEOMETRIC_REPRESENTATION_CONTEXT(2) 
PARAMETRIC_REPRESENTATION_CONTEXT() REPRESENTATION_CONTEXT('2D SPACE',''
  ) );
#538 = PCURVE('',#539,#544);
#539 = CYLINDRICAL_SURFACE('',#540,6.5);
#540 = AXIS2_PLACEMENT_3D('',#541,#542,#543);
#541 = CARTESIAN_POINT('',(-47.,48.5,0.));
#542 = DIRECTION('',(-0.,-0.,-1.));
#543 = DIRECTION('',(1.,0.,0.));
#544 = DEFINITIONAL_REPRESENTATION('',(#545),#549);
#545 = LINE('',#546,#547);
#546 = CARTESIAN_POINT('',(-0.,0.));
#547 = VECTOR('',#548,1.);
#548 = DIRECTION('',(-1.,0.));
#549 = ( GEOMETRIC_REPRESENTATION_CONTEXT(2) 
PARAMETRIC_REPRESENTATION_CONTEXT() REPRESENTATION_CONTEXT('2D SPACE',''
  ) );
#550 = FACE_BOUND('',#551,.F.);
#551 = EDGE_LOOP('',(#552,#582,#611,#639,#668,#696,#725,#753,#782,#810)
  );
#552 = ORIENTED_EDGE('',*,*,#553,.F.);
#553 = EDGE_CURVE('',#554,#556,#558,.T.);
#554 = VERTEX_POINT('',#555);
#555 = CARTESIAN_POINT('',(-43.45,-50.81506350946,0.));
#556 = VERTEX_POINT('',#557);
#557 = CARTESIAN_POINT('',(-43.45,-53.,0.));
#558 = SURFACE_CURVE('',#559,(#563,#570),.PCURVE_S1.);
#559 = LINE('',#560,#561);
#560 = CARTESIAN_POINT('',(-43.45,-48.65,0.));
#561 = VECTOR('',#562,1.);
#562 = DIRECTION('',(1.110223024625E-16,-1.,0.));
#563 = PCURVE('',#156,#564);
#564 = DEFINITIONAL_REPRESENTATION('',(#565),#569);
#565 = LINE('',#566,#567);
#566 = CARTESIAN_POINT('',(-43.45,-48.65));
#567 = VECTOR('',#568,1.);
#568 = DIRECTION('',(1.110223024625E-16,-1.));
#569 = ( GEOMETRIC_REPRESENTATION_CONTEXT(2) 
PARAMETRIC_REPRESENTATION_CONTEXT() REPRESENTATION_CONTEXT('2D SPACE',''
  ) );
#570 = PCURVE('',#571,#576);
#571 = PLANE('',#572);
#572 = AXIS2_PLACEMENT_3D('',#573,#574,#575);
#573 = CARTESIAN_POINT('',(-43.45,-48.65,0.));
#574 = DIRECTION('',(1.,1.110223024625E-16,0.));
#575 = DIRECTION('',(0.,0.,1.));
#576 = DEFINITIONAL_REPRESENTATION('',(#577),#581);
#577 = LINE('',#578,#579);
#578 = CARTESIAN_POINT('',(0.,0.));
#579 = VECTOR('',#580,1.);
#580 = DIRECTION('',(0.,1.));
#581 = ( GEOMETRIC_REPRESENTATION_CONTEXT(2) 
PARAMETRIC_REPRESENTATION_CONTEXT() REPRESENTATION_CONTEXT('2D SPACE',''
  ) );
#582 = ORIENTED_EDGE('',*,*,#583,.T.);
#583 = EDGE_CURVE('',#554,#584,#586,.T.);
#584 = VERTEX_POINT('',#585);
#585 = CARTESIAN_POINT('',(-42.82527908495,-49.57804027152,0.));
#586 = SURFACE_CURVE('',#587,(#592,#599),.PCURVE_S1.);
#587 = CIRCLE('',#588,3.5);
#588 = AXIS2_PLACEMENT_3D('',#589,#590,#591);
#589 = CARTESIAN_POINT('',(-46.2,-48.65,0.));
#590 = DIRECTION('',(0.,0.,1.));
#591 = DIRECTION('',(1.,0.,0.));
#592 = PCURVE('',#156,#593);
#593 = DEFINITIONAL_REPRESENTATION('',(#594),#598);
#594 = CIRCLE('',#595,3.5);
#595 = AXIS2_PLACEMENT_2D('',#596,#597);
#596 = CARTESIAN_POINT('',(-46.2,-48.65));
#597 = DIRECTION('',(1.,0.));
#598 = ( GEOMETRIC_REPRESENTATION_CONTEXT(2) 
PARAMETRIC_REPRESENTATION_CONTEXT() REPRESENTATION_CONTEXT('2D SPACE',''
  ) );
#599 = PCURVE('',#600,#605);
#600 = CYLINDRICAL_SURFACE('',#601,3.5);
#601 = AXIS2_PLACEMENT_3D('',#602,#603,#604);
#602 = CARTESIAN_POINT('',(-46.2,-48.65,0.));
#603 = DIRECTION('',(-0.,-0.,-1.));
#604 = DIRECTION('',(1.,0.,0.));
#605 = DEFINITIONAL_REPRESENTATION('',(#606),#610);
#606 = LINE('',#607,#608);
#607 = CARTESIAN_POINT('',(-0.,0.));
#608 = VECTOR('',#609,1.);
#609 = DIRECTION('',(-1.,0.));
#610 = ( GEOMETRIC_REPRESENTATION_CONTEXT(2) 
PARAMETRIC_REPRESENTATION_CONTEXT() REPRESENTATION_CONTEXT('2D SPACE',''
  ) );
#611 = ORIENTED_EDGE('',*,*,#612,.F.);
#612 = EDGE_CURVE('',#613,#584,#615,.T.);
#613 = VERTEX_POINT('',#614);
#614 = CARTESIAN_POINT('',(-32.72008444572,-39.94787614952,0.));
#615 = SURFACE_CURVE('',#616,(#620,#627),.PCURVE_S1.);
#616 = LINE('',#617,#618);
#617 = CARTESIAN_POINT('',(-32.43033934217,-39.67175154229,0.));
#618 = VECTOR('',#619,1.);
#619 = DIRECTION('',(-0.723917180764,-0.689886885942,0.));
#620 = PCURVE('',#156,#621);
#621 = DEFINITIONAL_REPRESENTATION('',(#622),#626);
#622 = LINE('',#623,#624);
#623 = CARTESIAN_POINT('',(-32.43033934217,-39.67175154229));
#624 = VECTOR('',#625,1.);
#625 = DIRECTION('',(-0.723917180764,-0.689886885942));
#626 = ( GEOMETRIC_REPRESENTATION_CONTEXT(2) 
PARAMETRIC_REPRESENTATION_CONTEXT() REPRESENTATION_CONTEXT('2D SPACE',''
  ) );
#627 = PCURVE('',#628,#633);
#628 = PLANE('',#629);
#629 = AXIS2_PLACEMENT_3D('',#630,#631,#632);
#630 = CARTESIAN_POINT('',(-32.43033934217,-39.67175154229,0.));
#631 = DIRECTION('',(0.689886885942,-0.723917180764,0.));
#632 = DIRECTION('',(0.,0.,1.));
#633 = DEFINITIONAL_REPRESENTATION('',(#634),#638);
#634 = LINE('',#635,#636);
#635 = CARTESIAN_POINT('',(0.,0.));
#636 = VECTOR('',#637,1.);
#637 = DIRECTION('',(0.,1.));
#638 = ( GEOMETRIC_REPRESENTATION_CONTEXT(2) 
PARAMETRIC_REPRESENTATION_CONTEXT() REPRESENTATION_CONTEXT('2D SPACE',''
  ) );
#639 = ORIENTED_EDGE('',*,*,#640,.T.);
#640 = EDGE_CURVE('',#613,#641,#643,.T.);
#641 = VERTEX_POINT('',#642);
#642 = CARTESIAN_POINT('',(-32.,-40.,0.));
#643 = SURFACE_CURVE('',#644,(#649,#656),.PCURVE_S1.);
#644 = CIRCLE('',#645,5.);
#645 = AXIS2_PLACEMENT_3D('',#646,#647,#648);
#646 = CARTESIAN_POINT('',(-32.,-35.,0.));
#647 = DIRECTION('',(0.,0.,1.));
#648 = DIRECTION('',(1.,0.,0.));
#649 = PCURVE('',#156,#650);
#650 = DEFINITIONAL_REPRESENTATION('',(#651),#655);
#651 = CIRCLE('',#652,5.);
#652 = AXIS2_PLACEMENT_2D('',#653,#654);
#653 = CARTESIAN_POINT('',(-32.,-35.));
#654 = DIRECTION('',(1.,0.));
#655 = ( GEOMETRIC_REPRESENTATION_CONTEXT(2) 
PARAMETRIC_REPRESENTATION_CONTEXT() REPRESENTATION_CONTEXT('2D SPACE',''
  ) );
#656 = PCURVE('',#657,#662);
#657 = CYLINDRICAL_SURFACE('',#658,5.);
#658 = AXIS2_PLACEMENT_3D('',#659,#660,#661);
#659 = CARTESIAN_POINT('',(-32.,-35.,0.));
#660 = DIRECTION('',(-0.,-0.,-1.));
#661 = DIRECTION('',(1.,0.,0.));
#662 = DEFINITIONAL_REPRESENTATION('',(#663),#667);
#663 = LINE('',#664,#665);
#664 = CARTESIAN_POINT('',(-0.,0.));
#665 = VECTOR('',#666,1.);
#666 = DIRECTION('',(-1.,0.));
#667 = ( GEOMETRIC_REPRESENTATION_CONTEXT(2) 
PARAMETRIC_REPRESENTATION_CONTEXT() REPRESENTATION_CONTEXT('2D SPACE',''
  ) );
#668 = ORIENTED_EDGE('',*,*,#669,.T.);
#669 = EDGE_CURVE('',#641,#670,#672,.T.);
#670 = VERTEX_POINT('',#671);
#671 = CARTESIAN_POINT('',(32.,-40.,0.));
#672 = SURFACE_CURVE('',#673,(#677,#684),.PCURVE_S1.);
#673 = LINE('',#674,#675);
#674 = CARTESIAN_POINT('',(0.,-40.,0.));
#675 = VECTOR('',#676,1.);
#676 = DIRECTION('',(1.,0.,0.));
#677 = PCURVE('',#156,#678);
#678 = DEFINITIONAL_REPRESENTATION('',(#679),#683);
#679 = LINE('',#680,#681);
#680 = CARTESIAN_POINT('',(0.,-40.));
#681 = VECTOR('',#682,1.);
#682 = DIRECTION('',(1.,0.));
#683 = ( GEOMETRIC_REPRESENTATION_CONTEXT(2) 
PARAMETRIC_REPRESENTATION_CONTEXT() REPRESENTATION_CONTEXT('2D SPACE',''
  ) );
#684 = PCURVE('',#685,#690);
#685 = PLANE('',#686);
#686 = AXIS2_PLACEMENT_3D('',#687,#688,#689);
#687 = CARTESIAN_POINT('',(-32.,-40.,0.));
#688 = DIRECTION('',(0.,1.,0.));
#689 = DIRECTION('',(1.,0.,0.));
#690 = DEFINITIONAL_REPRESENTATION('',(#691),#695);
#691 = LINE('',#692,#693);
#692 = CARTESIAN_POINT('',(32.,0.));
#693 = VECTOR('',#694,1.);
#694 = DIRECTION('',(1.,0.));
#695 = ( GEOMETRIC_REPRESENTATION_CONTEXT(2) 
PARAMETRIC_REPRESENTATION_CONTEXT() REPRESENTATION_CONTEXT('2D SPACE',''
  ) );
#696 = ORIENTED_EDGE('',*,*,#697,.T.);
#697 = EDGE_CURVE('',#670,#698,#700,.T.);
#698 = VERTEX_POINT('',#699);
#699 = CARTESIAN_POINT('',(32.720084445726,-39.94787614952,0.));
#700 = SURFACE_CURVE('',#701,(#706,#713),.PCURVE_S1.);
#701 = CIRCLE('',#702,5.);
#702 = AXIS2_PLACEMENT_3D('',#703,#704,#705);
#703 = CARTESIAN_POINT('',(32.,-35.,0.));
#704 = DIRECTION('',(0.,0.,1.));
#705 = DIRECTION('',(1.,0.,0.));
#706 = PCURVE('',#156,#707);
#707 = DEFINITIONAL_REPRESENTATION('',(#708),#712);
#708 = CIRCLE('',#709,5.);
#709 = AXIS2_PLACEMENT_2D('',#710,#711);
#710 = CARTESIAN_POINT('',(32.,-35.));
#711 = DIRECTION('',(1.,0.));
#712 = ( GEOMETRIC_REPRESENTATION_CONTEXT(2) 
PARAMETRIC_REPRESENTATION_CONTEXT() REPRESENTATION_CONTEXT('2D SPACE',''
  ) );
#713 = PCURVE('',#714,#719);
#714 = CYLINDRICAL_SURFACE('',#715,5.);
#715 = AXIS2_PLACEMENT_3D('',#716,#717,#718);
#716 = CARTESIAN_POINT('',(32.,-35.,0.));
#717 = DIRECTION('',(-0.,-0.,-1.));
#718 = DIRECTION('',(1.,0.,0.));
#719 = DEFINITIONAL_REPRESENTATION('',(#720),#724);
#720 = LINE('',#721,#722);
#721 = CARTESIAN_POINT('',(-0.,0.));
#722 = VECTOR('',#723,1.);
#723 = DIRECTION('',(-1.,0.));
#724 = ( GEOMETRIC_REPRESENTATION_CONTEXT(2) 
PARAMETRIC_REPRESENTATION_CONTEXT() REPRESENTATION_CONTEXT('2D SPACE',''
  ) );
#725 = ORIENTED_EDGE('',*,*,#726,.T.);
#726 = EDGE_CURVE('',#698,#727,#729,.T.);
#727 = VERTEX_POINT('',#728);
#728 = CARTESIAN_POINT('',(42.825279084957,-49.57804027152,0.));
#729 = SURFACE_CURVE('',#730,(#734,#741),.PCURVE_S1.);
#730 = LINE('',#731,#732);
#731 = CARTESIAN_POINT('',(32.430339342174,-39.67175154229,0.));
#732 = VECTOR('',#733,1.);
#733 = DIRECTION('',(0.723917180764,-0.689886885942,0.));
#734 = PCURVE('',#156,#735);
#735 = DEFINITIONAL_REPRESENTATION('',(#736),#740);
#736 = LINE('',#737,#738);
#737 = CARTESIAN_POINT('',(32.430339342174,-39.67175154229));
#738 = VECTOR('',#739,1.);
#739 = DIRECTION('',(0.723917180764,-0.689886885942));
#740 = ( GEOMETRIC_REPRESENTATION_CONTEXT(2) 
PARAMETRIC_REPRESENTATION_CONTEXT() REPRESENTATION_CONTEXT('2D SPACE',''
  ) );
#741 = PCURVE('',#742,#747);
#742 = PLANE('',#743);
#743 = AXIS2_PLACEMENT_3D('',#744,#745,#746);
#744 = CARTESIAN_POINT('',(32.430339342174,-39.67175154229,0.));
#745 = DIRECTION('',(0.689886885942,0.723917180764,0.));
#746 = DIRECTION('',(0.,0.,1.));
#747 = DEFINITIONAL_REPRESENTATION('',(#748),#752);
#748 = LINE('',#749,#750);
#749 = CARTESIAN_POINT('',(0.,0.));
#750 = VECTOR('',#751,1.);
#751 = DIRECTION('',(0.,1.));
#752 = ( GEOMETRIC_REPRESENTATION_CONTEXT(2) 
PARAMETRIC_REPRESENTATION_CONTEXT() REPRESENTATION_CONTEXT('2D SPACE',''
  ) );
#753 = ORIENTED_EDGE('',*,*,#754,.T.);
#754 = EDGE_CURVE('',#727,#755,#757,.T.);
#755 = VERTEX_POINT('',#756);
#756 = CARTESIAN_POINT('',(43.45,-50.81506350946,0.));
#757 = SURFACE_CURVE('',#758,(#763,#770),.PCURVE_S1.);
#758 = CIRCLE('',#759,3.5);
#759 = AXIS2_PLACEMENT_3D('',#760,#761,#762);
#760 = CARTESIAN_POINT('',(46.2,-48.65,0.));
#761 = DIRECTION('',(0.,0.,1.));
#762 = DIRECTION('',(1.,0.,0.));
#763 = PCURVE('',#156,#764);
#764 = DEFINITIONAL_REPRESENTATION('',(#765),#769);
#765 = CIRCLE('',#766,3.5);
#766 = AXIS2_PLACEMENT_2D('',#767,#768);
#767 = CARTESIAN_POINT('',(46.2,-48.65));
#768 = DIRECTION('',(1.,0.));
#769 = ( GEOMETRIC_REPRESENTATION_CONTEXT(2) 
PARAMETRIC_REPRESENTATION_CONTEXT() REPRESENTATION_CONTEXT('2D SPACE',''
  ) );
#770 = PCURVE('',#771,#776);
#771 = CYLINDRICAL_SURFACE('',#772,3.5);
#772 = AXIS2_PLACEMENT_3D('',#773,#774,#775);
#773 = CARTESIAN_POINT('',(46.2,-48.65,0.));
#774 = DIRECTION('',(-0.,-0.,-1.));
#775 = DIRECTION('',(1.,0.,0.));
#776 = DEFINITIONAL_REPRESENTATION('',(#777),#781);
#777 = LINE('',#778,#779);
#778 = CARTESIAN_POINT('',(-0.,0.));
#779 = VECTOR('',#780,1.);
#780 = DIRECTION('',(-1.,0.));
#781 = ( GEOMETRIC_REPRESENTATION_CONTEXT(2) 
PARAMETRIC_REPRESENTATION_CONTEXT() REPRESENTATION_CONTEXT('2D SPACE',''
  ) );
#782 = ORIENTED_EDGE('',*,*,#783,.T.);
#783 = EDGE_CURVE('',#755,#784,#786,.T.);
#784 = VERTEX_POINT('',#785);
#785 = CARTESIAN_POINT('',(43.45,-53.,0.));
#786 = SURFACE_CURVE('',#787,(#791,#798),.PCURVE_S1.);
#787 = LINE('',#788,#789);
#788 = CARTESIAN_POINT('',(43.45,-48.65,0.));
#789 = VECTOR('',#790,1.);
#790 = DIRECTION('',(1.110223024625E-16,-1.,0.));
#791 = PCURVE('',#156,#792);
#792 = DEFINITIONAL_REPRESENTATION('',(#793),#797);
#793 = LINE('',#794,#795);
#794 = CARTESIAN_POINT('',(43.45,-48.65));
#795 = VECTOR('',#796,1.);
#796 = DIRECTION('',(1.110223024625E-16,-1.));
#797 = ( GEOMETRIC_REPRESENTATION_CONTEXT(2) 
PARAMETRIC_REPRESENTATION_CONTEXT() REPRESENTATION_CONTEXT('2D SPACE',''
  ) );
#798 = PCURVE('',#799,#804);
#799 = PLANE('',#800);
#800 = AXIS2_PLACEMENT_3D('',#801,#802,#803);
#801 = CARTESIAN_POINT('',(43.45,-48.65,0.));
#802 = DIRECTION('',(1.,1.110223024625E-16,0.));
#803 = DIRECTION('',(0.,0.,1.));
#804 = DEFINITIONAL_REPRESENTATION('',(#805),#809);
#805 = LINE('',#806,#807);
#806 = CARTESIAN_POINT('',(0.,0.));
#807 = VECTOR('',#808,1.);
#808 = DIRECTION('',(0.,1.));
#809 = ( GEOMETRIC_REPRESENTATION_CONTEXT(2) 
PARAMETRIC_REPRESENTATION_CONTEXT() REPRESENTATION_CONTEXT('2D SPACE',''
  ) );
#810 = ORIENTED_EDGE('',*,*,#811,.T.);
#811 = EDGE_CURVE('',#784,#556,#812,.T.);
#812 = SURFACE_CURVE('',#813,(#817,#824),.PCURVE_S1.);
#813 = LINE('',#814,#815);
#814 = CARTESIAN_POINT('',(-23.25,-53.,0.));
#815 = VECTOR('',#816,1.);
#816 = DIRECTION('',(-1.,0.,0.));
#817 = PCURVE('',#156,#818);
#818 = DEFINITIONAL_REPRESENTATION('',(#819),#823);
#819 = LINE('',#820,#821);
#820 = CARTESIAN_POINT('',(-23.25,-53.));
#821 = VECTOR('',#822,1.);
#822 = DIRECTION('',(-1.,0.));
#823 = ( GEOMETRIC_REPRESENTATION_CONTEXT(2) 
PARAMETRIC_REPRESENTATION_CONTEXT() REPRESENTATION_CONTEXT('2D SPACE',''
  ) );
#824 = PCURVE('',#825,#830);
#825 = PLANE('',#826);
#826 = AXIS2_PLACEMENT_3D('',#827,#828,#829);
#827 = CARTESIAN_POINT('',(-46.5,-53.,-0.2));
#828 = DIRECTION('',(0.,1.,0.));
#829 = DIRECTION('',(1.,0.,0.));
#830 = DEFINITIONAL_REPRESENTATION('',(#831),#834);
#831 = B_SPLINE_CURVE_WITH_KNOTS('',1,(#832,#833),.UNSPECIFIED.,.F.,.F.,
  (2,2),(-69.75,23.25),.PIECEWISE_BEZIER_KNOTS.);
#832 = CARTESIAN_POINT('',(93.,-0.2));
#833 = CARTESIAN_POINT('',(0.,-0.2));
#834 = ( GEOMETRIC_REPRESENTATION_CONTEXT(2) 
PARAMETRIC_REPRESENTATION_CONTEXT() REPRESENTATION_CONTEXT('2D SPACE',''
  ) );
#835 = FACE_BOUND('',#836,.F.);
#836 = EDGE_LOOP('',(#837,#867,#891,#915,#943,#972,#1000,#1029,#1057,
    #1086,#1110,#1138,#1171,#1198));
#837 = ORIENTED_EDGE('',*,*,#838,.F.);
#838 = EDGE_CURVE('',#839,#841,#843,.T.);
#839 = VERTEX_POINT('',#840);
#840 = CARTESIAN_POINT('',(48.95,-50.81506350946,0.));
#841 = VERTEX_POINT('',#842);
#842 = CARTESIAN_POINT('',(48.95,-52.27458607002,0.));
#843 = SURFACE_CURVE('',#844,(#848,#855),.PCURVE_S1.);
#844 = LINE('',#845,#846);
#845 = CARTESIAN_POINT('',(48.95,-48.65,0.));
#846 = VECTOR('',#847,1.);
#847 = DIRECTION('',(1.110223024625E-16,-1.,0.));
#848 = PCURVE('',#156,#849);
#849 = DEFINITIONAL_REPRESENTATION('',(#850),#854);
#850 = LINE('',#851,#852);
#851 = CARTESIAN_POINT('',(48.95,-48.65));
#852 = VECTOR('',#853,1.);
#853 = DIRECTION('',(1.110223024625E-16,-1.));
#854 = ( GEOMETRIC_REPRESENTATION_CONTEXT(2) 
PARAMETRIC_REPRESENTATION_CONTEXT() REPRESENTATION_CONTEXT('2D SPACE',''
  ) );
#855 = PCURVE('',#856,#861);
#856 = PLANE('',#857);
#857 = AXIS2_PLACEMENT_3D('',#858,#859,#860);
#858 = CARTESIAN_POINT('',(48.95,-48.65,0.));
#859 = DIRECTION('',(1.,1.110223024625E-16,0.));
#860 = DIRECTION('',(0.,0.,1.));
#861 = DEFINITIONAL_REPRESENTATION('',(#862),#866);
#862 = LINE('',#863,#864);
#863 = CARTESIAN_POINT('',(0.,0.));
#864 = VECTOR('',#865,1.);
#865 = DIRECTION('',(0.,1.));
#866 = ( GEOMETRIC_REPRESENTATION_CONTEXT(2) 
PARAMETRIC_REPRESENTATION_CONTEXT() REPRESENTATION_CONTEXT('2D SPACE',''
  ) );
#867 = ORIENTED_EDGE('',*,*,#868,.T.);
#868 = EDGE_CURVE('',#839,#869,#871,.T.);
#869 = VERTEX_POINT('',#870);
#870 = CARTESIAN_POINT('',(49.7,-48.65,0.));
#871 = SURFACE_CURVE('',#872,(#877,#884),.PCURVE_S1.);
#872 = CIRCLE('',#873,3.5);
#873 = AXIS2_PLACEMENT_3D('',#874,#875,#876);
#874 = CARTESIAN_POINT('',(46.2,-48.65,0.));
#875 = DIRECTION('',(0.,0.,1.));
#876 = DIRECTION('',(1.,0.,0.));
#877 = PCURVE('',#156,#878);
#878 = DEFINITIONAL_REPRESENTATION('',(#879),#883);
#879 = CIRCLE('',#880,3.5);
#880 = AXIS2_PLACEMENT_2D('',#881,#882);
#881 = CARTESIAN_POINT('',(46.2,-48.65));
#882 = DIRECTION('',(1.,0.));
#883 = ( GEOMETRIC_REPRESENTATION_CONTEXT(2) 
PARAMETRIC_REPRESENTATION_CONTEXT() REPRESENTATION_CONTEXT('2D SPACE',''
  ) );
#884 = PCURVE('',#771,#885);
#885 = DEFINITIONAL_REPRESENTATION('',(#886),#890);
#886 = LINE('',#887,#888);
#887 = CARTESIAN_POINT('',(-0.,0.));
#888 = VECTOR('',#889,1.);
#889 = DIRECTION('',(-1.,0.));
#890 = ( GEOMETRIC_REPRESENTATION_CONTEXT(2) 
PARAMETRIC_REPRESENTATION_CONTEXT() REPRESENTATION_CONTEXT('2D SPACE',''
  ) );
#891 = ORIENTED_EDGE('',*,*,#892,.T.);
#892 = EDGE_CURVE('',#869,#893,#895,.T.);
#893 = VERTEX_POINT('',#894);
#894 = CARTESIAN_POINT('',(46.964600400608,-45.23453718694,0.));
#895 = SURFACE_CURVE('',#896,(#901,#908),.PCURVE_S1.);
#896 = CIRCLE('',#897,3.5);
#897 = AXIS2_PLACEMENT_3D('',#898,#899,#900);
#898 = CARTESIAN_POINT('',(46.2,-48.65,0.));
#899 = DIRECTION('',(0.,0.,1.));
#900 = DIRECTION('',(1.,0.,0.));
#901 = PCURVE('',#156,#902);
#902 = DEFINITIONAL_REPRESENTATION('',(#903),#907);
#903 = CIRCLE('',#904,3.5);
#904 = AXIS2_PLACEMENT_2D('',#905,#906);
#905 = CARTESIAN_POINT('',(46.2,-48.65));
#906 = DIRECTION('',(1.,0.));
#907 = ( GEOMETRIC_REPRESENTATION_CONTEXT(2) 
PARAMETRIC_REPRESENTATION_CONTEXT() REPRESENTATION_CONTEXT('2D SPACE',''
  ) );
#908 = PCURVE('',#771,#909);
#909 = DEFINITIONAL_REPRESENTATION('',(#910),#914);
#910 = LINE('',#911,#912);
#911 = CARTESIAN_POINT('',(-0.,0.));
#912 = VECTOR('',#913,1.);
#913 = DIRECTION('',(-1.,0.));
#914 = ( GEOMETRIC_REPRESENTATION_CONTEXT(2) 
PARAMETRIC_REPRESENTATION_CONTEXT() REPRESENTATION_CONTEXT('2D SPACE',''
  ) );
#915 = ORIENTED_EDGE('',*,*,#916,.F.);
#916 = EDGE_CURVE('',#917,#893,#919,.T.);
#917 = VERTEX_POINT('',#918);
#918 = CARTESIAN_POINT('',(36.951820117411,-35.69244315637,0.));
#919 = SURFACE_CURVE('',#920,(#924,#931),.PCURVE_S1.);
#920 = LINE('',#921,#922);
#921 = CARTESIAN_POINT('',(36.569660657826,-35.3282484577,0.));
#922 = VECTOR('',#923,1.);
#923 = DIRECTION('',(0.723917180764,-0.689886885942,0.));
#924 = PCURVE('',#156,#925);
#925 = DEFINITIONAL_REPRESENTATION('',(#926),#930);
#926 = LINE('',#927,#928);
#927 = CARTESIAN_POINT('',(36.569660657826,-35.3282484577));
#928 = VECTOR('',#929,1.);
#929 = DIRECTION('',(0.723917180764,-0.689886885942));
#930 = ( GEOMETRIC_REPRESENTATION_CONTEXT(2) 
PARAMETRIC_REPRESENTATION_CONTEXT() REPRESENTATION_CONTEXT('2D SPACE',''
  ) );
#931 = PCURVE('',#932,#937);
#932 = PLANE('',#933);
#933 = AXIS2_PLACEMENT_3D('',#934,#935,#936);
#934 = CARTESIAN_POINT('',(36.569660657826,-35.3282484577,0.));
#935 = DIRECTION('',(0.689886885942,0.723917180764,0.));
#936 = DIRECTION('',(0.,0.,1.));
#937 = DEFINITIONAL_REPRESENTATION('',(#938),#942);
#938 = LINE('',#939,#940);
#939 = CARTESIAN_POINT('',(0.,0.));
#940 = VECTOR('',#941,1.);
#941 = DIRECTION('',(0.,1.));
#942 = ( GEOMETRIC_REPRESENTATION_CONTEXT(2) 
PARAMETRIC_REPRESENTATION_CONTEXT() REPRESENTATION_CONTEXT('2D SPACE',''
  ) );
#943 = ORIENTED_EDGE('',*,*,#944,.T.);
#944 = EDGE_CURVE('',#917,#945,#947,.T.);
#945 = VERTEX_POINT('',#946);
#946 = CARTESIAN_POINT('',(37.,-35.,0.));
#947 = SURFACE_CURVE('',#948,(#953,#960),.PCURVE_S1.);
#948 = CIRCLE('',#949,5.);
#949 = AXIS2_PLACEMENT_3D('',#950,#951,#952);
#950 = CARTESIAN_POINT('',(32.,-35.,0.));
#951 = DIRECTION('',(0.,0.,1.));
#952 = DIRECTION('',(1.,0.,0.));
#953 = PCURVE('',#156,#954);
#954 = DEFINITIONAL_REPRESENTATION('',(#955),#959);
#955 = CIRCLE('',#956,5.);
#956 = AXIS2_PLACEMENT_2D('',#957,#958);
#957 = CARTESIAN_POINT('',(32.,-35.));
#958 = DIRECTION('',(1.,0.));
#959 = ( GEOMETRIC_REPRESENTATION_CONTEXT(2) 
PARAMETRIC_REPRESENTATION_CONTEXT() REPRESENTATION_CONTEXT('2D SPACE',''
  ) );
#960 = PCURVE('',#961,#966);
#961 = CYLINDRICAL_SURFACE('',#962,5.);
#962 = AXIS2_PLACEMENT_3D('',#963,#964,#965);
#963 = CARTESIAN_POINT('',(32.,-35.,0.));
#964 = DIRECTION('',(-0.,-0.,-1.));
#965 = DIRECTION('',(1.,0.,0.));
#966 = DEFINITIONAL_REPRESENTATION('',(#967),#971);
#967 = LINE('',#968,#969);
#968 = CARTESIAN_POINT('',(-0.,0.));
#969 = VECTOR('',#970,1.);
#970 = DIRECTION('',(-1.,0.));
#971 = ( GEOMETRIC_REPRESENTATION_CONTEXT(2) 
PARAMETRIC_REPRESENTATION_CONTEXT() REPRESENTATION_CONTEXT('2D SPACE',''
  ) );
#972 = ORIENTED_EDGE('',*,*,#973,.T.);
#973 = EDGE_CURVE('',#945,#974,#976,.T.);
#974 = VERTEX_POINT('',#975);
#975 = CARTESIAN_POINT('',(37.,35.,0.));
#976 = SURFACE_CURVE('',#977,(#981,#988),.PCURVE_S1.);
#977 = LINE('',#978,#979);
#978 = CARTESIAN_POINT('',(37.,0.,0.));
#979 = VECTOR('',#980,1.);
#980 = DIRECTION('',(0.,1.,0.));
#981 = PCURVE('',#156,#982);
#982 = DEFINITIONAL_REPRESENTATION('',(#983),#987);
#983 = LINE('',#984,#985);
#984 = CARTESIAN_POINT('',(37.,0.));
#985 = VECTOR('',#986,1.);
#986 = DIRECTION('',(0.,1.));
#987 = ( GEOMETRIC_REPRESENTATION_CONTEXT(2) 
PARAMETRIC_REPRESENTATION_CONTEXT() REPRESENTATION_CONTEXT('2D SPACE',''
  ) );
#988 = PCURVE('',#989,#994);
#989 = PLANE('',#990);
#990 = AXIS2_PLACEMENT_3D('',#991,#992,#993);
#991 = CARTESIAN_POINT('',(37.,-35.,0.));
#992 = DIRECTION('',(-1.,0.,0.));
#993 = DIRECTION('',(0.,1.,0.));
#994 = DEFINITIONAL_REPRESENTATION('',(#995),#999);
#995 = LINE('',#996,#997);
#996 = CARTESIAN_POINT('',(35.,0.));
#997 = VECTOR('',#998,1.);
#998 = DIRECTION('',(1.,0.));
#999 = ( GEOMETRIC_REPRESENTATION_CONTEXT(2) 
PARAMETRIC_REPRESENTATION_CONTEXT() REPRESENTATION_CONTEXT('2D SPACE',''
  ) );
#1000 = ORIENTED_EDGE('',*,*,#1001,.T.);
#1001 = EDGE_CURVE('',#974,#1002,#1004,.T.);
#1002 = VERTEX_POINT('',#1003);
#1003 = CARTESIAN_POINT('',(36.951820117411,35.692443156372,0.));
#1004 = SURFACE_CURVE('',#1005,(#1010,#1017),.PCURVE_S1.);
#1005 = CIRCLE('',#1006,5.);
#1006 = AXIS2_PLACEMENT_3D('',#1007,#1008,#1009);
#1007 = CARTESIAN_POINT('',(32.,35.,0.));
#1008 = DIRECTION('',(0.,0.,1.));
#1009 = DIRECTION('',(1.,0.,0.));
#1010 = PCURVE('',#156,#1011);
#1011 = DEFINITIONAL_REPRESENTATION('',(#1012),#1016);
#1012 = CIRCLE('',#1013,5.);
#1013 = AXIS2_PLACEMENT_2D('',#1014,#1015);
#1014 = CARTESIAN_POINT('',(32.,35.));
#1015 = DIRECTION('',(1.,0.));
#1016 = ( GEOMETRIC_REPRESENTATION_CONTEXT(2) 
PARAMETRIC_REPRESENTATION_CONTEXT() REPRESENTATION_CONTEXT('2D SPACE',''
  ) );
#1017 = PCURVE('',#1018,#1023);
#1018 = CYLINDRICAL_SURFACE('',#1019,5.);
#1019 = AXIS2_PLACEMENT_3D('',#1020,#1021,#1022);
#1020 = CARTESIAN_POINT('',(32.,35.,0.));
#1021 = DIRECTION('',(-0.,-0.,-1.));
#1022 = DIRECTION('',(1.,0.,0.));
#1023 = DEFINITIONAL_REPRESENTATION('',(#1024),#1028);
#1024 = LINE('',#1025,#1026);
#1025 = CARTESIAN_POINT('',(-0.,0.));
#1026 = VECTOR('',#1027,1.);
#1027 = DIRECTION('',(-1.,0.));
#1028 = ( GEOMETRIC_REPRESENTATION_CONTEXT(2) 
PARAMETRIC_REPRESENTATION_CONTEXT() REPRESENTATION_CONTEXT('2D SPACE',''
  ) );
#1029 = ORIENTED_EDGE('',*,*,#1030,.T.);
#1030 = EDGE_CURVE('',#1002,#1031,#1033,.T.);
#1031 = VERTEX_POINT('',#1032);
#1032 = CARTESIAN_POINT('',(46.964600400608,45.234537186941,0.));
#1033 = SURFACE_CURVE('',#1034,(#1038,#1045),.PCURVE_S1.);
#1034 = LINE('',#1035,#1036);
#1035 = CARTESIAN_POINT('',(36.569660657826,35.328248457708,0.));
#1036 = VECTOR('',#1037,1.);
#1037 = DIRECTION('',(0.723917180764,0.689886885942,0.));
#1038 = PCURVE('',#156,#1039);
#1039 = DEFINITIONAL_REPRESENTATION('',(#1040),#1044);
#1040 = LINE('',#1041,#1042);
#1041 = CARTESIAN_POINT('',(36.569660657826,35.328248457708));
#1042 = VECTOR('',#1043,1.);
#1043 = DIRECTION('',(0.723917180764,0.689886885942));
#1044 = ( GEOMETRIC_REPRESENTATION_CONTEXT(2) 
PARAMETRIC_REPRESENTATION_CONTEXT() REPRESENTATION_CONTEXT('2D SPACE',''
  ) );
#1045 = PCURVE('',#1046,#1051);
#1046 = PLANE('',#1047);
#1047 = AXIS2_PLACEMENT_3D('',#1048,#1049,#1050);
#1048 = CARTESIAN_POINT('',(36.569660657826,35.328248457708,0.));
#1049 = DIRECTION('',(-0.689886885942,0.723917180764,0.));
#1050 = DIRECTION('',(0.,0.,1.));
#1051 = DEFINITIONAL_REPRESENTATION('',(#1052),#1056);
#1052 = LINE('',#1053,#1054);
#1053 = CARTESIAN_POINT('',(0.,0.));
#1054 = VECTOR('',#1055,1.);
#1055 = DIRECTION('',(0.,1.));
#1056 = ( GEOMETRIC_REPRESENTATION_CONTEXT(2) 
PARAMETRIC_REPRESENTATION_CONTEXT() REPRESENTATION_CONTEXT('2D SPACE',''
  ) );
#1057 = ORIENTED_EDGE('',*,*,#1058,.T.);
#1058 = EDGE_CURVE('',#1031,#1059,#1061,.T.);
#1059 = VERTEX_POINT('',#1060);
#1060 = CARTESIAN_POINT('',(49.7,48.65,0.));
#1061 = SURFACE_CURVE('',#1062,(#1067,#1074),.PCURVE_S1.);
#1062 = CIRCLE('',#1063,3.5);
#1063 = AXIS2_PLACEMENT_3D('',#1064,#1065,#1066);
#1064 = CARTESIAN_POINT('',(46.2,48.65,0.));
#1065 = DIRECTION('',(0.,0.,1.));
#1066 = DIRECTION('',(1.,0.,0.));
#1067 = PCURVE('',#156,#1068);
#1068 = DEFINITIONAL_REPRESENTATION('',(#1069),#1073);
#1069 = CIRCLE('',#1070,3.5);
#1070 = AXIS2_PLACEMENT_2D('',#1071,#1072);
#1071 = CARTESIAN_POINT('',(46.2,48.65));
#1072 = DIRECTION('',(1.,0.));
#1073 = ( GEOMETRIC_REPRESENTATION_CONTEXT(2) 
PARAMETRIC_REPRESENTATION_CONTEXT() REPRESENTATION_CONTEXT('2D SPACE',''
  ) );
#1074 = PCURVE('',#1075,#1080);
#1075 = CYLINDRICAL_SURFACE('',#1076,3.5);
#1076 = AXIS2_PLACEMENT_3D('',#1077,#1078,#1079);
#1077 = CARTESIAN_POINT('',(46.2,48.65,0.));
#1078 = DIRECTION('',(-0.,-0.,-1.));
#1079 = DIRECTION('',(1.,0.,0.));
#1080 = DEFINITIONAL_REPRESENTATION('',(#1081),#1085);
#1081 = LINE('',#1082,#1083);
#1082 = CARTESIAN_POINT('',(-0.,0.));
#1083 = VECTOR('',#1084,1.);
#1084 = DIRECTION('',(-1.,0.));
#1085 = ( GEOMETRIC_REPRESENTATION_CONTEXT(2) 
PARAMETRIC_REPRESENTATION_CONTEXT() REPRESENTATION_CONTEXT('2D SPACE',''
  ) );
#1086 = ORIENTED_EDGE('',*,*,#1087,.T.);
#1087 = EDGE_CURVE('',#1059,#1088,#1090,.T.);
#1088 = VERTEX_POINT('',#1089);
#1089 = CARTESIAN_POINT('',(48.95,50.815063509461,0.));
#1090 = SURFACE_CURVE('',#1091,(#1096,#1103),.PCURVE_S1.);
#1091 = CIRCLE('',#1092,3.5);
#1092 = AXIS2_PLACEMENT_3D('',#1093,#1094,#1095);
#1093 = CARTESIAN_POINT('',(46.2,48.65,0.));
#1094 = DIRECTION('',(0.,0.,1.));
#1095 = DIRECTION('',(1.,0.,0.));
#1096 = PCURVE('',#156,#1097);
#1097 = DEFINITIONAL_REPRESENTATION('',(#1098),#1102);
#1098 = CIRCLE('',#1099,3.5);
#1099 = AXIS2_PLACEMENT_2D('',#1100,#1101);
#1100 = CARTESIAN_POINT('',(46.2,48.65));
#1101 = DIRECTION('',(1.,0.));
#1102 = ( GEOMETRIC_REPRESENTATION_CONTEXT(2) 
PARAMETRIC_REPRESENTATION_CONTEXT() REPRESENTATION_CONTEXT('2D SPACE',''
  ) );
#1103 = PCURVE('',#1075,#1104);
#1104 = DEFINITIONAL_REPRESENTATION('',(#1105),#1109);
#1105 = LINE('',#1106,#1107);
#1106 = CARTESIAN_POINT('',(-0.,0.));
#1107 = VECTOR('',#1108,1.);
#1108 = DIRECTION('',(-1.,0.));
#1109 = ( GEOMETRIC_REPRESENTATION_CONTEXT(2) 
PARAMETRIC_REPRESENTATION_CONTEXT() REPRESENTATION_CONTEXT('2D SPACE',''
  ) );
#1110 = ORIENTED_EDGE('',*,*,#1111,.T.);
#1111 = EDGE_CURVE('',#1088,#1112,#1114,.T.);
#1112 = VERTEX_POINT('',#1113);
#1113 = CARTESIAN_POINT('',(48.95,52.274586070022,0.));
#1114 = SURFACE_CURVE('',#1115,(#1119,#1126),.PCURVE_S1.);
#1115 = LINE('',#1116,#1117);
#1116 = CARTESIAN_POINT('',(48.95,48.65,0.));
#1117 = VECTOR('',#1118,1.);
#1118 = DIRECTION('',(1.110223024625E-16,1.,0.));
#1119 = PCURVE('',#156,#1120);
#1120 = DEFINITIONAL_REPRESENTATION('',(#1121),#1125);
#1121 = LINE('',#1122,#1123);
#1122 = CARTESIAN_POINT('',(48.95,48.65));
#1123 = VECTOR('',#1124,1.);
#1124 = DIRECTION('',(1.110223024625E-16,1.));
#1125 = ( GEOMETRIC_REPRESENTATION_CONTEXT(2) 
PARAMETRIC_REPRESENTATION_CONTEXT() REPRESENTATION_CONTEXT('2D SPACE',''
  ) );
#1126 = PCURVE('',#1127,#1132);
#1127 = PLANE('',#1128);
#1128 = AXIS2_PLACEMENT_3D('',#1129,#1130,#1131);
#1129 = CARTESIAN_POINT('',(48.95,48.65,0.));
#1130 = DIRECTION('',(-1.,1.110223024625E-16,0.));
#1131 = DIRECTION('',(0.,0.,1.));
#1132 = DEFINITIONAL_REPRESENTATION('',(#1133),#1137);
#1133 = LINE('',#1134,#1135);
#1134 = CARTESIAN_POINT('',(0.,0.));
#1135 = VECTOR('',#1136,1.);
#1136 = DIRECTION('',(0.,1.));
#1137 = ( GEOMETRIC_REPRESENTATION_CONTEXT(2) 
PARAMETRIC_REPRESENTATION_CONTEXT() REPRESENTATION_CONTEXT('2D SPACE',''
  ) );
#1138 = ORIENTED_EDGE('',*,*,#1139,.T.);
#1139 = EDGE_CURVE('',#1112,#1140,#1142,.T.);
#1140 = VERTEX_POINT('',#1141);
#1141 = CARTESIAN_POINT('',(51.,48.5,0.));
#1142 = SURFACE_CURVE('',#1143,(#1148,#1159),.PCURVE_S1.);
#1143 = CIRCLE('',#1144,4.5);
#1144 = AXIS2_PLACEMENT_3D('',#1145,#1146,#1147);
#1145 = CARTESIAN_POINT('',(46.5,48.5,0.));
#1146 = DIRECTION('',(0.,0.,-1.));
#1147 = DIRECTION('',(1.,0.,0.));
#1148 = PCURVE('',#156,#1149);
#1149 = DEFINITIONAL_REPRESENTATION('',(#1150),#1158);
#1150 = ( BOUNDED_CURVE() B_SPLINE_CURVE(2,(#1151,#1152,#1153,#1154,
#1155,#1156,#1157),.UNSPECIFIED.,.T.,.F.) B_SPLINE_CURVE_WITH_KNOTS((1,2
    ,2,2,2,1),(-2.094395102393,0.,2.094395102393,4.188790204786,
6.28318530718,8.377580409573),.UNSPECIFIED.) CURVE() 
GEOMETRIC_REPRESENTATION_ITEM() RATIONAL_B_SPLINE_CURVE((1.,0.5,1.,0.5,
1.,0.5,1.)) REPRESENTATION_ITEM('') );
#1151 = CARTESIAN_POINT('',(51.,48.5));
#1152 = CARTESIAN_POINT('',(51.,40.70577136594));
#1153 = CARTESIAN_POINT('',(44.25,44.60288568297));
#1154 = CARTESIAN_POINT('',(37.5,48.5));
#1155 = CARTESIAN_POINT('',(44.25,52.39711431703));
#1156 = CARTESIAN_POINT('',(51.,56.29422863406));
#1157 = CARTESIAN_POINT('',(51.,48.5));
#1158 = ( GEOMETRIC_REPRESENTATION_CONTEXT(2) 
PARAMETRIC_REPRESENTATION_CONTEXT() REPRESENTATION_CONTEXT('2D SPACE',''
  ) );
#1159 = PCURVE('',#1160,#1165);
#1160 = CYLINDRICAL_SURFACE('',#1161,4.5);
#1161 = AXIS2_PLACEMENT_3D('',#1162,#1163,#1164);
#1162 = CARTESIAN_POINT('',(46.5,48.5,-0.2));
#1163 = DIRECTION('',(-0.,-0.,-1.));
#1164 = DIRECTION('',(1.,0.,0.));
#1165 = DEFINITIONAL_REPRESENTATION('',(#1166),#1170);
#1166 = LINE('',#1167,#1168);
#1167 = CARTESIAN_POINT('',(-6.28318530718,-0.2));
#1168 = VECTOR('',#1169,1.);
#1169 = DIRECTION('',(1.,-0.));
#1170 = ( GEOMETRIC_REPRESENTATION_CONTEXT(2) 
PARAMETRIC_REPRESENTATION_CONTEXT() REPRESENTATION_CONTEXT('2D SPACE',''
  ) );
#1171 = ORIENTED_EDGE('',*,*,#1172,.T.);
#1172 = EDGE_CURVE('',#1140,#1173,#1175,.T.);
#1173 = VERTEX_POINT('',#1174);
#1174 = CARTESIAN_POINT('',(51.,-48.5,0.));
#1175 = SURFACE_CURVE('',#1176,(#1180,#1187),.PCURVE_S1.);
#1176 = LINE('',#1177,#1178);
#1177 = CARTESIAN_POINT('',(51.,-24.25,0.));
#1178 = VECTOR('',#1179,1.);
#1179 = DIRECTION('',(0.,-1.,0.));
#1180 = PCURVE('',#156,#1181);
#1181 = DEFINITIONAL_REPRESENTATION('',(#1182),#1186);
#1182 = LINE('',#1183,#1184);
#1183 = CARTESIAN_POINT('',(51.,-24.25));
#1184 = VECTOR('',#1185,1.);
#1185 = DIRECTION('',(0.,-1.));
#1186 = ( GEOMETRIC_REPRESENTATION_CONTEXT(2) 
PARAMETRIC_REPRESENTATION_CONTEXT() REPRESENTATION_CONTEXT('2D SPACE',''
  ) );
#1187 = PCURVE('',#1188,#1193);
#1188 = PLANE('',#1189);
#1189 = AXIS2_PLACEMENT_3D('',#1190,#1191,#1192);
#1190 = CARTESIAN_POINT('',(51.,-48.5,-0.2));
#1191 = DIRECTION('',(-1.,0.,0.));
#1192 = DIRECTION('',(0.,1.,0.));
#1193 = DEFINITIONAL_REPRESENTATION('',(#1194),#1197);
#1194 = B_SPLINE_CURVE_WITH_KNOTS('',1,(#1195,#1196),.UNSPECIFIED.,.F.,
  .F.,(2,2),(-72.75,24.25),.PIECEWISE_BEZIER_KNOTS.);
#1195 = CARTESIAN_POINT('',(97.,-0.2));
#1196 = CARTESIAN_POINT('',(0.,-0.2));
#1197 = ( GEOMETRIC_REPRESENTATION_CONTEXT(2) 
PARAMETRIC_REPRESENTATION_CONTEXT() REPRESENTATION_CONTEXT('2D SPACE',''
  ) );
#1198 = ORIENTED_EDGE('',*,*,#1199,.T.);
#1199 = EDGE_CURVE('',#1173,#841,#1200,.T.);
#1200 = SURFACE_CURVE('',#1201,(#1206,#1217),.PCURVE_S1.);
#1201 = CIRCLE('',#1202,4.5);
#1202 = AXIS2_PLACEMENT_3D('',#1203,#1204,#1205);
#1203 = CARTESIAN_POINT('',(46.5,-48.5,0.));
#1204 = DIRECTION('',(0.,0.,-1.));
#1205 = DIRECTION('',(1.,0.,0.));
#1206 = PCURVE('',#156,#1207);
#1207 = DEFINITIONAL_REPRESENTATION('',(#1208),#1216);
#1208 = ( BOUNDED_CURVE() B_SPLINE_CURVE(2,(#1209,#1210,#1211,#1212,
#1213,#1214,#1215),.UNSPECIFIED.,.T.,.F.) B_SPLINE_CURVE_WITH_KNOTS((1,2
    ,2,2,2,1),(-2.094395102393,0.,2.094395102393,4.188790204786,
6.28318530718,8.377580409573),.UNSPECIFIED.) CURVE() 
GEOMETRIC_REPRESENTATION_ITEM() RATIONAL_B_SPLINE_CURVE((1.,0.5,1.,0.5,
1.,0.5,1.)) REPRESENTATION_ITEM('') );
#1209 = CARTESIAN_POINT('',(51.,-48.5));
#1210 = CARTESIAN_POINT('',(51.,-56.29422863406));
#1211 = CARTESIAN_POINT('',(44.25,-52.39711431703));
#1212 = CARTESIAN_POINT('',(37.5,-48.5));
#1213 = CARTESIAN_POINT('',(44.25,-44.60288568297));
#1214 = CARTESIAN_POINT('',(51.,-40.70577136594));
#1215 = CARTESIAN_POINT('',(51.,-48.5));
#1216 = ( GEOMETRIC_REPRESENTATION_CONTEXT(2) 
PARAMETRIC_REPRESENTATION_CONTEXT() REPRESENTATION_CONTEXT('2D SPACE',''
  ) );
#1217 = PCURVE('',#1218,#1223);
#1218 = CYLINDRICAL_SURFACE('',#1219,4.5);
#1219 = AXIS2_PLACEMENT_3D('',#1220,#1221,#1222);
#1220 = CARTESIAN_POINT('',(46.5,-48.5,-0.2));
#1221 = DIRECTION('',(-0.,-0.,-1.));
#1222 = DIRECTION('',(1.,0.,0.));
#1223 = DEFINITIONAL_REPRESENTATION('',(#1224),#1228);
#1224 = LINE('',#1225,#1226);
#1225 = CARTESIAN_POINT('',(-6.28318530718,-0.2));
#1226 = VECTOR('',#1227,1.);
#1227 = DIRECTION('',(1.,-0.));
#1228 = ( GEOMETRIC_REPRESENTATION_CONTEXT(2) 
PARAMETRIC_REPRESENTATION_CONTEXT() REPRESENTATION_CONTEXT('2D SPACE',''
  ) );
#1229 = FACE_BOUND('',#1230,.F.);
#1230 = EDGE_LOOP('',(#1231,#1232,#1233,#1256,#1280,#1308,#1341,#1368,
    #1401,#1429,#1458,#1479));
#1231 = ORIENTED_EDGE('',*,*,#142,.F.);
#1232 = ORIENTED_EDGE('',*,*,#171,.T.);
#1233 = ORIENTED_EDGE('',*,*,#1234,.T.);
#1234 = EDGE_CURVE('',#172,#1235,#1237,.T.);
#1235 = VERTEX_POINT('',#1236);
#1236 = CARTESIAN_POINT('',(-46.9646004006,-45.23453718694,0.));
#1237 = SURFACE_CURVE('',#1238,(#1242,#1249),.PCURVE_S1.);
#1238 = LINE('',#1239,#1240);
#1239 = CARTESIAN_POINT('',(-36.56966065782,-35.3282484577,0.));
#1240 = VECTOR('',#1241,1.);
#1241 = DIRECTION('',(-0.723917180764,-0.689886885942,0.));
#1242 = PCURVE('',#156,#1243);
#1243 = DEFINITIONAL_REPRESENTATION('',(#1244),#1248);
#1244 = LINE('',#1245,#1246);
#1245 = CARTESIAN_POINT('',(-36.56966065782,-35.3282484577));
#1246 = VECTOR('',#1247,1.);
#1247 = DIRECTION('',(-0.723917180764,-0.689886885942));
#1248 = ( GEOMETRIC_REPRESENTATION_CONTEXT(2) 
PARAMETRIC_REPRESENTATION_CONTEXT() REPRESENTATION_CONTEXT('2D SPACE',''
  ) );
#1249 = PCURVE('',#233,#1250);
#1250 = DEFINITIONAL_REPRESENTATION('',(#1251),#1255);
#1251 = LINE('',#1252,#1253);
#1252 = CARTESIAN_POINT('',(0.,0.));
#1253 = VECTOR('',#1254,1.);
#1254 = DIRECTION('',(0.,1.));
#1255 = ( GEOMETRIC_REPRESENTATION_CONTEXT(2) 
PARAMETRIC_REPRESENTATION_CONTEXT() REPRESENTATION_CONTEXT('2D SPACE',''
  ) );
#1256 = ORIENTED_EDGE('',*,*,#1257,.T.);
#1257 = EDGE_CURVE('',#1235,#1258,#1260,.T.);
#1258 = VERTEX_POINT('',#1259);
#1259 = CARTESIAN_POINT('',(-48.95,-50.81506350946,0.));
#1260 = SURFACE_CURVE('',#1261,(#1266,#1273),.PCURVE_S1.);
#1261 = CIRCLE('',#1262,3.5);
#1262 = AXIS2_PLACEMENT_3D('',#1263,#1264,#1265);
#1263 = CARTESIAN_POINT('',(-46.2,-48.65,0.));
#1264 = DIRECTION('',(0.,0.,1.));
#1265 = DIRECTION('',(1.,0.,0.));
#1266 = PCURVE('',#156,#1267);
#1267 = DEFINITIONAL_REPRESENTATION('',(#1268),#1272);
#1268 = CIRCLE('',#1269,3.5);
#1269 = AXIS2_PLACEMENT_2D('',#1270,#1271);
#1270 = CARTESIAN_POINT('',(-46.2,-48.65));
#1271 = DIRECTION('',(1.,0.));
#1272 = ( GEOMETRIC_REPRESENTATION_CONTEXT(2) 
PARAMETRIC_REPRESENTATION_CONTEXT() REPRESENTATION_CONTEXT('2D SPACE',''
  ) );
#1273 = PCURVE('',#600,#1274);
#1274 = DEFINITIONAL_REPRESENTATION('',(#1275),#1279);
#1275 = LINE('',#1276,#1277);
#1276 = CARTESIAN_POINT('',(-0.,0.));
#1277 = VECTOR('',#1278,1.);
#1278 = DIRECTION('',(-1.,0.));
#1279 = ( GEOMETRIC_REPRESENTATION_CONTEXT(2) 
PARAMETRIC_REPRESENTATION_CONTEXT() REPRESENTATION_CONTEXT('2D SPACE',''
  ) );
#1280 = ORIENTED_EDGE('',*,*,#1281,.T.);
#1281 = EDGE_CURVE('',#1258,#1282,#1284,.T.);
#1282 = VERTEX_POINT('',#1283);
#1283 = CARTESIAN_POINT('',(-48.95,-52.27458607002,0.));
#1284 = SURFACE_CURVE('',#1285,(#1289,#1296),.PCURVE_S1.);
#1285 = LINE('',#1286,#1287);
#1286 = CARTESIAN_POINT('',(-48.95,-48.65,0.));
#1287 = VECTOR('',#1288,1.);
#1288 = DIRECTION('',(1.110223024625E-16,-1.,0.));
#1289 = PCURVE('',#156,#1290);
#1290 = DEFINITIONAL_REPRESENTATION('',(#1291),#1295);
#1291 = LINE('',#1292,#1293);
#1292 = CARTESIAN_POINT('',(-48.95,-48.65));
#1293 = VECTOR('',#1294,1.);
#1294 = DIRECTION('',(1.110223024625E-16,-1.));
#1295 = ( GEOMETRIC_REPRESENTATION_CONTEXT(2) 
PARAMETRIC_REPRESENTATION_CONTEXT() REPRESENTATION_CONTEXT('2D SPACE',''
  ) );
#1296 = PCURVE('',#1297,#1302);
#1297 = PLANE('',#1298);
#1298 = AXIS2_PLACEMENT_3D('',#1299,#1300,#1301);
#1299 = CARTESIAN_POINT('',(-48.95,-48.65,0.));
#1300 = DIRECTION('',(1.,1.110223024625E-16,0.));
#1301 = DIRECTION('',(0.,0.,1.));
#1302 = DEFINITIONAL_REPRESENTATION('',(#1303),#1307);
#1303 = LINE('',#1304,#1305);
#1304 = CARTESIAN_POINT('',(0.,0.));
#1305 = VECTOR('',#1306,1.);
#1306 = DIRECTION('',(0.,1.));
#1307 = ( GEOMETRIC_REPRESENTATION_CONTEXT(2) 
PARAMETRIC_REPRESENTATION_CONTEXT() REPRESENTATION_CONTEXT('2D SPACE',''
  ) );
#1308 = ORIENTED_EDGE('',*,*,#1309,.T.);
#1309 = EDGE_CURVE('',#1282,#1310,#1312,.T.);
#1310 = VERTEX_POINT('',#1311);
#1311 = CARTESIAN_POINT('',(-51.,-48.5,0.));
#1312 = SURFACE_CURVE('',#1313,(#1318,#1329),.PCURVE_S1.);
#1313 = CIRCLE('',#1314,4.5);
#1314 = AXIS2_PLACEMENT_3D('',#1315,#1316,#1317);
#1315 = CARTESIAN_POINT('',(-46.5,-48.5,0.));
#1316 = DIRECTION('',(0.,0.,-1.));
#1317 = DIRECTION('',(1.,0.,0.));
#1318 = PCURVE('',#156,#1319);
#1319 = DEFINITIONAL_REPRESENTATION('',(#1320),#1328);
#1320 = ( BOUNDED_CURVE() B_SPLINE_CURVE(2,(#1321,#1322,#1323,#1324,
#1325,#1326,#1327),.UNSPECIFIED.,.T.,.F.) B_SPLINE_CURVE_WITH_KNOTS((1,2
    ,2,2,2,1),(-2.094395102393,0.,2.094395102393,4.188790204786,
6.28318530718,8.377580409573),.UNSPECIFIED.) CURVE() 
GEOMETRIC_REPRESENTATION_ITEM() RATIONAL_B_SPLINE_CURVE((1.,0.5,1.,0.5,
1.,0.5,1.)) REPRESENTATION_ITEM('') );
#1321 = CARTESIAN_POINT('',(-42.,-48.5));
#1322 = CARTESIAN_POINT('',(-42.,-56.29422863406));
#1323 = CARTESIAN_POINT('',(-48.75,-52.39711431703));
#1324 = CARTESIAN_POINT('',(-55.5,-48.5));
#1325 = CARTESIAN_POINT('',(-48.75,-44.60288568297));
#1326 = CARTESIAN_POINT('',(-42.,-40.70577136594));
#1327 = CARTESIAN_POINT('',(-42.,-48.5));
#1328 = ( GEOMETRIC_REPRESENTATION_CONTEXT(2) 
PARAMETRIC_REPRESENTATION_CONTEXT() REPRESENTATION_CONTEXT('2D SPACE',''
  ) );
#1329 = PCURVE('',#1330,#1335);
#1330 = CYLINDRICAL_SURFACE('',#1331,4.5);
#1331 = AXIS2_PLACEMENT_3D('',#1332,#1333,#1334);
#1332 = CARTESIAN_POINT('',(-46.5,-48.5,-0.2));
#1333 = DIRECTION('',(-0.,-0.,-1.));
#1334 = DIRECTION('',(1.,0.,0.));
#1335 = DEFINITIONAL_REPRESENTATION('',(#1336),#1340);
#1336 = LINE('',#1337,#1338);
#1337 = CARTESIAN_POINT('',(-6.28318530718,-0.2));
#1338 = VECTOR('',#1339,1.);
#1339 = DIRECTION('',(1.,-0.));
#1340 = ( GEOMETRIC_REPRESENTATION_CONTEXT(2) 
PARAMETRIC_REPRESENTATION_CONTEXT() REPRESENTATION_CONTEXT('2D SPACE',''
  ) );
#1341 = ORIENTED_EDGE('',*,*,#1342,.F.);
#1342 = EDGE_CURVE('',#1343,#1310,#1345,.T.);
#1343 = VERTEX_POINT('',#1344);
#1344 = CARTESIAN_POINT('',(-51.,48.5,0.));
#1345 = SURFACE_CURVE('',#1346,(#1350,#1357),.PCURVE_S1.);
#1346 = LINE('',#1347,#1348);
#1347 = CARTESIAN_POINT('',(-51.,-24.25,0.));
#1348 = VECTOR('',#1349,1.);
#1349 = DIRECTION('',(0.,-1.,0.));
#1350 = PCURVE('',#156,#1351);
#1351 = DEFINITIONAL_REPRESENTATION('',(#1352),#1356);
#1352 = LINE('',#1353,#1354);
#1353 = CARTESIAN_POINT('',(-51.,-24.25));
#1354 = VECTOR('',#1355,1.);
#1355 = DIRECTION('',(0.,-1.));
#1356 = ( GEOMETRIC_REPRESENTATION_CONTEXT(2) 
PARAMETRIC_REPRESENTATION_CONTEXT() REPRESENTATION_CONTEXT('2D SPACE',''
  ) );
#1357 = PCURVE('',#1358,#1363);
#1358 = PLANE('',#1359);
#1359 = AXIS2_PLACEMENT_3D('',#1360,#1361,#1362);
#1360 = CARTESIAN_POINT('',(-51.,-48.5,-0.2));
#1361 = DIRECTION('',(-1.,0.,0.));
#1362 = DIRECTION('',(0.,1.,0.));
#1363 = DEFINITIONAL_REPRESENTATION('',(#1364),#1367);
#1364 = B_SPLINE_CURVE_WITH_KNOTS('',1,(#1365,#1366),.UNSPECIFIED.,.F.,
  .F.,(2,2),(-72.75,24.25),.PIECEWISE_BEZIER_KNOTS.);
#1365 = CARTESIAN_POINT('',(97.,-0.2));
#1366 = CARTESIAN_POINT('',(0.,-0.2));
#1367 = ( GEOMETRIC_REPRESENTATION_CONTEXT(2) 
PARAMETRIC_REPRESENTATION_CONTEXT() REPRESENTATION_CONTEXT('2D SPACE',''
  ) );
#1368 = ORIENTED_EDGE('',*,*,#1369,.T.);
#1369 = EDGE_CURVE('',#1343,#1370,#1372,.T.);
#1370 = VERTEX_POINT('',#1371);
#1371 = CARTESIAN_POINT('',(-48.95,52.274586070022,0.));
#1372 = SURFACE_CURVE('',#1373,(#1378,#1389),.PCURVE_S1.);
#1373 = CIRCLE('',#1374,4.5);
#1374 = AXIS2_PLACEMENT_3D('',#1375,#1376,#1377);
#1375 = CARTESIAN_POINT('',(-46.5,48.5,0.));
#1376 = DIRECTION('',(0.,0.,-1.));
#1377 = DIRECTION('',(1.,0.,0.));
#1378 = PCURVE('',#156,#1379);
#1379 = DEFINITIONAL_REPRESENTATION('',(#1380),#1388);
#1380 = ( BOUNDED_CURVE() B_SPLINE_CURVE(2,(#1381,#1382,#1383,#1384,
#1385,#1386,#1387),.UNSPECIFIED.,.T.,.F.) B_SPLINE_CURVE_WITH_KNOTS((1,2
    ,2,2,2,1),(-2.094395102393,0.,2.094395102393,4.188790204786,
6.28318530718,8.377580409573),.UNSPECIFIED.) CURVE() 
GEOMETRIC_REPRESENTATION_ITEM() RATIONAL_B_SPLINE_CURVE((1.,0.5,1.,0.5,
1.,0.5,1.)) REPRESENTATION_ITEM('') );
#1381 = CARTESIAN_POINT('',(-42.,48.5));
#1382 = CARTESIAN_POINT('',(-42.,40.70577136594));
#1383 = CARTESIAN_POINT('',(-48.75,44.60288568297));
#1384 = CARTESIAN_POINT('',(-55.5,48.5));
#1385 = CARTESIAN_POINT('',(-48.75,52.39711431703));
#1386 = CARTESIAN_POINT('',(-42.,56.29422863406));
#1387 = CARTESIAN_POINT('',(-42.,48.5));
#1388 = ( GEOMETRIC_REPRESENTATION_CONTEXT(2) 
PARAMETRIC_REPRESENTATION_CONTEXT() REPRESENTATION_CONTEXT('2D SPACE',''
  ) );
#1389 = PCURVE('',#1390,#1395);
#1390 = CYLINDRICAL_SURFACE('',#1391,4.5);
#1391 = AXIS2_PLACEMENT_3D('',#1392,#1393,#1394);
#1392 = CARTESIAN_POINT('',(-46.5,48.5,-0.2));
#1393 = DIRECTION('',(-0.,-0.,-1.));
#1394 = DIRECTION('',(1.,0.,0.));
#1395 = DEFINITIONAL_REPRESENTATION('',(#1396),#1400);
#1396 = LINE('',#1397,#1398);
#1397 = CARTESIAN_POINT('',(-6.28318530718,-0.2));
#1398 = VECTOR('',#1399,1.);
#1399 = DIRECTION('',(1.,-0.));
#1400 = ( GEOMETRIC_REPRESENTATION_CONTEXT(2) 
PARAMETRIC_REPRESENTATION_CONTEXT() REPRESENTATION_CONTEXT('2D SPACE',''
  ) );
#1401 = ORIENTED_EDGE('',*,*,#1402,.F.);
#1402 = EDGE_CURVE('',#1403,#1370,#1405,.T.);
#1403 = VERTEX_POINT('',#1404);
#1404 = CARTESIAN_POINT('',(-48.95,50.815063509461,0.));
#1405 = SURFACE_CURVE('',#1406,(#1410,#1417),.PCURVE_S1.);
#1406 = LINE('',#1407,#1408);
#1407 = CARTESIAN_POINT('',(-48.95,48.65,0.));
#1408 = VECTOR('',#1409,1.);
#1409 = DIRECTION('',(1.110223024625E-16,1.,0.));
#1410 = PCURVE('',#156,#1411);
#1411 = DEFINITIONAL_REPRESENTATION('',(#1412),#1416);
#1412 = LINE('',#1413,#1414);
#1413 = CARTESIAN_POINT('',(-48.95,48.65));
#1414 = VECTOR('',#1415,1.);
#1415 = DIRECTION('',(1.110223024625E-16,1.));
#1416 = ( GEOMETRIC_REPRESENTATION_CONTEXT(2) 
PARAMETRIC_REPRESENTATION_CONTEXT() REPRESENTATION_CONTEXT('2D SPACE',''
  ) );
#1417 = PCURVE('',#1418,#1423);
#1418 = PLANE('',#1419);
#1419 = AXIS2_PLACEMENT_3D('',#1420,#1421,#1422);
#1420 = CARTESIAN_POINT('',(-48.95,48.65,0.));
#1421 = DIRECTION('',(-1.,1.110223024625E-16,0.));
#1422 = DIRECTION('',(0.,0.,1.));
#1423 = DEFINITIONAL_REPRESENTATION('',(#1424),#1428);
#1424 = LINE('',#1425,#1426);
#1425 = CARTESIAN_POINT('',(0.,0.));
#1426 = VECTOR('',#1427,1.);
#1427 = DIRECTION('',(0.,1.));
#1428 = ( GEOMETRIC_REPRESENTATION_CONTEXT(2) 
PARAMETRIC_REPRESENTATION_CONTEXT() REPRESENTATION_CONTEXT('2D SPACE',''
  ) );
#1429 = ORIENTED_EDGE('',*,*,#1430,.T.);
#1430 = EDGE_CURVE('',#1403,#1431,#1433,.T.);
#1431 = VERTEX_POINT('',#1432);
#1432 = CARTESIAN_POINT('',(-46.9646004006,45.234537186941,0.));
#1433 = SURFACE_CURVE('',#1434,(#1439,#1446),.PCURVE_S1.);
#1434 = CIRCLE('',#1435,3.5);
#1435 = AXIS2_PLACEMENT_3D('',#1436,#1437,#1438);
#1436 = CARTESIAN_POINT('',(-46.2,48.65,0.));
#1437 = DIRECTION('',(0.,0.,1.));
#1438 = DIRECTION('',(1.,0.,0.));
#1439 = PCURVE('',#156,#1440);
#1440 = DEFINITIONAL_REPRESENTATION('',(#1441),#1445);
#1441 = CIRCLE('',#1442,3.5);
#1442 = AXIS2_PLACEMENT_2D('',#1443,#1444);
#1443 = CARTESIAN_POINT('',(-46.2,48.65));
#1444 = DIRECTION('',(1.,0.));
#1445 = ( GEOMETRIC_REPRESENTATION_CONTEXT(2) 
PARAMETRIC_REPRESENTATION_CONTEXT() REPRESENTATION_CONTEXT('2D SPACE',''
  ) );
#1446 = PCURVE('',#1447,#1452);
#1447 = CYLINDRICAL_SURFACE('',#1448,3.5);
#1448 = AXIS2_PLACEMENT_3D('',#1449,#1450,#1451);
#1449 = CARTESIAN_POINT('',(-46.2,48.65,0.));
#1450 = DIRECTION('',(-0.,-0.,-1.));
#1451 = DIRECTION('',(1.,0.,0.));
#1452 = DEFINITIONAL_REPRESENTATION('',(#1453),#1457);
#1453 = LINE('',#1454,#1455);
#1454 = CARTESIAN_POINT('',(-0.,0.));
#1455 = VECTOR('',#1456,1.);
#1456 = DIRECTION('',(-1.,0.));
#1457 = ( GEOMETRIC_REPRESENTATION_CONTEXT(2) 
PARAMETRIC_REPRESENTATION_CONTEXT() REPRESENTATION_CONTEXT('2D SPACE',''
  ) );
#1458 = ORIENTED_EDGE('',*,*,#1459,.F.);
#1459 = EDGE_CURVE('',#248,#1431,#1460,.T.);
#1460 = SURFACE_CURVE('',#1461,(#1465,#1472),.PCURVE_S1.);
#1461 = LINE('',#1462,#1463);
#1462 = CARTESIAN_POINT('',(-36.56966065782,35.328248457708,0.));
#1463 = VECTOR('',#1464,1.);
#1464 = DIRECTION('',(-0.723917180764,0.689886885942,0.));
#1465 = PCURVE('',#156,#1466);
#1466 = DEFINITIONAL_REPRESENTATION('',(#1467),#1471);
#1467 = LINE('',#1468,#1469);
#1468 = CARTESIAN_POINT('',(-36.56966065782,35.328248457708));
#1469 = VECTOR('',#1470,1.);
#1470 = DIRECTION('',(-0.723917180764,0.689886885942));
#1471 = ( GEOMETRIC_REPRESENTATION_CONTEXT(2) 
PARAMETRIC_REPRESENTATION_CONTEXT() REPRESENTATION_CONTEXT('2D SPACE',''
  ) );
#1472 = PCURVE('',#286,#1473);
#1473 = DEFINITIONAL_REPRESENTATION('',(#1474),#1478);
#1474 = LINE('',#1475,#1476);
#1475 = CARTESIAN_POINT('',(0.,0.));
#1476 = VECTOR('',#1477,1.);
#1477 = DIRECTION('',(0.,1.));
#1478 = ( GEOMETRIC_REPRESENTATION_CONTEXT(2) 
PARAMETRIC_REPRESENTATION_CONTEXT() REPRESENTATION_CONTEXT('2D SPACE',''
  ) );
#1479 = ORIENTED_EDGE('',*,*,#247,.T.);
#1480 = FACE_BOUND('',#1481,.F.);
#1481 = EDGE_LOOP('',(#1482,#1512,#1536,#1564,#1593,#1621,#1650,#1678,
    #1702,#1730));
#1482 = ORIENTED_EDGE('',*,*,#1483,.F.);
#1483 = EDGE_CURVE('',#1484,#1486,#1488,.T.);
#1484 = VERTEX_POINT('',#1485);
#1485 = CARTESIAN_POINT('',(43.45,50.815063509461,0.));
#1486 = VERTEX_POINT('',#1487);
#1487 = CARTESIAN_POINT('',(43.45,53.,0.));
#1488 = SURFACE_CURVE('',#1489,(#1493,#1500),.PCURVE_S1.);
#1489 = LINE('',#1490,#1491);
#1490 = CARTESIAN_POINT('',(43.45,48.65,0.));
#1491 = VECTOR('',#1492,1.);
#1492 = DIRECTION('',(1.110223024625E-16,1.,0.));
#1493 = PCURVE('',#156,#1494);
#1494 = DEFINITIONAL_REPRESENTATION('',(#1495),#1499);
#1495 = LINE('',#1496,#1497);
#1496 = CARTESIAN_POINT('',(43.45,48.65));
#1497 = VECTOR('',#1498,1.);
#1498 = DIRECTION('',(1.110223024625E-16,1.));
#1499 = ( GEOMETRIC_REPRESENTATION_CONTEXT(2) 
PARAMETRIC_REPRESENTATION_CONTEXT() REPRESENTATION_CONTEXT('2D SPACE',''
  ) );
#1500 = PCURVE('',#1501,#1506);
#1501 = PLANE('',#1502);
#1502 = AXIS2_PLACEMENT_3D('',#1503,#1504,#1505);
#1503 = CARTESIAN_POINT('',(43.45,48.65,0.));
#1504 = DIRECTION('',(-1.,1.110223024625E-16,0.));
#1505 = DIRECTION('',(0.,0.,1.));
#1506 = DEFINITIONAL_REPRESENTATION('',(#1507),#1511);
#1507 = LINE('',#1508,#1509);
#1508 = CARTESIAN_POINT('',(0.,0.));
#1509 = VECTOR('',#1510,1.);
#1510 = DIRECTION('',(0.,1.));
#1511 = ( GEOMETRIC_REPRESENTATION_CONTEXT(2) 
PARAMETRIC_REPRESENTATION_CONTEXT() REPRESENTATION_CONTEXT('2D SPACE',''
  ) );
#1512 = ORIENTED_EDGE('',*,*,#1513,.T.);
#1513 = EDGE_CURVE('',#1484,#1514,#1516,.T.);
#1514 = VERTEX_POINT('',#1515);
#1515 = CARTESIAN_POINT('',(42.825279084957,49.578040271526,0.));
#1516 = SURFACE_CURVE('',#1517,(#1522,#1529),.PCURVE_S1.);
#1517 = CIRCLE('',#1518,3.5);
#1518 = AXIS2_PLACEMENT_3D('',#1519,#1520,#1521);
#1519 = CARTESIAN_POINT('',(46.2,48.65,0.));
#1520 = DIRECTION('',(0.,0.,1.));
#1521 = DIRECTION('',(1.,0.,0.));
#1522 = PCURVE('',#156,#1523);
#1523 = DEFINITIONAL_REPRESENTATION('',(#1524),#1528);
#1524 = CIRCLE('',#1525,3.5);
#1525 = AXIS2_PLACEMENT_2D('',#1526,#1527);
#1526 = CARTESIAN_POINT('',(46.2,48.65));
#1527 = DIRECTION('',(1.,0.));
#1528 = ( GEOMETRIC_REPRESENTATION_CONTEXT(2) 
PARAMETRIC_REPRESENTATION_CONTEXT() REPRESENTATION_CONTEXT('2D SPACE',''
  ) );
#1529 = PCURVE('',#1075,#1530);
#1530 = DEFINITIONAL_REPRESENTATION('',(#1531),#1535);
#1531 = LINE('',#1532,#1533);
#1532 = CARTESIAN_POINT('',(-0.,0.));
#1533 = VECTOR('',#1534,1.);
#1534 = DIRECTION('',(-1.,0.));
#1535 = ( GEOMETRIC_REPRESENTATION_CONTEXT(2) 
PARAMETRIC_REPRESENTATION_CONTEXT() REPRESENTATION_CONTEXT('2D SPACE',''
  ) );
#1536 = ORIENTED_EDGE('',*,*,#1537,.F.);
#1537 = EDGE_CURVE('',#1538,#1514,#1540,.T.);
#1538 = VERTEX_POINT('',#1539);
#1539 = CARTESIAN_POINT('',(32.720084445726,39.947876149523,0.));
#1540 = SURFACE_CURVE('',#1541,(#1545,#1552),.PCURVE_S1.);
#1541 = LINE('',#1542,#1543);
#1542 = CARTESIAN_POINT('',(32.430339342174,39.671751542292,0.));
#1543 = VECTOR('',#1544,1.);
#1544 = DIRECTION('',(0.723917180764,0.689886885942,0.));
#1545 = PCURVE('',#156,#1546);
#1546 = DEFINITIONAL_REPRESENTATION('',(#1547),#1551);
#1547 = LINE('',#1548,#1549);
#1548 = CARTESIAN_POINT('',(32.430339342174,39.671751542292));
#1549 = VECTOR('',#1550,1.);
#1550 = DIRECTION('',(0.723917180764,0.689886885942));
#1551 = ( GEOMETRIC_REPRESENTATION_CONTEXT(2) 
PARAMETRIC_REPRESENTATION_CONTEXT() REPRESENTATION_CONTEXT('2D SPACE',''
  ) );
#1552 = PCURVE('',#1553,#1558);
#1553 = PLANE('',#1554);
#1554 = AXIS2_PLACEMENT_3D('',#1555,#1556,#1557);
#1555 = CARTESIAN_POINT('',(32.430339342174,39.671751542292,0.));
#1556 = DIRECTION('',(-0.689886885942,0.723917180764,0.));
#1557 = DIRECTION('',(0.,0.,1.));
#1558 = DEFINITIONAL_REPRESENTATION('',(#1559),#1563);
#1559 = LINE('',#1560,#1561);
#1560 = CARTESIAN_POINT('',(0.,0.));
#1561 = VECTOR('',#1562,1.);
#1562 = DIRECTION('',(0.,1.));
#1563 = ( GEOMETRIC_REPRESENTATION_CONTEXT(2) 
PARAMETRIC_REPRESENTATION_CONTEXT() REPRESENTATION_CONTEXT('2D SPACE',''
  ) );
#1564 = ORIENTED_EDGE('',*,*,#1565,.T.);
#1565 = EDGE_CURVE('',#1538,#1566,#1568,.T.);
#1566 = VERTEX_POINT('',#1567);
#1567 = CARTESIAN_POINT('',(32.,40.,0.));
#1568 = SURFACE_CURVE('',#1569,(#1574,#1581),.PCURVE_S1.);
#1569 = CIRCLE('',#1570,5.);
#1570 = AXIS2_PLACEMENT_3D('',#1571,#1572,#1573);
#1571 = CARTESIAN_POINT('',(32.,35.,0.));
#1572 = DIRECTION('',(0.,0.,1.));
#1573 = DIRECTION('',(1.,0.,0.));
#1574 = PCURVE('',#156,#1575);
#1575 = DEFINITIONAL_REPRESENTATION('',(#1576),#1580);
#1576 = CIRCLE('',#1577,5.);
#1577 = AXIS2_PLACEMENT_2D('',#1578,#1579);
#1578 = CARTESIAN_POINT('',(32.,35.));
#1579 = DIRECTION('',(1.,0.));
#1580 = ( GEOMETRIC_REPRESENTATION_CONTEXT(2) 
PARAMETRIC_REPRESENTATION_CONTEXT() REPRESENTATION_CONTEXT('2D SPACE',''
  ) );
#1581 = PCURVE('',#1582,#1587);
#1582 = CYLINDRICAL_SURFACE('',#1583,5.);
#1583 = AXIS2_PLACEMENT_3D('',#1584,#1585,#1586);
#1584 = CARTESIAN_POINT('',(32.,35.,0.));
#1585 = DIRECTION('',(-0.,-0.,-1.));
#1586 = DIRECTION('',(1.,0.,0.));
#1587 = DEFINITIONAL_REPRESENTATION('',(#1588),#1592);
#1588 = LINE('',#1589,#1590);
#1589 = CARTESIAN_POINT('',(-0.,0.));
#1590 = VECTOR('',#1591,1.);
#1591 = DIRECTION('',(-1.,0.));
#1592 = ( GEOMETRIC_REPRESENTATION_CONTEXT(2) 
PARAMETRIC_REPRESENTATION_CONTEXT() REPRESENTATION_CONTEXT('2D SPACE',''
  ) );
#1593 = ORIENTED_EDGE('',*,*,#1594,.F.);
#1594 = EDGE_CURVE('',#1595,#1566,#1597,.T.);
#1595 = VERTEX_POINT('',#1596);
#1596 = CARTESIAN_POINT('',(-32.,40.,0.));
#1597 = SURFACE_CURVE('',#1598,(#1602,#1609),.PCURVE_S1.);
#1598 = LINE('',#1599,#1600);
#1599 = CARTESIAN_POINT('',(0.,40.,0.));
#1600 = VECTOR('',#1601,1.);
#1601 = DIRECTION('',(1.,0.,0.));
#1602 = PCURVE('',#156,#1603);
#1603 = DEFINITIONAL_REPRESENTATION('',(#1604),#1608);
#1604 = LINE('',#1605,#1606);
#1605 = CARTESIAN_POINT('',(0.,40.));
#1606 = VECTOR('',#1607,1.);
#1607 = DIRECTION('',(1.,0.));
#1608 = ( GEOMETRIC_REPRESENTATION_CONTEXT(2) 
PARAMETRIC_REPRESENTATION_CONTEXT() REPRESENTATION_CONTEXT('2D SPACE',''
  ) );
#1609 = PCURVE('',#1610,#1615);
#1610 = PLANE('',#1611);
#1611 = AXIS2_PLACEMENT_3D('',#1612,#1613,#1614);
#1612 = CARTESIAN_POINT('',(-32.,40.,0.));
#1613 = DIRECTION('',(0.,1.,0.));
#1614 = DIRECTION('',(1.,0.,0.));
#1615 = DEFINITIONAL_REPRESENTATION('',(#1616),#1620);
#1616 = LINE('',#1617,#1618);
#1617 = CARTESIAN_POINT('',(32.,0.));
#1618 = VECTOR('',#1619,1.);
#1619 = DIRECTION('',(1.,0.));
#1620 = ( GEOMETRIC_REPRESENTATION_CONTEXT(2) 
PARAMETRIC_REPRESENTATION_CONTEXT() REPRESENTATION_CONTEXT('2D SPACE',''
  ) );
#1621 = ORIENTED_EDGE('',*,*,#1622,.T.);
#1622 = EDGE_CURVE('',#1595,#1623,#1625,.T.);
#1623 = VERTEX_POINT('',#1624);
#1624 = CARTESIAN_POINT('',(-32.72008444572,39.947876149523,0.));
#1625 = SURFACE_CURVE('',#1626,(#1631,#1638),.PCURVE_S1.);
#1626 = CIRCLE('',#1627,5.);
#1627 = AXIS2_PLACEMENT_3D('',#1628,#1629,#1630);
#1628 = CARTESIAN_POINT('',(-32.,35.,0.));
#1629 = DIRECTION('',(0.,0.,1.));
#1630 = DIRECTION('',(1.,0.,0.));
#1631 = PCURVE('',#156,#1632);
#1632 = DEFINITIONAL_REPRESENTATION('',(#1633),#1637);
#1633 = CIRCLE('',#1634,5.);
#1634 = AXIS2_PLACEMENT_2D('',#1635,#1636);
#1635 = CARTESIAN_POINT('',(-32.,35.));
#1636 = DIRECTION('',(1.,0.));
#1637 = ( GEOMETRIC_REPRESENTATION_CONTEXT(2) 
PARAMETRIC_REPRESENTATION_CONTEXT() REPRESENTATION_CONTEXT('2D SPACE',''
  ) );
#1638 = PCURVE('',#1639,#1644);
#1639 = CYLINDRICAL_SURFACE('',#1640,5.);
#1640 = AXIS2_PLACEMENT_3D('',#1641,#1642,#1643);
#1641 = CARTESIAN_POINT('',(-32.,35.,0.));
#1642 = DIRECTION('',(-0.,-0.,-1.));
#1643 = DIRECTION('',(1.,0.,0.));
#1644 = DEFINITIONAL_REPRESENTATION('',(#1645),#1649);
#1645 = LINE('',#1646,#1647);
#1646 = CARTESIAN_POINT('',(-0.,0.));
#1647 = VECTOR('',#1648,1.);
#1648 = DIRECTION('',(-1.,0.));
#1649 = ( GEOMETRIC_REPRESENTATION_CONTEXT(2) 
PARAMETRIC_REPRESENTATION_CONTEXT() REPRESENTATION_CONTEXT('2D SPACE',''
  ) );
#1650 = ORIENTED_EDGE('',*,*,#1651,.T.);
#1651 = EDGE_CURVE('',#1623,#1652,#1654,.T.);
#1652 = VERTEX_POINT('',#1653);
#1653 = CARTESIAN_POINT('',(-42.82527908495,49.578040271526,0.));
#1654 = SURFACE_CURVE('',#1655,(#1659,#1666),.PCURVE_S1.);
#1655 = LINE('',#1656,#1657);
#1656 = CARTESIAN_POINT('',(-32.43033934217,39.671751542292,0.));
#1657 = VECTOR('',#1658,1.);
#1658 = DIRECTION('',(-0.723917180764,0.689886885942,0.));
#1659 = PCURVE('',#156,#1660);
#1660 = DEFINITIONAL_REPRESENTATION('',(#1661),#1665);
#1661 = LINE('',#1662,#1663);
#1662 = CARTESIAN_POINT('',(-32.43033934217,39.671751542292));
#1663 = VECTOR('',#1664,1.);
#1664 = DIRECTION('',(-0.723917180764,0.689886885942));
#1665 = ( GEOMETRIC_REPRESENTATION_CONTEXT(2) 
PARAMETRIC_REPRESENTATION_CONTEXT() REPRESENTATION_CONTEXT('2D SPACE',''
  ) );
#1666 = PCURVE('',#1667,#1672);
#1667 = PLANE('',#1668);
#1668 = AXIS2_PLACEMENT_3D('',#1669,#1670,#1671);
#1669 = CARTESIAN_POINT('',(-32.43033934217,39.671751542292,0.));
#1670 = DIRECTION('',(-0.689886885942,-0.723917180764,0.));
#1671 = DIRECTION('',(0.,0.,1.));
#1672 = DEFINITIONAL_REPRESENTATION('',(#1673),#1677);
#1673 = LINE('',#1674,#1675);
#1674 = CARTESIAN_POINT('',(0.,0.));
#1675 = VECTOR('',#1676,1.);
#1676 = DIRECTION('',(0.,1.));
#1677 = ( GEOMETRIC_REPRESENTATION_CONTEXT(2) 
PARAMETRIC_REPRESENTATION_CONTEXT() REPRESENTATION_CONTEXT('2D SPACE',''
  ) );
#1678 = ORIENTED_EDGE('',*,*,#1679,.T.);
#1679 = EDGE_CURVE('',#1652,#1680,#1682,.T.);
#1680 = VERTEX_POINT('',#1681);
#1681 = CARTESIAN_POINT('',(-43.45,50.815063509461,0.));
#1682 = SURFACE_CURVE('',#1683,(#1688,#1695),.PCURVE_S1.);
#1683 = CIRCLE('',#1684,3.5);
#1684 = AXIS2_PLACEMENT_3D('',#1685,#1686,#1687);
#1685 = CARTESIAN_POINT('',(-46.2,48.65,0.));
#1686 = DIRECTION('',(0.,0.,1.));
#1687 = DIRECTION('',(1.,0.,0.));
#1688 = PCURVE('',#156,#1689);
#1689 = DEFINITIONAL_REPRESENTATION('',(#1690),#1694);
#1690 = CIRCLE('',#1691,3.5);
#1691 = AXIS2_PLACEMENT_2D('',#1692,#1693);
#1692 = CARTESIAN_POINT('',(-46.2,48.65));
#1693 = DIRECTION('',(1.,0.));
#1694 = ( GEOMETRIC_REPRESENTATION_CONTEXT(2) 
PARAMETRIC_REPRESENTATION_CONTEXT() REPRESENTATION_CONTEXT('2D SPACE',''
  ) );
#1695 = PCURVE('',#1447,#1696);
#1696 = DEFINITIONAL_REPRESENTATION('',(#1697),#1701);
#1697 = LINE('',#1698,#1699);
#1698 = CARTESIAN_POINT('',(-0.,0.));
#1699 = VECTOR('',#1700,1.);
#1700 = DIRECTION('',(-1.,0.));
#1701 = ( GEOMETRIC_REPRESENTATION_CONTEXT(2) 
PARAMETRIC_REPRESENTATION_CONTEXT() REPRESENTATION_CONTEXT('2D SPACE',''
  ) );
#1702 = ORIENTED_EDGE('',*,*,#1703,.T.);
#1703 = EDGE_CURVE('',#1680,#1704,#1706,.T.);
#1704 = VERTEX_POINT('',#1705);
#1705 = CARTESIAN_POINT('',(-43.45,53.,0.));
#1706 = SURFACE_CURVE('',#1707,(#1711,#1718),.PCURVE_S1.);
#1707 = LINE('',#1708,#1709);
#1708 = CARTESIAN_POINT('',(-43.45,48.65,0.));
#1709 = VECTOR('',#1710,1.);
#1710 = DIRECTION('',(1.110223024625E-16,1.,0.));
#1711 = PCURVE('',#156,#1712);
#1712 = DEFINITIONAL_REPRESENTATION('',(#1713),#1717);
#1713 = LINE('',#1714,#1715);
#1714 = CARTESIAN_POINT('',(-43.45,48.65));
#1715 = VECTOR('',#1716,1.);
#1716 = DIRECTION('',(1.110223024625E-16,1.));
#1717 = ( GEOMETRIC_REPRESENTATION_CONTEXT(2) 
PARAMETRIC_REPRESENTATION_CONTEXT() REPRESENTATION_CONTEXT('2D SPACE',''
  ) );
#1718 = PCURVE('',#1719,#1724);
#1719 = PLANE('',#1720);
#1720 = AXIS2_PLACEMENT_3D('',#1721,#1722,#1723);
#1721 = CARTESIAN_POINT('',(-43.45,48.65,0.));
#1722 = DIRECTION('',(-1.,1.110223024625E-16,0.));
#1723 = DIRECTION('',(0.,0.,1.));
#1724 = DEFINITIONAL_REPRESENTATION('',(#1725),#1729);
#1725 = LINE('',#1726,#1727);
#1726 = CARTESIAN_POINT('',(0.,0.));
#1727 = VECTOR('',#1728,1.);
#1728 = DIRECTION('',(0.,1.));
#1729 = ( GEOMETRIC_REPRESENTATION_CONTEXT(2) 
PARAMETRIC_REPRESENTATION_CONTEXT() REPRESENTATION_CONTEXT('2D SPACE',''
  ) );
#1730 = ORIENTED_EDGE('',*,*,#1731,.F.);
#1731 = EDGE_CURVE('',#1486,#1704,#1732,.T.);
#1732 = SURFACE_CURVE('',#1733,(#1737,#1744),.PCURVE_S1.);
#1733 = LINE('',#1734,#1735);
#1734 = CARTESIAN_POINT('',(-23.25,53.,0.));
#1735 = VECTOR('',#1736,1.);
#1736 = DIRECTION('',(-1.,0.,0.));
#1737 = PCURVE('',#156,#1738);
#1738 = DEFINITIONAL_REPRESENTATION('',(#1739),#1743);
#1739 = LINE('',#1740,#1741);
#1740 = CARTESIAN_POINT('',(-23.25,53.));
#1741 = VECTOR('',#1742,1.);
#1742 = DIRECTION('',(-1.,0.));
#1743 = ( GEOMETRIC_REPRESENTATION_CONTEXT(2) 
PARAMETRIC_REPRESENTATION_CONTEXT() REPRESENTATION_CONTEXT('2D SPACE',''
  ) );
#1744 = PCURVE('',#1745,#1750);
#1745 = PLANE('',#1746);
#1746 = AXIS2_PLACEMENT_3D('',#1747,#1748,#1749);
#1747 = CARTESIAN_POINT('',(-46.5,53.,-0.2));
#1748 = DIRECTION('',(0.,1.,0.));
#1749 = DIRECTION('',(1.,0.,0.));
#1750 = DEFINITIONAL_REPRESENTATION('',(#1751),#1754);
#1751 = B_SPLINE_CURVE_WITH_KNOTS('',1,(#1752,#1753),.UNSPECIFIED.,.F.,
  .F.,(2,2),(-69.75,23.25),.PIECEWISE_BEZIER_KNOTS.);
#1752 = CARTESIAN_POINT('',(93.,-0.2));
#1753 = CARTESIAN_POINT('',(0.,-0.2));
#1754 = ( GEOMETRIC_REPRESENTATION_CONTEXT(2) 
PARAMETRIC_REPRESENTATION_CONTEXT() REPRESENTATION_CONTEXT('2D SPACE',''
  ) );
#1755 = ADVANCED_FACE('',(#1756),#102,.T.);
#1756 = FACE_BOUND('',#1757,.T.);
#1757 = EDGE_LOOP('',(#1758,#1759,#1760,#1781,#1807,#1828,#1852,#1875,
    #1899,#1920,#1946,#1967,#1991,#2014,#2038,#2059,#2085,#2106,#2130,
    #2153,#2177,#2198,#2224,#2243));
#1758 = ORIENTED_EDGE('',*,*,#86,.F.);
#1759 = ORIENTED_EDGE('',*,*,#196,.T.);
#1760 = ORIENTED_EDGE('',*,*,#1761,.T.);
#1761 = EDGE_CURVE('',#197,#1762,#1764,.T.);
#1762 = VERTEX_POINT('',#1763);
#1763 = CARTESIAN_POINT('',(-36.56966065782,-35.3282484577,1.));
#1764 = SURFACE_CURVE('',#1765,(#1769,#1775),.PCURVE_S1.);
#1765 = LINE('',#1766,#1767);
#1766 = CARTESIAN_POINT('',(-18.16555001993,-17.78928831988,1.));
#1767 = VECTOR('',#1768,1.);
#1768 = DIRECTION('',(0.723917180764,0.689886885942,-0.));
#1769 = PCURVE('',#102,#1770);
#1770 = DEFINITIONAL_REPRESENTATION('',(#1771),#1774);
#1771 = B_SPLINE_CURVE_WITH_KNOTS('',1,(#1772,#1773),.UNSPECIFIED.,.F.,
  .F.,(2,2),(-26.01740983711,-25.42295047959),.PIECEWISE_BEZIER_KNOTS.);
#1772 = CARTESIAN_POINT('',(-37.,-35.73835817268));
#1773 = CARTESIAN_POINT('',(-36.56966065782,-35.3282484577));
#1774 = ( GEOMETRIC_REPRESENTATION_CONTEXT(2) 
PARAMETRIC_REPRESENTATION_CONTEXT() REPRESENTATION_CONTEXT('2D SPACE',''
  ) );
#1775 = PCURVE('',#233,#1776);
#1776 = DEFINITIONAL_REPRESENTATION('',(#1777),#1780);
#1777 = B_SPLINE_CURVE_WITH_KNOTS('',1,(#1778,#1779),.UNSPECIFIED.,.F.,
  .F.,(2,2),(-26.01740983711,-25.42295047959),.PIECEWISE_BEZIER_KNOTS.);
#1778 = CARTESIAN_POINT('',(1.,0.59445935752));
#1779 = CARTESIAN_POINT('',(1.,0.));
#1780 = ( GEOMETRIC_REPRESENTATION_CONTEXT(2) 
PARAMETRIC_REPRESENTATION_CONTEXT() REPRESENTATION_CONTEXT('2D SPACE',''
  ) );
#1781 = ORIENTED_EDGE('',*,*,#1782,.T.);
#1782 = EDGE_CURVE('',#1762,#1783,#1785,.T.);
#1783 = VERTEX_POINT('',#1784);
#1784 = CARTESIAN_POINT('',(-32.43033934217,-39.67175154229,1.));
#1785 = SURFACE_CURVE('',#1786,(#1790,#1796),.PCURVE_S1.);
#1786 = LINE('',#1787,#1788);
#1787 = CARTESIAN_POINT('',(-36.6889409668,-35.20308436667,1.));
#1788 = VECTOR('',#1789,1.);
#1789 = DIRECTION('',(0.689886885942,-0.723917180764,0.));
#1790 = PCURVE('',#102,#1791);
#1791 = DEFINITIONAL_REPRESENTATION('',(#1792),#1795);
#1792 = B_SPLINE_CURVE_WITH_KNOTS('',1,(#1793,#1794),.UNSPECIFIED.,.F.,
  .F.,(2,2),(0.17289835683,6.17289835683),.PIECEWISE_BEZIER_KNOTS.);
#1793 = CARTESIAN_POINT('',(-36.56966065782,-35.3282484577));
#1794 = CARTESIAN_POINT('',(-32.43033934217,-39.67175154229));
#1795 = ( GEOMETRIC_REPRESENTATION_CONTEXT(2) 
PARAMETRIC_REPRESENTATION_CONTEXT() REPRESENTATION_CONTEXT('2D SPACE',''
  ) );
#1796 = PCURVE('',#1797,#1802);
#1797 = PLANE('',#1798);
#1798 = AXIS2_PLACEMENT_3D('',#1799,#1800,#1801);
#1799 = CARTESIAN_POINT('',(-36.56966065782,-35.3282484577,0.));
#1800 = DIRECTION('',(-0.723917180764,-0.689886885942,0.));
#1801 = DIRECTION('',(0.,0.,1.));
#1802 = DEFINITIONAL_REPRESENTATION('',(#1803),#1806);
#1803 = B_SPLINE_CURVE_WITH_KNOTS('',1,(#1804,#1805),.UNSPECIFIED.,.F.,
  .F.,(2,2),(0.17289835683,6.17289835683),.PIECEWISE_BEZIER_KNOTS.);
#1804 = CARTESIAN_POINT('',(1.,0.));
#1805 = CARTESIAN_POINT('',(1.,-6.));
#1806 = ( GEOMETRIC_REPRESENTATION_CONTEXT(2) 
PARAMETRIC_REPRESENTATION_CONTEXT() REPRESENTATION_CONTEXT('2D SPACE',''
  ) );
#1807 = ORIENTED_EDGE('',*,*,#1808,.F.);
#1808 = EDGE_CURVE('',#1809,#1783,#1811,.T.);
#1809 = VERTEX_POINT('',#1810);
#1810 = CARTESIAN_POINT('',(-32.72008444572,-39.94787614952,1.));
#1811 = SURFACE_CURVE('',#1812,(#1816,#1822),.PCURVE_S1.);
#1812 = LINE('',#1813,#1814);
#1813 = CARTESIAN_POINT('',(-14.02622870428,-22.13279140447,1.));
#1814 = VECTOR('',#1815,1.);
#1815 = DIRECTION('',(0.723917180764,0.689886885942,-0.));
#1816 = PCURVE('',#102,#1817);
#1817 = DEFINITIONAL_REPRESENTATION('',(#1818),#1821);
#1818 = B_SPLINE_CURVE_WITH_KNOTS('',1,(#1819,#1820),.UNSPECIFIED.,.F.,
  .F.,(2,2),(-25.89875088165,-25.42295047959),.PIECEWISE_BEZIER_KNOTS.);
#1819 = CARTESIAN_POINT('',(-32.77477942784,-40.));
#1820 = CARTESIAN_POINT('',(-32.43033934217,-39.67175154229));
#1821 = ( GEOMETRIC_REPRESENTATION_CONTEXT(2) 
PARAMETRIC_REPRESENTATION_CONTEXT() REPRESENTATION_CONTEXT('2D SPACE',''
  ) );
#1822 = PCURVE('',#628,#1823);
#1823 = DEFINITIONAL_REPRESENTATION('',(#1824),#1827);
#1824 = B_SPLINE_CURVE_WITH_KNOTS('',1,(#1825,#1826),.UNSPECIFIED.,.F.,
  .F.,(2,2),(-25.89875088165,-25.42295047959),.PIECEWISE_BEZIER_KNOTS.);
#1825 = CARTESIAN_POINT('',(1.,0.475800402061));
#1826 = CARTESIAN_POINT('',(1.,0.));
#1827 = ( GEOMETRIC_REPRESENTATION_CONTEXT(2) 
PARAMETRIC_REPRESENTATION_CONTEXT() REPRESENTATION_CONTEXT('2D SPACE',''
  ) );
#1828 = ORIENTED_EDGE('',*,*,#1829,.T.);
#1829 = EDGE_CURVE('',#1809,#1830,#1832,.T.);
#1830 = VERTEX_POINT('',#1831);
#1831 = CARTESIAN_POINT('',(-32.,-40.,1.));
#1832 = SURFACE_CURVE('',#1833,(#1838,#1845),.PCURVE_S1.);
#1833 = CIRCLE('',#1834,5.);
#1834 = AXIS2_PLACEMENT_3D('',#1835,#1836,#1837);
#1835 = CARTESIAN_POINT('',(-32.,-35.,1.));
#1836 = DIRECTION('',(0.,0.,1.));
#1837 = DIRECTION('',(1.,0.,0.));
#1838 = PCURVE('',#102,#1839);
#1839 = DEFINITIONAL_REPRESENTATION('',(#1840),#1844);
#1840 = CIRCLE('',#1841,5.);
#1841 = AXIS2_PLACEMENT_2D('',#1842,#1843);
#1842 = CARTESIAN_POINT('',(-32.,-35.));
#1843 = DIRECTION('',(1.,0.));
#1844 = ( GEOMETRIC_REPRESENTATION_CONTEXT(2) 
PARAMETRIC_REPRESENTATION_CONTEXT() REPRESENTATION_CONTEXT('2D SPACE',''
  ) );
#1845 = PCURVE('',#657,#1846);
#1846 = DEFINITIONAL_REPRESENTATION('',(#1847),#1851);
#1847 = LINE('',#1848,#1849);
#1848 = CARTESIAN_POINT('',(-0.,-1.));
#1849 = VECTOR('',#1850,1.);
#1850 = DIRECTION('',(-1.,0.));
#1851 = ( GEOMETRIC_REPRESENTATION_CONTEXT(2) 
PARAMETRIC_REPRESENTATION_CONTEXT() REPRESENTATION_CONTEXT('2D SPACE',''
  ) );
#1852 = ORIENTED_EDGE('',*,*,#1853,.T.);
#1853 = EDGE_CURVE('',#1830,#1854,#1856,.T.);
#1854 = VERTEX_POINT('',#1855);
#1855 = CARTESIAN_POINT('',(32.,-40.,1.));
#1856 = SURFACE_CURVE('',#1857,(#1861,#1868),.PCURVE_S1.);
#1857 = LINE('',#1858,#1859);
#1858 = CARTESIAN_POINT('',(0.,-40.,1.));
#1859 = VECTOR('',#1860,1.);
#1860 = DIRECTION('',(1.,0.,0.));
#1861 = PCURVE('',#102,#1862);
#1862 = DEFINITIONAL_REPRESENTATION('',(#1863),#1867);
#1863 = LINE('',#1864,#1865);
#1864 = CARTESIAN_POINT('',(0.,-40.));
#1865 = VECTOR('',#1866,1.);
#1866 = DIRECTION('',(1.,0.));
#1867 = ( GEOMETRIC_REPRESENTATION_CONTEXT(2) 
PARAMETRIC_REPRESENTATION_CONTEXT() REPRESENTATION_CONTEXT('2D SPACE',''
  ) );
#1868 = PCURVE('',#685,#1869);
#1869 = DEFINITIONAL_REPRESENTATION('',(#1870),#1874);
#1870 = LINE('',#1871,#1872);
#1871 = CARTESIAN_POINT('',(32.,-1.));
#1872 = VECTOR('',#1873,1.);
#1873 = DIRECTION('',(1.,0.));
#1874 = ( GEOMETRIC_REPRESENTATION_CONTEXT(2) 
PARAMETRIC_REPRESENTATION_CONTEXT() REPRESENTATION_CONTEXT('2D SPACE',''
  ) );
#1875 = ORIENTED_EDGE('',*,*,#1876,.T.);
#1876 = EDGE_CURVE('',#1854,#1877,#1879,.T.);
#1877 = VERTEX_POINT('',#1878);
#1878 = CARTESIAN_POINT('',(32.720084445726,-39.94787614952,1.));
#1879 = SURFACE_CURVE('',#1880,(#1885,#1892),.PCURVE_S1.);
#1880 = CIRCLE('',#1881,5.);
#1881 = AXIS2_PLACEMENT_3D('',#1882,#1883,#1884);
#1882 = CARTESIAN_POINT('',(32.,-35.,1.));
#1883 = DIRECTION('',(0.,0.,1.));
#1884 = DIRECTION('',(1.,0.,0.));
#1885 = PCURVE('',#102,#1886);
#1886 = DEFINITIONAL_REPRESENTATION('',(#1887),#1891);
#1887 = CIRCLE('',#1888,5.);
#1888 = AXIS2_PLACEMENT_2D('',#1889,#1890);
#1889 = CARTESIAN_POINT('',(32.,-35.));
#1890 = DIRECTION('',(1.,0.));
#1891 = ( GEOMETRIC_REPRESENTATION_CONTEXT(2) 
PARAMETRIC_REPRESENTATION_CONTEXT() REPRESENTATION_CONTEXT('2D SPACE',''
  ) );
#1892 = PCURVE('',#714,#1893);
#1893 = DEFINITIONAL_REPRESENTATION('',(#1894),#1898);
#1894 = LINE('',#1895,#1896);
#1895 = CARTESIAN_POINT('',(-0.,-1.));
#1896 = VECTOR('',#1897,1.);
#1897 = DIRECTION('',(-1.,0.));
#1898 = ( GEOMETRIC_REPRESENTATION_CONTEXT(2) 
PARAMETRIC_REPRESENTATION_CONTEXT() REPRESENTATION_CONTEXT('2D SPACE',''
  ) );
#1899 = ORIENTED_EDGE('',*,*,#1900,.T.);
#1900 = EDGE_CURVE('',#1877,#1901,#1903,.T.);
#1901 = VERTEX_POINT('',#1902);
#1902 = CARTESIAN_POINT('',(32.430339342174,-39.67175154229,1.));
#1903 = SURFACE_CURVE('',#1904,(#1908,#1914),.PCURVE_S1.);
#1904 = LINE('',#1905,#1906);
#1905 = CARTESIAN_POINT('',(14.026228704284,-22.13279140447,1.));
#1906 = VECTOR('',#1907,1.);
#1907 = DIRECTION('',(-0.723917180764,0.689886885942,0.));
#1908 = PCURVE('',#102,#1909);
#1909 = DEFINITIONAL_REPRESENTATION('',(#1910),#1913);
#1910 = B_SPLINE_CURVE_WITH_KNOTS('',1,(#1911,#1912),.UNSPECIFIED.,.F.,
  .F.,(2,2),(-25.89875088165,-25.42295047959),.PIECEWISE_BEZIER_KNOTS.);
#1911 = CARTESIAN_POINT('',(32.774779427841,-40.));
#1912 = CARTESIAN_POINT('',(32.430339342174,-39.67175154229));
#1913 = ( GEOMETRIC_REPRESENTATION_CONTEXT(2) 
PARAMETRIC_REPRESENTATION_CONTEXT() REPRESENTATION_CONTEXT('2D SPACE',''
  ) );
#1914 = PCURVE('',#742,#1915);
#1915 = DEFINITIONAL_REPRESENTATION('',(#1916),#1919);
#1916 = B_SPLINE_CURVE_WITH_KNOTS('',1,(#1917,#1918),.UNSPECIFIED.,.F.,
  .F.,(2,2),(-25.89875088165,-25.42295047959),.PIECEWISE_BEZIER_KNOTS.);
#1917 = CARTESIAN_POINT('',(1.,0.475800402061));
#1918 = CARTESIAN_POINT('',(1.,0.));
#1919 = ( GEOMETRIC_REPRESENTATION_CONTEXT(2) 
PARAMETRIC_REPRESENTATION_CONTEXT() REPRESENTATION_CONTEXT('2D SPACE',''
  ) );
#1920 = ORIENTED_EDGE('',*,*,#1921,.T.);
#1921 = EDGE_CURVE('',#1901,#1922,#1924,.T.);
#1922 = VERTEX_POINT('',#1923);
#1923 = CARTESIAN_POINT('',(36.569660657826,-35.3282484577,1.));
#1924 = SURFACE_CURVE('',#1925,(#1929,#1935),.PCURVE_S1.);
#1925 = LINE('',#1926,#1927);
#1926 = CARTESIAN_POINT('',(34.619280308978,-37.37483590896,1.));
#1927 = VECTOR('',#1928,1.);
#1928 = DIRECTION('',(0.689886885942,0.723917180764,-0.));
#1929 = PCURVE('',#102,#1930);
#1930 = DEFINITIONAL_REPRESENTATION('',(#1931),#1934);
#1931 = B_SPLINE_CURVE_WITH_KNOTS('',1,(#1932,#1933),.UNSPECIFIED.,.F.,
  .F.,(2,2),(-3.17289835683,2.82710164317),.PIECEWISE_BEZIER_KNOTS.);
#1932 = CARTESIAN_POINT('',(32.430339342174,-39.67175154229));
#1933 = CARTESIAN_POINT('',(36.569660657826,-35.3282484577));
#1934 = ( GEOMETRIC_REPRESENTATION_CONTEXT(2) 
PARAMETRIC_REPRESENTATION_CONTEXT() REPRESENTATION_CONTEXT('2D SPACE',''
  ) );
#1935 = PCURVE('',#1936,#1941);
#1936 = PLANE('',#1937);
#1937 = AXIS2_PLACEMENT_3D('',#1938,#1939,#1940);
#1938 = CARTESIAN_POINT('',(32.430339342174,-39.67175154229,0.));
#1939 = DIRECTION('',(0.723917180764,-0.689886885942,0.));
#1940 = DIRECTION('',(0.,0.,1.));
#1941 = DEFINITIONAL_REPRESENTATION('',(#1942),#1945);
#1942 = B_SPLINE_CURVE_WITH_KNOTS('',1,(#1943,#1944),.UNSPECIFIED.,.F.,
  .F.,(2,2),(-3.17289835683,2.82710164317),.PIECEWISE_BEZIER_KNOTS.);
#1943 = CARTESIAN_POINT('',(1.,0.));
#1944 = CARTESIAN_POINT('',(1.,-6.));
#1945 = ( GEOMETRIC_REPRESENTATION_CONTEXT(2) 
PARAMETRIC_REPRESENTATION_CONTEXT() REPRESENTATION_CONTEXT('2D SPACE',''
  ) );
#1946 = ORIENTED_EDGE('',*,*,#1947,.F.);
#1947 = EDGE_CURVE('',#1948,#1922,#1950,.T.);
#1948 = VERTEX_POINT('',#1949);
#1949 = CARTESIAN_POINT('',(36.951820117411,-35.69244315637,1.));
#1950 = SURFACE_CURVE('',#1951,(#1955,#1961),.PCURVE_S1.);
#1951 = LINE('',#1952,#1953);
#1952 = CARTESIAN_POINT('',(18.165550019935,-17.78928831988,1.));
#1953 = VECTOR('',#1954,1.);
#1954 = DIRECTION('',(-0.723917180764,0.689886885942,0.));
#1955 = PCURVE('',#102,#1956);
#1956 = DEFINITIONAL_REPRESENTATION('',(#1957),#1960);
#1957 = B_SPLINE_CURVE_WITH_KNOTS('',1,(#1958,#1959),.UNSPECIFIED.,.F.,
  .F.,(2,2),(-26.01740983711,-25.42295047959),.PIECEWISE_BEZIER_KNOTS.);
#1958 = CARTESIAN_POINT('',(37.,-35.73835817268));
#1959 = CARTESIAN_POINT('',(36.569660657826,-35.3282484577));
#1960 = ( GEOMETRIC_REPRESENTATION_CONTEXT(2) 
PARAMETRIC_REPRESENTATION_CONTEXT() REPRESENTATION_CONTEXT('2D SPACE',''
  ) );
#1961 = PCURVE('',#932,#1962);
#1962 = DEFINITIONAL_REPRESENTATION('',(#1963),#1966);
#1963 = B_SPLINE_CURVE_WITH_KNOTS('',1,(#1964,#1965),.UNSPECIFIED.,.F.,
  .F.,(2,2),(-26.01740983711,-25.42295047959),.PIECEWISE_BEZIER_KNOTS.);
#1964 = CARTESIAN_POINT('',(1.,0.59445935752));
#1965 = CARTESIAN_POINT('',(1.,0.));
#1966 = ( GEOMETRIC_REPRESENTATION_CONTEXT(2) 
PARAMETRIC_REPRESENTATION_CONTEXT() REPRESENTATION_CONTEXT('2D SPACE',''
  ) );
#1967 = ORIENTED_EDGE('',*,*,#1968,.T.);
#1968 = EDGE_CURVE('',#1948,#1969,#1971,.T.);
#1969 = VERTEX_POINT('',#1970);
#1970 = CARTESIAN_POINT('',(37.,-35.,1.));
#1971 = SURFACE_CURVE('',#1972,(#1977,#1984),.PCURVE_S1.);
#1972 = CIRCLE('',#1973,5.);
#1973 = AXIS2_PLACEMENT_3D('',#1974,#1975,#1976);
#1974 = CARTESIAN_POINT('',(32.,-35.,1.));
#1975 = DIRECTION('',(0.,0.,1.));
#1976 = DIRECTION('',(1.,0.,0.));
#1977 = PCURVE('',#102,#1978);
#1978 = DEFINITIONAL_REPRESENTATION('',(#1979),#1983);
#1979 = CIRCLE('',#1980,5.);
#1980 = AXIS2_PLACEMENT_2D('',#1981,#1982);
#1981 = CARTESIAN_POINT('',(32.,-35.));
#1982 = DIRECTION('',(1.,0.));
#1983 = ( GEOMETRIC_REPRESENTATION_CONTEXT(2) 
PARAMETRIC_REPRESENTATION_CONTEXT() REPRESENTATION_CONTEXT('2D SPACE',''
  ) );
#1984 = PCURVE('',#961,#1985);
#1985 = DEFINITIONAL_REPRESENTATION('',(#1986),#1990);
#1986 = LINE('',#1987,#1988);
#1987 = CARTESIAN_POINT('',(-0.,-1.));
#1988 = VECTOR('',#1989,1.);
#1989 = DIRECTION('',(-1.,0.));
#1990 = ( GEOMETRIC_REPRESENTATION_CONTEXT(2) 
PARAMETRIC_REPRESENTATION_CONTEXT() REPRESENTATION_CONTEXT('2D SPACE',''
  ) );
#1991 = ORIENTED_EDGE('',*,*,#1992,.T.);
#1992 = EDGE_CURVE('',#1969,#1993,#1995,.T.);
#1993 = VERTEX_POINT('',#1994);
#1994 = CARTESIAN_POINT('',(37.,35.,1.));
#1995 = SURFACE_CURVE('',#1996,(#2000,#2007),.PCURVE_S1.);
#1996 = LINE('',#1997,#1998);
#1997 = CARTESIAN_POINT('',(37.,0.,1.));
#1998 = VECTOR('',#1999,1.);
#1999 = DIRECTION('',(0.,1.,0.));
#2000 = PCURVE('',#102,#2001);
#2001 = DEFINITIONAL_REPRESENTATION('',(#2002),#2006);
#2002 = LINE('',#2003,#2004);
#2003 = CARTESIAN_POINT('',(37.,0.));
#2004 = VECTOR('',#2005,1.);
#2005 = DIRECTION('',(0.,1.));
#2006 = ( GEOMETRIC_REPRESENTATION_CONTEXT(2) 
PARAMETRIC_REPRESENTATION_CONTEXT() REPRESENTATION_CONTEXT('2D SPACE',''
  ) );
#2007 = PCURVE('',#989,#2008);
#2008 = DEFINITIONAL_REPRESENTATION('',(#2009),#2013);
#2009 = LINE('',#2010,#2011);
#2010 = CARTESIAN_POINT('',(35.,-1.));
#2011 = VECTOR('',#2012,1.);
#2012 = DIRECTION('',(1.,0.));
#2013 = ( GEOMETRIC_REPRESENTATION_CONTEXT(2) 
PARAMETRIC_REPRESENTATION_CONTEXT() REPRESENTATION_CONTEXT('2D SPACE',''
  ) );
#2014 = ORIENTED_EDGE('',*,*,#2015,.T.);
#2015 = EDGE_CURVE('',#1993,#2016,#2018,.T.);
#2016 = VERTEX_POINT('',#2017);
#2017 = CARTESIAN_POINT('',(36.951820117411,35.692443156372,1.));
#2018 = SURFACE_CURVE('',#2019,(#2024,#2031),.PCURVE_S1.);
#2019 = CIRCLE('',#2020,5.);
#2020 = AXIS2_PLACEMENT_3D('',#2021,#2022,#2023);
#2021 = CARTESIAN_POINT('',(32.,35.,1.));
#2022 = DIRECTION('',(0.,0.,1.));
#2023 = DIRECTION('',(1.,0.,0.));
#2024 = PCURVE('',#102,#2025);
#2025 = DEFINITIONAL_REPRESENTATION('',(#2026),#2030);
#2026 = CIRCLE('',#2027,5.);
#2027 = AXIS2_PLACEMENT_2D('',#2028,#2029);
#2028 = CARTESIAN_POINT('',(32.,35.));
#2029 = DIRECTION('',(1.,0.));
#2030 = ( GEOMETRIC_REPRESENTATION_CONTEXT(2) 
PARAMETRIC_REPRESENTATION_CONTEXT() REPRESENTATION_CONTEXT('2D SPACE',''
  ) );
#2031 = PCURVE('',#1018,#2032);
#2032 = DEFINITIONAL_REPRESENTATION('',(#2033),#2037);
#2033 = LINE('',#2034,#2035);
#2034 = CARTESIAN_POINT('',(-0.,-1.));
#2035 = VECTOR('',#2036,1.);
#2036 = DIRECTION('',(-1.,0.));
#2037 = ( GEOMETRIC_REPRESENTATION_CONTEXT(2) 
PARAMETRIC_REPRESENTATION_CONTEXT() REPRESENTATION_CONTEXT('2D SPACE',''
  ) );
#2038 = ORIENTED_EDGE('',*,*,#2039,.T.);
#2039 = EDGE_CURVE('',#2016,#2040,#2042,.T.);
#2040 = VERTEX_POINT('',#2041);
#2041 = CARTESIAN_POINT('',(36.569660657826,35.328248457708,1.));
#2042 = SURFACE_CURVE('',#2043,(#2047,#2053),.PCURVE_S1.);
#2043 = LINE('',#2044,#2045);
#2044 = CARTESIAN_POINT('',(18.165550019935,17.789288319889,1.));
#2045 = VECTOR('',#2046,1.);
#2046 = DIRECTION('',(-0.723917180764,-0.689886885942,0.));
#2047 = PCURVE('',#102,#2048);
#2048 = DEFINITIONAL_REPRESENTATION('',(#2049),#2052);
#2049 = B_SPLINE_CURVE_WITH_KNOTS('',1,(#2050,#2051),.UNSPECIFIED.,.F.,
  .F.,(2,2),(-26.01740983711,-25.42295047959),.PIECEWISE_BEZIER_KNOTS.);
#2050 = CARTESIAN_POINT('',(37.,35.738358172686));
#2051 = CARTESIAN_POINT('',(36.569660657826,35.328248457708));
#2052 = ( GEOMETRIC_REPRESENTATION_CONTEXT(2) 
PARAMETRIC_REPRESENTATION_CONTEXT() REPRESENTATION_CONTEXT('2D SPACE',''
  ) );
#2053 = PCURVE('',#1046,#2054);
#2054 = DEFINITIONAL_REPRESENTATION('',(#2055),#2058);
#2055 = B_SPLINE_CURVE_WITH_KNOTS('',1,(#2056,#2057),.UNSPECIFIED.,.F.,
  .F.,(2,2),(-26.01740983711,-25.42295047959),.PIECEWISE_BEZIER_KNOTS.);
#2056 = CARTESIAN_POINT('',(1.,0.59445935752));
#2057 = CARTESIAN_POINT('',(1.,0.));
#2058 = ( GEOMETRIC_REPRESENTATION_CONTEXT(2) 
PARAMETRIC_REPRESENTATION_CONTEXT() REPRESENTATION_CONTEXT('2D SPACE',''
  ) );
#2059 = ORIENTED_EDGE('',*,*,#2060,.T.);
#2060 = EDGE_CURVE('',#2040,#2061,#2063,.T.);
#2061 = VERTEX_POINT('',#2062);
#2062 = CARTESIAN_POINT('',(32.430339342174,39.671751542292,1.));
#2063 = SURFACE_CURVE('',#2064,(#2068,#2074),.PCURVE_S1.);
#2064 = LINE('',#2065,#2066);
#2065 = CARTESIAN_POINT('',(36.688940966803,35.203084366673,1.));
#2066 = VECTOR('',#2067,1.);
#2067 = DIRECTION('',(-0.689886885942,0.723917180764,0.));
#2068 = PCURVE('',#102,#2069);
#2069 = DEFINITIONAL_REPRESENTATION('',(#2070),#2073);
#2070 = B_SPLINE_CURVE_WITH_KNOTS('',1,(#2071,#2072),.UNSPECIFIED.,.F.,
  .F.,(2,2),(0.17289835683,6.17289835683),.PIECEWISE_BEZIER_KNOTS.);
#2071 = CARTESIAN_POINT('',(36.569660657826,35.328248457708));
#2072 = CARTESIAN_POINT('',(32.430339342174,39.671751542292));
#2073 = ( GEOMETRIC_REPRESENTATION_CONTEXT(2) 
PARAMETRIC_REPRESENTATION_CONTEXT() REPRESENTATION_CONTEXT('2D SPACE',''
  ) );
#2074 = PCURVE('',#2075,#2080);
#2075 = PLANE('',#2076);
#2076 = AXIS2_PLACEMENT_3D('',#2077,#2078,#2079);
#2077 = CARTESIAN_POINT('',(36.569660657826,35.328248457708,0.));
#2078 = DIRECTION('',(0.723917180764,0.689886885942,0.));
#2079 = DIRECTION('',(0.,0.,1.));
#2080 = DEFINITIONAL_REPRESENTATION('',(#2081),#2084);
#2081 = B_SPLINE_CURVE_WITH_KNOTS('',1,(#2082,#2083),.UNSPECIFIED.,.F.,
  .F.,(2,2),(0.17289835683,6.17289835683),.PIECEWISE_BEZIER_KNOTS.);
#2082 = CARTESIAN_POINT('',(1.,0.));
#2083 = CARTESIAN_POINT('',(1.,-6.));
#2084 = ( GEOMETRIC_REPRESENTATION_CONTEXT(2) 
PARAMETRIC_REPRESENTATION_CONTEXT() REPRESENTATION_CONTEXT('2D SPACE',''
  ) );
#2085 = ORIENTED_EDGE('',*,*,#2086,.F.);
#2086 = EDGE_CURVE('',#2087,#2061,#2089,.T.);
#2087 = VERTEX_POINT('',#2088);
#2088 = CARTESIAN_POINT('',(32.720084445726,39.947876149523,1.));
#2089 = SURFACE_CURVE('',#2090,(#2094,#2100),.PCURVE_S1.);
#2090 = LINE('',#2091,#2092);
#2091 = CARTESIAN_POINT('',(14.026228704284,22.132791404473,1.));
#2092 = VECTOR('',#2093,1.);
#2093 = DIRECTION('',(-0.723917180764,-0.689886885942,0.));
#2094 = PCURVE('',#102,#2095);
#2095 = DEFINITIONAL_REPRESENTATION('',(#2096),#2099);
#2096 = B_SPLINE_CURVE_WITH_KNOTS('',1,(#2097,#2098),.UNSPECIFIED.,.F.,
  .F.,(2,2),(-25.89875088165,-25.42295047959),.PIECEWISE_BEZIER_KNOTS.);
#2097 = CARTESIAN_POINT('',(32.774779427841,40.));
#2098 = CARTESIAN_POINT('',(32.430339342174,39.671751542292));
#2099 = ( GEOMETRIC_REPRESENTATION_CONTEXT(2) 
PARAMETRIC_REPRESENTATION_CONTEXT() REPRESENTATION_CONTEXT('2D SPACE',''
  ) );
#2100 = PCURVE('',#1553,#2101);
#2101 = DEFINITIONAL_REPRESENTATION('',(#2102),#2105);
#2102 = B_SPLINE_CURVE_WITH_KNOTS('',1,(#2103,#2104),.UNSPECIFIED.,.F.,
  .F.,(2,2),(-25.89875088165,-25.42295047959),.PIECEWISE_BEZIER_KNOTS.);
#2103 = CARTESIAN_POINT('',(1.,0.475800402061));
#2104 = CARTESIAN_POINT('',(1.,0.));
#2105 = ( GEOMETRIC_REPRESENTATION_CONTEXT(2) 
PARAMETRIC_REPRESENTATION_CONTEXT() REPRESENTATION_CONTEXT('2D SPACE',''
  ) );
#2106 = ORIENTED_EDGE('',*,*,#2107,.T.);
#2107 = EDGE_CURVE('',#2087,#2108,#2110,.T.);
#2108 = VERTEX_POINT('',#2109);
#2109 = CARTESIAN_POINT('',(32.,40.,1.));
#2110 = SURFACE_CURVE('',#2111,(#2116,#2123),.PCURVE_S1.);
#2111 = CIRCLE('',#2112,5.);
#2112 = AXIS2_PLACEMENT_3D('',#2113,#2114,#2115);
#2113 = CARTESIAN_POINT('',(32.,35.,1.));
#2114 = DIRECTION('',(0.,0.,1.));
#2115 = DIRECTION('',(1.,0.,0.));
#2116 = PCURVE('',#102,#2117);
#2117 = DEFINITIONAL_REPRESENTATION('',(#2118),#2122);
#2118 = CIRCLE('',#2119,5.);
#2119 = AXIS2_PLACEMENT_2D('',#2120,#2121);
#2120 = CARTESIAN_POINT('',(32.,35.));
#2121 = DIRECTION('',(1.,0.));
#2122 = ( GEOMETRIC_REPRESENTATION_CONTEXT(2) 
PARAMETRIC_REPRESENTATION_CONTEXT() REPRESENTATION_CONTEXT('2D SPACE',''
  ) );
#2123 = PCURVE('',#1582,#2124);
#2124 = DEFINITIONAL_REPRESENTATION('',(#2125),#2129);
#2125 = LINE('',#2126,#2127);
#2126 = CARTESIAN_POINT('',(-0.,-1.));
#2127 = VECTOR('',#2128,1.);
#2128 = DIRECTION('',(-1.,0.));
#2129 = ( GEOMETRIC_REPRESENTATION_CONTEXT(2) 
PARAMETRIC_REPRESENTATION_CONTEXT() REPRESENTATION_CONTEXT('2D SPACE',''
  ) );
#2130 = ORIENTED_EDGE('',*,*,#2131,.F.);
#2131 = EDGE_CURVE('',#2132,#2108,#2134,.T.);
#2132 = VERTEX_POINT('',#2133);
#2133 = CARTESIAN_POINT('',(-32.,40.,1.));
#2134 = SURFACE_CURVE('',#2135,(#2139,#2146),.PCURVE_S1.);
#2135 = LINE('',#2136,#2137);
#2136 = CARTESIAN_POINT('',(0.,40.,1.));
#2137 = VECTOR('',#2138,1.);
#2138 = DIRECTION('',(1.,0.,0.));
#2139 = PCURVE('',#102,#2140);
#2140 = DEFINITIONAL_REPRESENTATION('',(#2141),#2145);
#2141 = LINE('',#2142,#2143);
#2142 = CARTESIAN_POINT('',(0.,40.));
#2143 = VECTOR('',#2144,1.);
#2144 = DIRECTION('',(1.,0.));
#2145 = ( GEOMETRIC_REPRESENTATION_CONTEXT(2) 
PARAMETRIC_REPRESENTATION_CONTEXT() REPRESENTATION_CONTEXT('2D SPACE',''
  ) );
#2146 = PCURVE('',#1610,#2147);
#2147 = DEFINITIONAL_REPRESENTATION('',(#2148),#2152);
#2148 = LINE('',#2149,#2150);
#2149 = CARTESIAN_POINT('',(32.,-1.));
#2150 = VECTOR('',#2151,1.);
#2151 = DIRECTION('',(1.,0.));
#2152 = ( GEOMETRIC_REPRESENTATION_CONTEXT(2) 
PARAMETRIC_REPRESENTATION_CONTEXT() REPRESENTATION_CONTEXT('2D SPACE',''
  ) );
#2153 = ORIENTED_EDGE('',*,*,#2154,.T.);
#2154 = EDGE_CURVE('',#2132,#2155,#2157,.T.);
#2155 = VERTEX_POINT('',#2156);
#2156 = CARTESIAN_POINT('',(-32.72008444572,39.947876149523,1.));
#2157 = SURFACE_CURVE('',#2158,(#2163,#2170),.PCURVE_S1.);
#2158 = CIRCLE('',#2159,5.);
#2159 = AXIS2_PLACEMENT_3D('',#2160,#2161,#2162);
#2160 = CARTESIAN_POINT('',(-32.,35.,1.));
#2161 = DIRECTION('',(0.,0.,1.));
#2162 = DIRECTION('',(1.,0.,0.));
#2163 = PCURVE('',#102,#2164);
#2164 = DEFINITIONAL_REPRESENTATION('',(#2165),#2169);
#2165 = CIRCLE('',#2166,5.);
#2166 = AXIS2_PLACEMENT_2D('',#2167,#2168);
#2167 = CARTESIAN_POINT('',(-32.,35.));
#2168 = DIRECTION('',(1.,0.));
#2169 = ( GEOMETRIC_REPRESENTATION_CONTEXT(2) 
PARAMETRIC_REPRESENTATION_CONTEXT() REPRESENTATION_CONTEXT('2D SPACE',''
  ) );
#2170 = PCURVE('',#1639,#2171);
#2171 = DEFINITIONAL_REPRESENTATION('',(#2172),#2176);
#2172 = LINE('',#2173,#2174);
#2173 = CARTESIAN_POINT('',(-0.,-1.));
#2174 = VECTOR('',#2175,1.);
#2175 = DIRECTION('',(-1.,0.));
#2176 = ( GEOMETRIC_REPRESENTATION_CONTEXT(2) 
PARAMETRIC_REPRESENTATION_CONTEXT() REPRESENTATION_CONTEXT('2D SPACE',''
  ) );
#2177 = ORIENTED_EDGE('',*,*,#2178,.T.);
#2178 = EDGE_CURVE('',#2155,#2179,#2181,.T.);
#2179 = VERTEX_POINT('',#2180);
#2180 = CARTESIAN_POINT('',(-32.43033934217,39.671751542292,1.));
#2181 = SURFACE_CURVE('',#2182,(#2186,#2192),.PCURVE_S1.);
#2182 = LINE('',#2183,#2184);
#2183 = CARTESIAN_POINT('',(-14.02622870428,22.132791404473,1.));
#2184 = VECTOR('',#2185,1.);
#2185 = DIRECTION('',(0.723917180764,-0.689886885942,0.));
#2186 = PCURVE('',#102,#2187);
#2187 = DEFINITIONAL_REPRESENTATION('',(#2188),#2191);
#2188 = B_SPLINE_CURVE_WITH_KNOTS('',1,(#2189,#2190),.UNSPECIFIED.,.F.,
  .F.,(2,2),(-25.89875088165,-25.42295047959),.PIECEWISE_BEZIER_KNOTS.);
#2189 = CARTESIAN_POINT('',(-32.77477942784,40.));
#2190 = CARTESIAN_POINT('',(-32.43033934217,39.671751542292));
#2191 = ( GEOMETRIC_REPRESENTATION_CONTEXT(2) 
PARAMETRIC_REPRESENTATION_CONTEXT() REPRESENTATION_CONTEXT('2D SPACE',''
  ) );
#2192 = PCURVE('',#1667,#2193);
#2193 = DEFINITIONAL_REPRESENTATION('',(#2194),#2197);
#2194 = B_SPLINE_CURVE_WITH_KNOTS('',1,(#2195,#2196),.UNSPECIFIED.,.F.,
  .F.,(2,2),(-25.89875088165,-25.42295047959),.PIECEWISE_BEZIER_KNOTS.);
#2195 = CARTESIAN_POINT('',(1.,0.475800402061));
#2196 = CARTESIAN_POINT('',(1.,0.));
#2197 = ( GEOMETRIC_REPRESENTATION_CONTEXT(2) 
PARAMETRIC_REPRESENTATION_CONTEXT() REPRESENTATION_CONTEXT('2D SPACE',''
  ) );
#2198 = ORIENTED_EDGE('',*,*,#2199,.T.);
#2199 = EDGE_CURVE('',#2179,#2200,#2202,.T.);
#2200 = VERTEX_POINT('',#2201);
#2201 = CARTESIAN_POINT('',(-36.56966065782,35.328248457708,1.));
#2202 = SURFACE_CURVE('',#2203,(#2207,#2213),.PCURVE_S1.);
#2203 = LINE('',#2204,#2205);
#2204 = CARTESIAN_POINT('',(-34.61928030897,37.374835908965,1.));
#2205 = VECTOR('',#2206,1.);
#2206 = DIRECTION('',(-0.689886885942,-0.723917180764,0.));
#2207 = PCURVE('',#102,#2208);
#2208 = DEFINITIONAL_REPRESENTATION('',(#2209),#2212);
#2209 = B_SPLINE_CURVE_WITH_KNOTS('',1,(#2210,#2211),.UNSPECIFIED.,.F.,
  .F.,(2,2),(-3.17289835683,2.82710164317),.PIECEWISE_BEZIER_KNOTS.);
#2210 = CARTESIAN_POINT('',(-32.43033934217,39.671751542292));
#2211 = CARTESIAN_POINT('',(-36.56966065782,35.328248457708));
#2212 = ( GEOMETRIC_REPRESENTATION_CONTEXT(2) 
PARAMETRIC_REPRESENTATION_CONTEXT() REPRESENTATION_CONTEXT('2D SPACE',''
  ) );
#2213 = PCURVE('',#2214,#2219);
#2214 = PLANE('',#2215);
#2215 = AXIS2_PLACEMENT_3D('',#2216,#2217,#2218);
#2216 = CARTESIAN_POINT('',(-32.43033934217,39.671751542292,0.));
#2217 = DIRECTION('',(-0.723917180764,0.689886885942,0.));
#2218 = DIRECTION('',(0.,0.,1.));
#2219 = DEFINITIONAL_REPRESENTATION('',(#2220),#2223);
#2220 = B_SPLINE_CURVE_WITH_KNOTS('',1,(#2221,#2222),.UNSPECIFIED.,.F.,
  .F.,(2,2),(-3.17289835683,2.82710164317),.PIECEWISE_BEZIER_KNOTS.);
#2221 = CARTESIAN_POINT('',(1.,0.));
#2222 = CARTESIAN_POINT('',(1.,-6.));
#2223 = ( GEOMETRIC_REPRESENTATION_CONTEXT(2) 
PARAMETRIC_REPRESENTATION_CONTEXT() REPRESENTATION_CONTEXT('2D SPACE',''
  ) );
#2224 = ORIENTED_EDGE('',*,*,#2225,.F.);
#2225 = EDGE_CURVE('',#272,#2200,#2226,.T.);
#2226 = SURFACE_CURVE('',#2227,(#2231,#2237),.PCURVE_S1.);
#2227 = LINE('',#2228,#2229);
#2228 = CARTESIAN_POINT('',(-18.16555001993,17.789288319889,1.));
#2229 = VECTOR('',#2230,1.);
#2230 = DIRECTION('',(0.723917180764,-0.689886885942,0.));
#2231 = PCURVE('',#102,#2232);
#2232 = DEFINITIONAL_REPRESENTATION('',(#2233),#2236);
#2233 = B_SPLINE_CURVE_WITH_KNOTS('',1,(#2234,#2235),.UNSPECIFIED.,.F.,
  .F.,(2,2),(-26.01740983711,-25.42295047959),.PIECEWISE_BEZIER_KNOTS.);
#2234 = CARTESIAN_POINT('',(-37.,35.738358172686));
#2235 = CARTESIAN_POINT('',(-36.56966065782,35.328248457708));
#2236 = ( GEOMETRIC_REPRESENTATION_CONTEXT(2) 
PARAMETRIC_REPRESENTATION_CONTEXT() REPRESENTATION_CONTEXT('2D SPACE',''
  ) );
#2237 = PCURVE('',#286,#2238);
#2238 = DEFINITIONAL_REPRESENTATION('',(#2239),#2242);
#2239 = B_SPLINE_CURVE_WITH_KNOTS('',1,(#2240,#2241),.UNSPECIFIED.,.F.,
  .F.,(2,2),(-26.01740983711,-25.42295047959),.PIECEWISE_BEZIER_KNOTS.);
#2240 = CARTESIAN_POINT('',(1.,0.59445935752));
#2241 = CARTESIAN_POINT('',(1.,0.));
#2242 = ( GEOMETRIC_REPRESENTATION_CONTEXT(2) 
PARAMETRIC_REPRESENTATION_CONTEXT() REPRESENTATION_CONTEXT('2D SPACE',''
  ) );
#2243 = ORIENTED_EDGE('',*,*,#297,.T.);
#2244 = ADVANCED_FACE('',(#2245),#233,.F.);
#2245 = FACE_BOUND('',#2246,.F.);
#2246 = EDGE_LOOP('',(#2247,#2248,#2249,#2250,#2273,#2301));
#2247 = ORIENTED_EDGE('',*,*,#1234,.F.);
#2248 = ORIENTED_EDGE('',*,*,#220,.F.);
#2249 = ORIENTED_EDGE('',*,*,#1761,.T.);
#2250 = ORIENTED_EDGE('',*,*,#2251,.T.);
#2251 = EDGE_CURVE('',#1762,#2252,#2254,.T.);
#2252 = VERTEX_POINT('',#2253);
#2253 = CARTESIAN_POINT('',(-36.56966065782,-35.3282484577,1.4));
#2254 = SURFACE_CURVE('',#2255,(#2259,#2266),.PCURVE_S1.);
#2255 = LINE('',#2256,#2257);
#2256 = CARTESIAN_POINT('',(-36.56966065782,-35.3282484577,0.));
#2257 = VECTOR('',#2258,1.);
#2258 = DIRECTION('',(0.,0.,1.));
#2259 = PCURVE('',#233,#2260);
#2260 = DEFINITIONAL_REPRESENTATION('',(#2261),#2265);
#2261 = LINE('',#2262,#2263);
#2262 = CARTESIAN_POINT('',(0.,0.));
#2263 = VECTOR('',#2264,1.);
#2264 = DIRECTION('',(1.,0.));
#2265 = ( GEOMETRIC_REPRESENTATION_CONTEXT(2) 
PARAMETRIC_REPRESENTATION_CONTEXT() REPRESENTATION_CONTEXT('2D SPACE',''
  ) );
#2266 = PCURVE('',#1797,#2267);
#2267 = DEFINITIONAL_REPRESENTATION('',(#2268),#2272);
#2268 = LINE('',#2269,#2270);
#2269 = CARTESIAN_POINT('',(0.,0.));
#2270 = VECTOR('',#2271,1.);
#2271 = DIRECTION('',(1.,0.));
#2272 = ( GEOMETRIC_REPRESENTATION_CONTEXT(2) 
PARAMETRIC_REPRESENTATION_CONTEXT() REPRESENTATION_CONTEXT('2D SPACE',''
  ) );
#2273 = ORIENTED_EDGE('',*,*,#2274,.T.);
#2274 = EDGE_CURVE('',#2252,#2275,#2277,.T.);
#2275 = VERTEX_POINT('',#2276);
#2276 = CARTESIAN_POINT('',(-46.9646004006,-45.23453718694,1.4));
#2277 = SURFACE_CURVE('',#2278,(#2282,#2289),.PCURVE_S1.);
#2278 = LINE('',#2279,#2280);
#2279 = CARTESIAN_POINT('',(-36.56966065782,-35.3282484577,1.4));
#2280 = VECTOR('',#2281,1.);
#2281 = DIRECTION('',(-0.723917180764,-0.689886885942,0.));
#2282 = PCURVE('',#233,#2283);
#2283 = DEFINITIONAL_REPRESENTATION('',(#2284),#2288);
#2284 = LINE('',#2285,#2286);
#2285 = CARTESIAN_POINT('',(1.4,0.));
#2286 = VECTOR('',#2287,1.);
#2287 = DIRECTION('',(0.,1.));
#2288 = ( GEOMETRIC_REPRESENTATION_CONTEXT(2) 
PARAMETRIC_REPRESENTATION_CONTEXT() REPRESENTATION_CONTEXT('2D SPACE',''
  ) );
#2289 = PCURVE('',#2290,#2295);
#2290 = PLANE('',#2291);
#2291 = AXIS2_PLACEMENT_3D('',#2292,#2293,#2294);
#2292 = CARTESIAN_POINT('',(-36.56966065782,-35.3282484577,1.4));
#2293 = DIRECTION('',(0.,0.,1.));
#2294 = DIRECTION('',(-0.723917180764,-0.689886885942,0.));
#2295 = DEFINITIONAL_REPRESENTATION('',(#2296),#2300);
#2296 = LINE('',#2297,#2298);
#2297 = CARTESIAN_POINT('',(0.,0.));
#2298 = VECTOR('',#2299,1.);
#2299 = DIRECTION('',(1.,0.));
#2300 = ( GEOMETRIC_REPRESENTATION_CONTEXT(2) 
PARAMETRIC_REPRESENTATION_CONTEXT() REPRESENTATION_CONTEXT('2D SPACE',''
  ) );
#2301 = ORIENTED_EDGE('',*,*,#2302,.T.);
#2302 = EDGE_CURVE('',#2275,#1235,#2303,.T.);
#2303 = SURFACE_CURVE('',#2304,(#2308,#2314),.PCURVE_S1.);
#2304 = LINE('',#2305,#2306);
#2305 = CARTESIAN_POINT('',(-46.9646004006,-45.23453718694,0.));
#2306 = VECTOR('',#2307,1.);
#2307 = DIRECTION('',(-0.,-0.,-1.));
#2308 = PCURVE('',#233,#2309);
#2309 = DEFINITIONAL_REPRESENTATION('',(#2310),#2313);
#2310 = B_SPLINE_CURVE_WITH_KNOTS('',1,(#2311,#2312),.UNSPECIFIED.,.F.,
  .F.,(2,2),(-1.54,6.E-07),.PIECEWISE_BEZIER_KNOTS.);
#2311 = CARTESIAN_POINT('',(1.54,14.35929415546));
#2312 = CARTESIAN_POINT('',(-6.E-07,14.35929415546));
#2313 = ( GEOMETRIC_REPRESENTATION_CONTEXT(2) 
PARAMETRIC_REPRESENTATION_CONTEXT() REPRESENTATION_CONTEXT('2D SPACE',''
  ) );
#2314 = PCURVE('',#600,#2315);
#2315 = DEFINITIONAL_REPRESENTATION('',(#2316),#2319);
#2316 = B_SPLINE_CURVE_WITH_KNOTS('',1,(#2317,#2318),.UNSPECIFIED.,.F.,
  .F.,(2,2),(-1.54,6.E-07),.PIECEWISE_BEZIER_KNOTS.);
#2317 = CARTESIAN_POINT('',(-1.791029589189,-1.54));
#2318 = CARTESIAN_POINT('',(-1.791029589189,6.E-07));
#2319 = ( GEOMETRIC_REPRESENTATION_CONTEXT(2) 
PARAMETRIC_REPRESENTATION_CONTEXT() REPRESENTATION_CONTEXT('2D SPACE',''
  ) );
#2320 = ADVANCED_FACE('',(#2321),#286,.T.);
#2321 = FACE_BOUND('',#2322,.T.);
#2322 = EDGE_LOOP('',(#2323,#2324,#2325,#2326,#2349,#2377));
#2323 = ORIENTED_EDGE('',*,*,#1459,.F.);
#2324 = ORIENTED_EDGE('',*,*,#271,.F.);
#2325 = ORIENTED_EDGE('',*,*,#2225,.T.);
#2326 = ORIENTED_EDGE('',*,*,#2327,.T.);
#2327 = EDGE_CURVE('',#2200,#2328,#2330,.T.);
#2328 = VERTEX_POINT('',#2329);
#2329 = CARTESIAN_POINT('',(-36.56966065782,35.328248457708,1.4));
#2330 = SURFACE_CURVE('',#2331,(#2335,#2342),.PCURVE_S1.);
#2331 = LINE('',#2332,#2333);
#2332 = CARTESIAN_POINT('',(-36.56966065782,35.328248457708,0.));
#2333 = VECTOR('',#2334,1.);
#2334 = DIRECTION('',(0.,0.,1.));
#2335 = PCURVE('',#286,#2336);
#2336 = DEFINITIONAL_REPRESENTATION('',(#2337),#2341);
#2337 = LINE('',#2338,#2339);
#2338 = CARTESIAN_POINT('',(0.,0.));
#2339 = VECTOR('',#2340,1.);
#2340 = DIRECTION('',(1.,0.));
#2341 = ( GEOMETRIC_REPRESENTATION_CONTEXT(2) 
PARAMETRIC_REPRESENTATION_CONTEXT() REPRESENTATION_CONTEXT('2D SPACE',''
  ) );
#2342 = PCURVE('',#2214,#2343);
#2343 = DEFINITIONAL_REPRESENTATION('',(#2344),#2348);
#2344 = LINE('',#2345,#2346);
#2345 = CARTESIAN_POINT('',(0.,-6.));
#2346 = VECTOR('',#2347,1.);
#2347 = DIRECTION('',(1.,0.));
#2348 = ( GEOMETRIC_REPRESENTATION_CONTEXT(2) 
PARAMETRIC_REPRESENTATION_CONTEXT() REPRESENTATION_CONTEXT('2D SPACE',''
  ) );
#2349 = ORIENTED_EDGE('',*,*,#2350,.T.);
#2350 = EDGE_CURVE('',#2328,#2351,#2353,.T.);
#2351 = VERTEX_POINT('',#2352);
#2352 = CARTESIAN_POINT('',(-46.9646004006,45.234537186941,1.4));
#2353 = SURFACE_CURVE('',#2354,(#2358,#2365),.PCURVE_S1.);
#2354 = LINE('',#2355,#2356);
#2355 = CARTESIAN_POINT('',(-36.56966065782,35.328248457708,1.4));
#2356 = VECTOR('',#2357,1.);
#2357 = DIRECTION('',(-0.723917180764,0.689886885942,0.));
#2358 = PCURVE('',#286,#2359);
#2359 = DEFINITIONAL_REPRESENTATION('',(#2360),#2364);
#2360 = LINE('',#2361,#2362);
#2361 = CARTESIAN_POINT('',(1.4,0.));
#2362 = VECTOR('',#2363,1.);
#2363 = DIRECTION('',(0.,1.));
#2364 = ( GEOMETRIC_REPRESENTATION_CONTEXT(2) 
PARAMETRIC_REPRESENTATION_CONTEXT() REPRESENTATION_CONTEXT('2D SPACE',''
  ) );
#2365 = PCURVE('',#2366,#2371);
#2366 = PLANE('',#2367);
#2367 = AXIS2_PLACEMENT_3D('',#2368,#2369,#2370);
#2368 = CARTESIAN_POINT('',(-32.43033934217,39.671751542292,1.4));
#2369 = DIRECTION('',(0.,0.,1.));
#2370 = DIRECTION('',(-0.723917180764,0.689886885942,0.));
#2371 = DEFINITIONAL_REPRESENTATION('',(#2372),#2376);
#2372 = LINE('',#2373,#2374);
#2373 = CARTESIAN_POINT('',(0.,6.));
#2374 = VECTOR('',#2375,1.);
#2375 = DIRECTION('',(1.,0.));
#2376 = ( GEOMETRIC_REPRESENTATION_CONTEXT(2) 
PARAMETRIC_REPRESENTATION_CONTEXT() REPRESENTATION_CONTEXT('2D SPACE',''
  ) );
#2377 = ORIENTED_EDGE('',*,*,#2378,.T.);
#2378 = EDGE_CURVE('',#2351,#1431,#2379,.T.);
#2379 = SURFACE_CURVE('',#2380,(#2384,#2390),.PCURVE_S1.);
#2380 = LINE('',#2381,#2382);
#2381 = CARTESIAN_POINT('',(-46.9646004006,45.234537186941,0.));
#2382 = VECTOR('',#2383,1.);
#2383 = DIRECTION('',(-0.,-0.,-1.));
#2384 = PCURVE('',#286,#2385);
#2385 = DEFINITIONAL_REPRESENTATION('',(#2386),#2389);
#2386 = B_SPLINE_CURVE_WITH_KNOTS('',1,(#2387,#2388),.UNSPECIFIED.,.F.,
  .F.,(2,2),(-1.54,6.E-07),.PIECEWISE_BEZIER_KNOTS.);
#2387 = CARTESIAN_POINT('',(1.54,14.35929415546));
#2388 = CARTESIAN_POINT('',(-6.E-07,14.35929415546));
#2389 = ( GEOMETRIC_REPRESENTATION_CONTEXT(2) 
PARAMETRIC_REPRESENTATION_CONTEXT() REPRESENTATION_CONTEXT('2D SPACE',''
  ) );
#2390 = PCURVE('',#1447,#2391);
#2391 = DEFINITIONAL_REPRESENTATION('',(#2392),#2395);
#2392 = B_SPLINE_CURVE_WITH_KNOTS('',1,(#2393,#2394),.UNSPECIFIED.,.F.,
  .F.,(2,2),(-1.54,6.E-07),.PIECEWISE_BEZIER_KNOTS.);
#2393 = CARTESIAN_POINT('',(-4.492155717991,-1.54));
#2394 = CARTESIAN_POINT('',(-4.492155717991,6.E-07));
#2395 = ( GEOMETRIC_REPRESENTATION_CONTEXT(2) 
PARAMETRIC_REPRESENTATION_CONTEXT() REPRESENTATION_CONTEXT('2D SPACE',''
  ) );
#2396 = ADVANCED_FACE('',(#2397),#341,.T.);
#2397 = FACE_BOUND('',#2398,.T.);
#2398 = EDGE_LOOP('',(#2399,#2422,#2450,#2471));
#2399 = ORIENTED_EDGE('',*,*,#2400,.T.);
#2400 = EDGE_CURVE('',#324,#2401,#2403,.T.);
#2401 = VERTEX_POINT('',#2402);
#2402 = CARTESIAN_POINT('',(-53.5,-48.5,1.4));
#2403 = SURFACE_CURVE('',#2404,(#2408,#2415),.PCURVE_S1.);
#2404 = LINE('',#2405,#2406);
#2405 = CARTESIAN_POINT('',(-53.5,-48.5,0.));
#2406 = VECTOR('',#2407,1.);
#2407 = DIRECTION('',(0.,0.,1.));
#2408 = PCURVE('',#341,#2409);
#2409 = DEFINITIONAL_REPRESENTATION('',(#2410),#2414);
#2410 = LINE('',#2411,#2412);
#2411 = CARTESIAN_POINT('',(0.,0.));
#2412 = VECTOR('',#2413,1.);
#2413 = DIRECTION('',(0.,-1.));
#2414 = ( GEOMETRIC_REPRESENTATION_CONTEXT(2) 
PARAMETRIC_REPRESENTATION_CONTEXT() REPRESENTATION_CONTEXT('2D SPACE',''
  ) );
#2415 = PCURVE('',#370,#2416);
#2416 = DEFINITIONAL_REPRESENTATION('',(#2417),#2421);
#2417 = LINE('',#2418,#2419);
#2418 = CARTESIAN_POINT('',(-3.14159265359,0.));
#2419 = VECTOR('',#2420,1.);
#2420 = DIRECTION('',(-0.,-1.));
#2421 = ( GEOMETRIC_REPRESENTATION_CONTEXT(2) 
PARAMETRIC_REPRESENTATION_CONTEXT() REPRESENTATION_CONTEXT('2D SPACE',''
  ) );
#2422 = ORIENTED_EDGE('',*,*,#2423,.T.);
#2423 = EDGE_CURVE('',#2401,#2424,#2426,.T.);
#2424 = VERTEX_POINT('',#2425);
#2425 = CARTESIAN_POINT('',(-53.5,48.5,1.4));
#2426 = SURFACE_CURVE('',#2427,(#2431,#2438),.PCURVE_S1.);
#2427 = LINE('',#2428,#2429);
#2428 = CARTESIAN_POINT('',(-53.5,0.,1.4));
#2429 = VECTOR('',#2430,1.);
#2430 = DIRECTION('',(0.,1.,0.));
#2431 = PCURVE('',#341,#2432);
#2432 = DEFINITIONAL_REPRESENTATION('',(#2433),#2437);
#2433 = LINE('',#2434,#2435);
#2434 = CARTESIAN_POINT('',(48.5,-1.4));
#2435 = VECTOR('',#2436,1.);
#2436 = DIRECTION('',(1.,0.));
#2437 = ( GEOMETRIC_REPRESENTATION_CONTEXT(2) 
PARAMETRIC_REPRESENTATION_CONTEXT() REPRESENTATION_CONTEXT('2D SPACE',''
  ) );
#2438 = PCURVE('',#2439,#2444);
#2439 = PLANE('',#2440);
#2440 = AXIS2_PLACEMENT_3D('',#2441,#2442,#2443);
#2441 = CARTESIAN_POINT('',(-36.56966065782,-35.3282484577,1.4));
#2442 = DIRECTION('',(0.,0.,1.));
#2443 = DIRECTION('',(-0.723917180764,-0.689886885942,0.));
#2444 = DEFINITIONAL_REPRESENTATION('',(#2445),#2449);
#2445 = LINE('',#2446,#2447);
#2446 = CARTESIAN_POINT('',(-12.1163317883,-37.25474511154));
#2447 = VECTOR('',#2448,1.);
#2448 = DIRECTION('',(-0.689886885942,-0.723917180764));
#2449 = ( GEOMETRIC_REPRESENTATION_CONTEXT(2) 
PARAMETRIC_REPRESENTATION_CONTEXT() REPRESENTATION_CONTEXT('2D SPACE',''
  ) );
#2450 = ORIENTED_EDGE('',*,*,#2451,.F.);
#2451 = EDGE_CURVE('',#326,#2424,#2452,.T.);
#2452 = SURFACE_CURVE('',#2453,(#2457,#2464),.PCURVE_S1.);
#2453 = LINE('',#2454,#2455);
#2454 = CARTESIAN_POINT('',(-53.5,48.5,0.));
#2455 = VECTOR('',#2456,1.);
#2456 = DIRECTION('',(0.,0.,1.));
#2457 = PCURVE('',#341,#2458);
#2458 = DEFINITIONAL_REPRESENTATION('',(#2459),#2463);
#2459 = LINE('',#2460,#2461);
#2460 = CARTESIAN_POINT('',(97.,0.));
#2461 = VECTOR('',#2462,1.);
#2462 = DIRECTION('',(0.,-1.));
#2463 = ( GEOMETRIC_REPRESENTATION_CONTEXT(2) 
PARAMETRIC_REPRESENTATION_CONTEXT() REPRESENTATION_CONTEXT('2D SPACE',''
  ) );
#2464 = PCURVE('',#539,#2465);
#2465 = DEFINITIONAL_REPRESENTATION('',(#2466),#2470);
#2466 = LINE('',#2467,#2468);
#2467 = CARTESIAN_POINT('',(-3.14159265359,0.));
#2468 = VECTOR('',#2469,1.);
#2469 = DIRECTION('',(-0.,-1.));
#2470 = ( GEOMETRIC_REPRESENTATION_CONTEXT(2) 
PARAMETRIC_REPRESENTATION_CONTEXT() REPRESENTATION_CONTEXT('2D SPACE',''
  ) );
#2471 = ORIENTED_EDGE('',*,*,#323,.F.);
#2472 = ADVANCED_FACE('',(#2473),#370,.T.);
#2473 = FACE_BOUND('',#2474,.F.);
#2474 = EDGE_LOOP('',(#2475,#2476,#2500,#2521));
#2475 = ORIENTED_EDGE('',*,*,#2400,.T.);
#2476 = ORIENTED_EDGE('',*,*,#2477,.T.);
#2477 = EDGE_CURVE('',#2401,#2478,#2480,.T.);
#2478 = VERTEX_POINT('',#2479);
#2479 = CARTESIAN_POINT('',(-47.,-55.,1.4));
#2480 = SURFACE_CURVE('',#2481,(#2486,#2493),.PCURVE_S1.);
#2481 = CIRCLE('',#2482,6.5);
#2482 = AXIS2_PLACEMENT_3D('',#2483,#2484,#2485);
#2483 = CARTESIAN_POINT('',(-47.,-48.5,1.4));
#2484 = DIRECTION('',(0.,0.,1.));
#2485 = DIRECTION('',(1.,0.,0.));
#2486 = PCURVE('',#370,#2487);
#2487 = DEFINITIONAL_REPRESENTATION('',(#2488),#2492);
#2488 = LINE('',#2489,#2490);
#2489 = CARTESIAN_POINT('',(-0.,-1.4));
#2490 = VECTOR('',#2491,1.);
#2491 = DIRECTION('',(-1.,0.));
#2492 = ( GEOMETRIC_REPRESENTATION_CONTEXT(2) 
PARAMETRIC_REPRESENTATION_CONTEXT() REPRESENTATION_CONTEXT('2D SPACE',''
  ) );
#2493 = PCURVE('',#2439,#2494);
#2494 = DEFINITIONAL_REPRESENTATION('',(#2495),#2499);
#2495 = CIRCLE('',#2496,6.5);
#2496 = AXIS2_PLACEMENT_2D('',#2497,#2498);
#2497 = CARTESIAN_POINT('',(16.637720504912,2.339502914132));
#2498 = DIRECTION('',(-0.723917180764,0.689886885942));
#2499 = ( GEOMETRIC_REPRESENTATION_CONTEXT(2) 
PARAMETRIC_REPRESENTATION_CONTEXT() REPRESENTATION_CONTEXT('2D SPACE',''
  ) );
#2500 = ORIENTED_EDGE('',*,*,#2501,.F.);
#2501 = EDGE_CURVE('',#354,#2478,#2502,.T.);
#2502 = SURFACE_CURVE('',#2503,(#2507,#2514),.PCURVE_S1.);
#2503 = LINE('',#2504,#2505);
#2504 = CARTESIAN_POINT('',(-47.,-55.,0.));
#2505 = VECTOR('',#2506,1.);
#2506 = DIRECTION('',(0.,0.,1.));
#2507 = PCURVE('',#370,#2508);
#2508 = DEFINITIONAL_REPRESENTATION('',(#2509),#2513);
#2509 = LINE('',#2510,#2511);
#2510 = CARTESIAN_POINT('',(-4.712388980385,0.));
#2511 = VECTOR('',#2512,1.);
#2512 = DIRECTION('',(-0.,-1.));
#2513 = ( GEOMETRIC_REPRESENTATION_CONTEXT(2) 
PARAMETRIC_REPRESENTATION_CONTEXT() REPRESENTATION_CONTEXT('2D SPACE',''
  ) );
#2514 = PCURVE('',#398,#2515);
#2515 = DEFINITIONAL_REPRESENTATION('',(#2516),#2520);
#2516 = LINE('',#2517,#2518);
#2517 = CARTESIAN_POINT('',(0.,0.));
#2518 = VECTOR('',#2519,1.);
#2519 = DIRECTION('',(0.,-1.));
#2520 = ( GEOMETRIC_REPRESENTATION_CONTEXT(2) 
PARAMETRIC_REPRESENTATION_CONTEXT() REPRESENTATION_CONTEXT('2D SPACE',''
  ) );
#2521 = ORIENTED_EDGE('',*,*,#353,.F.);
#2522 = ADVANCED_FACE('',(#2523,#2678),#398,.F.);
#2523 = FACE_BOUND('',#2524,.F.);
#2524 = EDGE_LOOP('',(#2525,#2526,#2549,#2577,#2605,#2633,#2656,#2677));
#2525 = ORIENTED_EDGE('',*,*,#2501,.T.);
#2526 = ORIENTED_EDGE('',*,*,#2527,.T.);
#2527 = EDGE_CURVE('',#2478,#2528,#2530,.T.);
#2528 = VERTEX_POINT('',#2529);
#2529 = CARTESIAN_POINT('',(-28.,-55.,1.4));
#2530 = SURFACE_CURVE('',#2531,(#2535,#2542),.PCURVE_S1.);
#2531 = LINE('',#2532,#2533);
#2532 = CARTESIAN_POINT('',(0.,-55.,1.4));
#2533 = VECTOR('',#2534,1.);
#2534 = DIRECTION('',(1.,0.,0.));
#2535 = PCURVE('',#398,#2536);
#2536 = DEFINITIONAL_REPRESENTATION('',(#2537),#2541);
#2537 = LINE('',#2538,#2539);
#2538 = CARTESIAN_POINT('',(47.,-1.4));
#2539 = VECTOR('',#2540,1.);
#2540 = DIRECTION('',(1.,0.));
#2541 = ( GEOMETRIC_REPRESENTATION_CONTEXT(2) 
PARAMETRIC_REPRESENTATION_CONTEXT() REPRESENTATION_CONTEXT('2D SPACE',''
  ) );
#2542 = PCURVE('',#2439,#2543);
#2543 = DEFINITIONAL_REPRESENTATION('',(#2544),#2548);
#2544 = LINE('',#2545,#2546);
#2545 = CARTESIAN_POINT('',(-12.90212223237,39.469648228366));
#2546 = VECTOR('',#2547,1.);
#2547 = DIRECTION('',(-0.723917180764,0.689886885942));
#2548 = ( GEOMETRIC_REPRESENTATION_CONTEXT(2) 
PARAMETRIC_REPRESENTATION_CONTEXT() REPRESENTATION_CONTEXT('2D SPACE',''
  ) );
#2549 = ORIENTED_EDGE('',*,*,#2550,.T.);
#2550 = EDGE_CURVE('',#2528,#2551,#2553,.T.);
#2551 = VERTEX_POINT('',#2552);
#2552 = CARTESIAN_POINT('',(-28.,-55.,10.3));
#2553 = SURFACE_CURVE('',#2554,(#2558,#2565),.PCURVE_S1.);
#2554 = LINE('',#2555,#2556);
#2555 = CARTESIAN_POINT('',(-28.,-55.,1.4));
#2556 = VECTOR('',#2557,1.);
#2557 = DIRECTION('',(0.,0.,1.));
#2558 = PCURVE('',#398,#2559);
#2559 = DEFINITIONAL_REPRESENTATION('',(#2560),#2564);
#2560 = LINE('',#2561,#2562);
#2561 = CARTESIAN_POINT('',(19.,-1.4));
#2562 = VECTOR('',#2563,1.);
#2563 = DIRECTION('',(0.,-1.));
#2564 = ( GEOMETRIC_REPRESENTATION_CONTEXT(2) 
PARAMETRIC_REPRESENTATION_CONTEXT() REPRESENTATION_CONTEXT('2D SPACE',''
  ) );
#2565 = PCURVE('',#2566,#2571);
#2566 = PLANE('',#2567);
#2567 = AXIS2_PLACEMENT_3D('',#2568,#2569,#2570);
#2568 = CARTESIAN_POINT('',(-28.,-55.,1.4));
#2569 = DIRECTION('',(1.,0.,0.));
#2570 = DIRECTION('',(0.,0.,1.));
#2571 = DEFINITIONAL_REPRESENTATION('',(#2572),#2576);
#2572 = LINE('',#2573,#2574);
#2573 = CARTESIAN_POINT('',(0.,0.));
#2574 = VECTOR('',#2575,1.);
#2575 = DIRECTION('',(1.,0.));
#2576 = ( GEOMETRIC_REPRESENTATION_CONTEXT(2) 
PARAMETRIC_REPRESENTATION_CONTEXT() REPRESENTATION_CONTEXT('2D SPACE',''
  ) );
#2577 = ORIENTED_EDGE('',*,*,#2578,.T.);
#2578 = EDGE_CURVE('',#2551,#2579,#2581,.T.);
#2579 = VERTEX_POINT('',#2580);
#2580 = CARTESIAN_POINT('',(-8.,-55.,10.3));
#2581 = SURFACE_CURVE('',#2582,(#2586,#2593),.PCURVE_S1.);
#2582 = LINE('',#2583,#2584);
#2583 = CARTESIAN_POINT('',(-28.,-55.,10.3));
#2584 = VECTOR('',#2585,1.);
#2585 = DIRECTION('',(1.,0.,0.));
#2586 = PCURVE('',#398,#2587);
#2587 = DEFINITIONAL_REPRESENTATION('',(#2588),#2592);
#2588 = LINE('',#2589,#2590);
#2589 = CARTESIAN_POINT('',(19.,-10.3));
#2590 = VECTOR('',#2591,1.);
#2591 = DIRECTION('',(1.,0.));
#2592 = ( GEOMETRIC_REPRESENTATION_CONTEXT(2) 
PARAMETRIC_REPRESENTATION_CONTEXT() REPRESENTATION_CONTEXT('2D SPACE',''
  ) );
#2593 = PCURVE('',#2594,#2599);
#2594 = PLANE('',#2595);
#2595 = AXIS2_PLACEMENT_3D('',#2596,#2597,#2598);
#2596 = CARTESIAN_POINT('',(-28.,-55.,10.3));
#2597 = DIRECTION('',(0.,0.,1.));
#2598 = DIRECTION('',(1.,0.,0.));
#2599 = DEFINITIONAL_REPRESENTATION('',(#2600),#2604);
#2600 = LINE('',#2601,#2602);
#2601 = CARTESIAN_POINT('',(0.,0.));
#2602 = VECTOR('',#2603,1.);
#2603 = DIRECTION('',(1.,0.));
#2604 = ( GEOMETRIC_REPRESENTATION_CONTEXT(2) 
PARAMETRIC_REPRESENTATION_CONTEXT() REPRESENTATION_CONTEXT('2D SPACE',''
  ) );
#2605 = ORIENTED_EDGE('',*,*,#2606,.F.);
#2606 = EDGE_CURVE('',#2607,#2579,#2609,.T.);
#2607 = VERTEX_POINT('',#2608);
#2608 = CARTESIAN_POINT('',(-8.,-55.,1.4));
#2609 = SURFACE_CURVE('',#2610,(#2614,#2621),.PCURVE_S1.);
#2610 = LINE('',#2611,#2612);
#2611 = CARTESIAN_POINT('',(-8.,-55.,1.4));
#2612 = VECTOR('',#2613,1.);
#2613 = DIRECTION('',(0.,0.,1.));
#2614 = PCURVE('',#398,#2615);
#2615 = DEFINITIONAL_REPRESENTATION('',(#2616),#2620);
#2616 = LINE('',#2617,#2618);
#2617 = CARTESIAN_POINT('',(39.,-1.4));
#2618 = VECTOR('',#2619,1.);
#2619 = DIRECTION('',(0.,-1.));
#2620 = ( GEOMETRIC_REPRESENTATION_CONTEXT(2) 
PARAMETRIC_REPRESENTATION_CONTEXT() REPRESENTATION_CONTEXT('2D SPACE',''
  ) );
#2621 = PCURVE('',#2622,#2627);
#2622 = PLANE('',#2623);
#2623 = AXIS2_PLACEMENT_3D('',#2624,#2625,#2626);
#2624 = CARTESIAN_POINT('',(-8.,-55.,1.4));
#2625 = DIRECTION('',(1.,0.,0.));
#2626 = DIRECTION('',(0.,0.,1.));
#2627 = DEFINITIONAL_REPRESENTATION('',(#2628),#2632);
#2628 = LINE('',#2629,#2630);
#2629 = CARTESIAN_POINT('',(0.,0.));
#2630 = VECTOR('',#2631,1.);
#2631 = DIRECTION('',(1.,0.));
#2632 = ( GEOMETRIC_REPRESENTATION_CONTEXT(2) 
PARAMETRIC_REPRESENTATION_CONTEXT() REPRESENTATION_CONTEXT('2D SPACE',''
  ) );
#2633 = ORIENTED_EDGE('',*,*,#2634,.T.);
#2634 = EDGE_CURVE('',#2607,#2635,#2637,.T.);
#2635 = VERTEX_POINT('',#2636);
#2636 = CARTESIAN_POINT('',(47.,-55.,1.4));
#2637 = SURFACE_CURVE('',#2638,(#2642,#2649),.PCURVE_S1.);
#2638 = LINE('',#2639,#2640);
#2639 = CARTESIAN_POINT('',(0.,-55.,1.4));
#2640 = VECTOR('',#2641,1.);
#2641 = DIRECTION('',(1.,0.,0.));
#2642 = PCURVE('',#398,#2643);
#2643 = DEFINITIONAL_REPRESENTATION('',(#2644),#2648);
#2644 = LINE('',#2645,#2646);
#2645 = CARTESIAN_POINT('',(47.,-1.4));
#2646 = VECTOR('',#2647,1.);
#2647 = DIRECTION('',(1.,0.));
#2648 = ( GEOMETRIC_REPRESENTATION_CONTEXT(2) 
PARAMETRIC_REPRESENTATION_CONTEXT() REPRESENTATION_CONTEXT('2D SPACE',''
  ) );
#2649 = PCURVE('',#2439,#2650);
#2650 = DEFINITIONAL_REPRESENTATION('',(#2651),#2655);
#2651 = LINE('',#2652,#2653);
#2652 = CARTESIAN_POINT('',(-12.90212223237,39.469648228366));
#2653 = VECTOR('',#2654,1.);
#2654 = DIRECTION('',(-0.723917180764,0.689886885942));
#2655 = ( GEOMETRIC_REPRESENTATION_CONTEXT(2) 
PARAMETRIC_REPRESENTATION_CONTEXT() REPRESENTATION_CONTEXT('2D SPACE',''
  ) );
#2656 = ORIENTED_EDGE('',*,*,#2657,.F.);
#2657 = EDGE_CURVE('',#383,#2635,#2658,.T.);
#2658 = SURFACE_CURVE('',#2659,(#2663,#2670),.PCURVE_S1.);
#2659 = LINE('',#2660,#2661);
#2660 = CARTESIAN_POINT('',(47.,-55.,0.));
#2661 = VECTOR('',#2662,1.);
#2662 = DIRECTION('',(0.,0.,1.));
#2663 = PCURVE('',#398,#2664);
#2664 = DEFINITIONAL_REPRESENTATION('',(#2665),#2669);
#2665 = LINE('',#2666,#2667);
#2666 = CARTESIAN_POINT('',(94.,0.));
#2667 = VECTOR('',#2668,1.);
#2668 = DIRECTION('',(0.,-1.));
#2669 = ( GEOMETRIC_REPRESENTATION_CONTEXT(2) 
PARAMETRIC_REPRESENTATION_CONTEXT() REPRESENTATION_CONTEXT('2D SPACE',''
  ) );
#2670 = PCURVE('',#427,#2671);
#2671 = DEFINITIONAL_REPRESENTATION('',(#2672),#2676);
#2672 = LINE('',#2673,#2674);
#2673 = CARTESIAN_POINT('',(-4.712388980385,0.));
#2674 = VECTOR('',#2675,1.);
#2675 = DIRECTION('',(-0.,-1.));
#2676 = ( GEOMETRIC_REPRESENTATION_CONTEXT(2) 
PARAMETRIC_REPRESENTATION_CONTEXT() REPRESENTATION_CONTEXT('2D SPACE',''
  ) );
#2677 = ORIENTED_EDGE('',*,*,#382,.F.);
#2678 = FACE_BOUND('',#2679,.F.);
#2679 = EDGE_LOOP('',(#2680,#2708,#2734,#2760));
#2680 = ORIENTED_EDGE('',*,*,#2681,.F.);
#2681 = EDGE_CURVE('',#2682,#2684,#2686,.T.);
#2682 = VERTEX_POINT('',#2683);
#2683 = CARTESIAN_POINT('',(-24.,-55.,9.25));
#2684 = VERTEX_POINT('',#2685);
#2685 = CARTESIAN_POINT('',(-12.,-55.,9.25));
#2686 = SURFACE_CURVE('',#2687,(#2691,#2697),.PCURVE_S1.);
#2687 = LINE('',#2688,#2689);
#2688 = CARTESIAN_POINT('',(-35.5,-55.,9.25));
#2689 = VECTOR('',#2690,1.);
#2690 = DIRECTION('',(1.,0.,0.));
#2691 = PCURVE('',#398,#2692);
#2692 = DEFINITIONAL_REPRESENTATION('',(#2693),#2696);
#2693 = B_SPLINE_CURVE_WITH_KNOTS('',1,(#2694,#2695),.UNSPECIFIED.,.F.,
  .F.,(2,2),(11.5,23.5),.PIECEWISE_BEZIER_KNOTS.);
#2694 = CARTESIAN_POINT('',(23.,-9.25));
#2695 = CARTESIAN_POINT('',(35.,-9.25));
#2696 = ( GEOMETRIC_REPRESENTATION_CONTEXT(2) 
PARAMETRIC_REPRESENTATION_CONTEXT() REPRESENTATION_CONTEXT('2D SPACE',''
  ) );
#2697 = PCURVE('',#2698,#2703);
#2698 = PLANE('',#2699);
#2699 = AXIS2_PLACEMENT_3D('',#2700,#2701,#2702);
#2700 = CARTESIAN_POINT('',(-24.,-55.5,9.25));
#2701 = DIRECTION('',(0.,0.,1.));
#2702 = DIRECTION('',(1.,0.,0.));
#2703 = DEFINITIONAL_REPRESENTATION('',(#2704),#2707);
#2704 = B_SPLINE_CURVE_WITH_KNOTS('',1,(#2705,#2706),.UNSPECIFIED.,.F.,
  .F.,(2,2),(11.5,23.5),.PIECEWISE_BEZIER_KNOTS.);
#2705 = CARTESIAN_POINT('',(0.,0.5));
#2706 = CARTESIAN_POINT('',(12.,0.5));
#2707 = ( GEOMETRIC_REPRESENTATION_CONTEXT(2) 
PARAMETRIC_REPRESENTATION_CONTEXT() REPRESENTATION_CONTEXT('2D SPACE',''
  ) );
#2708 = ORIENTED_EDGE('',*,*,#2709,.T.);
#2709 = EDGE_CURVE('',#2682,#2710,#2712,.T.);
#2710 = VERTEX_POINT('',#2711);
#2711 = CARTESIAN_POINT('',(-24.,-55.,3.75));
#2712 = SURFACE_CURVE('',#2713,(#2717,#2723),.PCURVE_S1.);
#2713 = LINE('',#2714,#2715);
#2714 = CARTESIAN_POINT('',(-24.,-55.,1.875));
#2715 = VECTOR('',#2716,1.);
#2716 = DIRECTION('',(0.,0.,-1.));
#2717 = PCURVE('',#398,#2718);
#2718 = DEFINITIONAL_REPRESENTATION('',(#2719),#2722);
#2719 = B_SPLINE_CURVE_WITH_KNOTS('',1,(#2720,#2721),.UNSPECIFIED.,.F.,
  .F.,(2,2),(-7.375,-1.875),.PIECEWISE_BEZIER_KNOTS.);
#2720 = CARTESIAN_POINT('',(23.,-9.25));
#2721 = CARTESIAN_POINT('',(23.,-3.75));
#2722 = ( GEOMETRIC_REPRESENTATION_CONTEXT(2) 
PARAMETRIC_REPRESENTATION_CONTEXT() REPRESENTATION_CONTEXT('2D SPACE',''
  ) );
#2723 = PCURVE('',#2724,#2729);
#2724 = PLANE('',#2725);
#2725 = AXIS2_PLACEMENT_3D('',#2726,#2727,#2728);
#2726 = CARTESIAN_POINT('',(-24.,-55.5,3.75));
#2727 = DIRECTION('',(1.,0.,0.));
#2728 = DIRECTION('',(0.,0.,1.));
#2729 = DEFINITIONAL_REPRESENTATION('',(#2730),#2733);
#2730 = B_SPLINE_CURVE_WITH_KNOTS('',1,(#2731,#2732),.UNSPECIFIED.,.F.,
  .F.,(2,2),(-7.375,-1.875),.PIECEWISE_BEZIER_KNOTS.);
#2731 = CARTESIAN_POINT('',(5.5,-0.5));
#2732 = CARTESIAN_POINT('',(0.,-0.5));
#2733 = ( GEOMETRIC_REPRESENTATION_CONTEXT(2) 
PARAMETRIC_REPRESENTATION_CONTEXT() REPRESENTATION_CONTEXT('2D SPACE',''
  ) );
#2734 = ORIENTED_EDGE('',*,*,#2735,.T.);
#2735 = EDGE_CURVE('',#2710,#2736,#2738,.T.);
#2736 = VERTEX_POINT('',#2737);
#2737 = CARTESIAN_POINT('',(-12.,-55.,3.75));
#2738 = SURFACE_CURVE('',#2739,(#2743,#2749),.PCURVE_S1.);
#2739 = LINE('',#2740,#2741);
#2740 = CARTESIAN_POINT('',(-35.5,-55.,3.75));
#2741 = VECTOR('',#2742,1.);
#2742 = DIRECTION('',(1.,0.,0.));
#2743 = PCURVE('',#398,#2744);
#2744 = DEFINITIONAL_REPRESENTATION('',(#2745),#2748);
#2745 = B_SPLINE_CURVE_WITH_KNOTS('',1,(#2746,#2747),.UNSPECIFIED.,.F.,
  .F.,(2,2),(11.5,23.5),.PIECEWISE_BEZIER_KNOTS.);
#2746 = CARTESIAN_POINT('',(23.,-3.75));
#2747 = CARTESIAN_POINT('',(35.,-3.75));
#2748 = ( GEOMETRIC_REPRESENTATION_CONTEXT(2) 
PARAMETRIC_REPRESENTATION_CONTEXT() REPRESENTATION_CONTEXT('2D SPACE',''
  ) );
#2749 = PCURVE('',#2750,#2755);
#2750 = PLANE('',#2751);
#2751 = AXIS2_PLACEMENT_3D('',#2752,#2753,#2754);
#2752 = CARTESIAN_POINT('',(-24.,-55.5,3.75));
#2753 = DIRECTION('',(0.,0.,1.));
#2754 = DIRECTION('',(1.,0.,0.));
#2755 = DEFINITIONAL_REPRESENTATION('',(#2756),#2759);
#2756 = B_SPLINE_CURVE_WITH_KNOTS('',1,(#2757,#2758),.UNSPECIFIED.,.F.,
  .F.,(2,2),(11.5,23.5),.PIECEWISE_BEZIER_KNOTS.);
#2757 = CARTESIAN_POINT('',(0.,0.5));
#2758 = CARTESIAN_POINT('',(12.,0.5));
#2759 = ( GEOMETRIC_REPRESENTATION_CONTEXT(2) 
PARAMETRIC_REPRESENTATION_CONTEXT() REPRESENTATION_CONTEXT('2D SPACE',''
  ) );
#2760 = ORIENTED_EDGE('',*,*,#2761,.F.);
#2761 = EDGE_CURVE('',#2684,#2736,#2762,.T.);
#2762 = SURFACE_CURVE('',#2763,(#2767,#2773),.PCURVE_S1.);
#2763 = LINE('',#2764,#2765);
#2764 = CARTESIAN_POINT('',(-12.,-55.,1.875));
#2765 = VECTOR('',#2766,1.);
#2766 = DIRECTION('',(0.,0.,-1.));
#2767 = PCURVE('',#398,#2768);
#2768 = DEFINITIONAL_REPRESENTATION('',(#2769),#2772);
#2769 = B_SPLINE_CURVE_WITH_KNOTS('',1,(#2770,#2771),.UNSPECIFIED.,.F.,
  .F.,(2,2),(-7.375,-1.875),.PIECEWISE_BEZIER_KNOTS.);
#2770 = CARTESIAN_POINT('',(35.,-9.25));
#2771 = CARTESIAN_POINT('',(35.,-3.75));
#2772 = ( GEOMETRIC_REPRESENTATION_CONTEXT(2) 
PARAMETRIC_REPRESENTATION_CONTEXT() REPRESENTATION_CONTEXT('2D SPACE',''
  ) );
#2773 = PCURVE('',#2774,#2779);
#2774 = PLANE('',#2775);
#2775 = AXIS2_PLACEMENT_3D('',#2776,#2777,#2778);
#2776 = CARTESIAN_POINT('',(-12.,-55.5,3.75));
#2777 = DIRECTION('',(1.,0.,0.));
#2778 = DIRECTION('',(0.,0.,1.));
#2779 = DEFINITIONAL_REPRESENTATION('',(#2780),#2783);
#2780 = B_SPLINE_CURVE_WITH_KNOTS('',1,(#2781,#2782),.UNSPECIFIED.,.F.,
  .F.,(2,2),(-7.375,-1.875),.PIECEWISE_BEZIER_KNOTS.);
#2781 = CARTESIAN_POINT('',(5.5,-0.5));
#2782 = CARTESIAN_POINT('',(0.,-0.5));
#2783 = ( GEOMETRIC_REPRESENTATION_CONTEXT(2) 
PARAMETRIC_REPRESENTATION_CONTEXT() REPRESENTATION_CONTEXT('2D SPACE',''
  ) );
#2784 = ADVANCED_FACE('',(#2785),#427,.T.);
#2785 = FACE_BOUND('',#2786,.F.);
#2786 = EDGE_LOOP('',(#2787,#2788,#2812,#2833));
#2787 = ORIENTED_EDGE('',*,*,#2657,.T.);
#2788 = ORIENTED_EDGE('',*,*,#2789,.T.);
#2789 = EDGE_CURVE('',#2635,#2790,#2792,.T.);
#2790 = VERTEX_POINT('',#2791);
#2791 = CARTESIAN_POINT('',(53.5,-48.5,1.4));
#2792 = SURFACE_CURVE('',#2793,(#2798,#2805),.PCURVE_S1.);
#2793 = CIRCLE('',#2794,6.5);
#2794 = AXIS2_PLACEMENT_3D('',#2795,#2796,#2797);
#2795 = CARTESIAN_POINT('',(47.,-48.5,1.4));
#2796 = DIRECTION('',(0.,0.,1.));
#2797 = DIRECTION('',(1.,0.,0.));
#2798 = PCURVE('',#427,#2799);
#2799 = DEFINITIONAL_REPRESENTATION('',(#2800),#2804);
#2800 = LINE('',#2801,#2802);
#2801 = CARTESIAN_POINT('',(-0.,-1.4));
#2802 = VECTOR('',#2803,1.);
#2803 = DIRECTION('',(-1.,0.));
#2804 = ( GEOMETRIC_REPRESENTATION_CONTEXT(2) 
PARAMETRIC_REPRESENTATION_CONTEXT() REPRESENTATION_CONTEXT('2D SPACE',''
  ) );
#2805 = PCURVE('',#2439,#2806);
#2806 = DEFINITIONAL_REPRESENTATION('',(#2807),#2811);
#2807 = CIRCLE('',#2808,6.5);
#2808 = AXIS2_PLACEMENT_2D('',#2809,#2810);
#2809 = CARTESIAN_POINT('',(-51.41049448691,67.188870192667));
#2810 = DIRECTION('',(-0.723917180764,0.689886885942));
#2811 = ( GEOMETRIC_REPRESENTATION_CONTEXT(2) 
PARAMETRIC_REPRESENTATION_CONTEXT() REPRESENTATION_CONTEXT('2D SPACE',''
  ) );
#2812 = ORIENTED_EDGE('',*,*,#2813,.F.);
#2813 = EDGE_CURVE('',#411,#2790,#2814,.T.);
#2814 = SURFACE_CURVE('',#2815,(#2819,#2826),.PCURVE_S1.);
#2815 = LINE('',#2816,#2817);
#2816 = CARTESIAN_POINT('',(53.5,-48.5,0.));
#2817 = VECTOR('',#2818,1.);
#2818 = DIRECTION('',(0.,0.,1.));
#2819 = PCURVE('',#427,#2820);
#2820 = DEFINITIONAL_REPRESENTATION('',(#2821),#2825);
#2821 = LINE('',#2822,#2823);
#2822 = CARTESIAN_POINT('',(-6.28318530718,0.));
#2823 = VECTOR('',#2824,1.);
#2824 = DIRECTION('',(-0.,-1.));
#2825 = ( GEOMETRIC_REPRESENTATION_CONTEXT(2) 
PARAMETRIC_REPRESENTATION_CONTEXT() REPRESENTATION_CONTEXT('2D SPACE',''
  ) );
#2826 = PCURVE('',#455,#2827);
#2827 = DEFINITIONAL_REPRESENTATION('',(#2828),#2832);
#2828 = LINE('',#2829,#2830);
#2829 = CARTESIAN_POINT('',(0.,0.));
#2830 = VECTOR('',#2831,1.);
#2831 = DIRECTION('',(0.,-1.));
#2832 = ( GEOMETRIC_REPRESENTATION_CONTEXT(2) 
PARAMETRIC_REPRESENTATION_CONTEXT() REPRESENTATION_CONTEXT('2D SPACE',''
  ) );
#2833 = ORIENTED_EDGE('',*,*,#410,.F.);
#2834 = ADVANCED_FACE('',(#2835),#455,.F.);
#2835 = FACE_BOUND('',#2836,.F.);
#2836 = EDGE_LOOP('',(#2837,#2838,#2861,#2882));
#2837 = ORIENTED_EDGE('',*,*,#2813,.T.);
#2838 = ORIENTED_EDGE('',*,*,#2839,.T.);
#2839 = EDGE_CURVE('',#2790,#2840,#2842,.T.);
#2840 = VERTEX_POINT('',#2841);
#2841 = CARTESIAN_POINT('',(53.5,48.5,1.4));
#2842 = SURFACE_CURVE('',#2843,(#2847,#2854),.PCURVE_S1.);
#2843 = LINE('',#2844,#2845);
#2844 = CARTESIAN_POINT('',(53.5,0.,1.4));
#2845 = VECTOR('',#2846,1.);
#2846 = DIRECTION('',(0.,1.,0.));
#2847 = PCURVE('',#455,#2848);
#2848 = DEFINITIONAL_REPRESENTATION('',(#2849),#2853);
#2849 = LINE('',#2850,#2851);
#2850 = CARTESIAN_POINT('',(48.5,-1.4));
#2851 = VECTOR('',#2852,1.);
#2852 = DIRECTION('',(1.,0.));
#2853 = ( GEOMETRIC_REPRESENTATION_CONTEXT(2) 
PARAMETRIC_REPRESENTATION_CONTEXT() REPRESENTATION_CONTEXT('2D SPACE',''
  ) );
#2854 = PCURVE('',#2439,#2855);
#2855 = DEFINITIONAL_REPRESENTATION('',(#2856),#2860);
#2856 = LINE('',#2857,#2858);
#2857 = CARTESIAN_POINT('',(-89.57547013006,36.56315168423));
#2858 = VECTOR('',#2859,1.);
#2859 = DIRECTION('',(-0.689886885942,-0.723917180764));
#2860 = ( GEOMETRIC_REPRESENTATION_CONTEXT(2) 
PARAMETRIC_REPRESENTATION_CONTEXT() REPRESENTATION_CONTEXT('2D SPACE',''
  ) );
#2861 = ORIENTED_EDGE('',*,*,#2862,.F.);
#2862 = EDGE_CURVE('',#440,#2840,#2863,.T.);
#2863 = SURFACE_CURVE('',#2864,(#2868,#2875),.PCURVE_S1.);
#2864 = LINE('',#2865,#2866);
#2865 = CARTESIAN_POINT('',(53.5,48.5,0.));
#2866 = VECTOR('',#2867,1.);
#2867 = DIRECTION('',(0.,0.,1.));
#2868 = PCURVE('',#455,#2869);
#2869 = DEFINITIONAL_REPRESENTATION('',(#2870),#2874);
#2870 = LINE('',#2871,#2872);
#2871 = CARTESIAN_POINT('',(97.,0.));
#2872 = VECTOR('',#2873,1.);
#2873 = DIRECTION('',(0.,-1.));
#2874 = ( GEOMETRIC_REPRESENTATION_CONTEXT(2) 
PARAMETRIC_REPRESENTATION_CONTEXT() REPRESENTATION_CONTEXT('2D SPACE',''
  ) );
#2875 = PCURVE('',#484,#2876);
#2876 = DEFINITIONAL_REPRESENTATION('',(#2877),#2881);
#2877 = LINE('',#2878,#2879);
#2878 = CARTESIAN_POINT('',(-0.,0.));
#2879 = VECTOR('',#2880,1.);
#2880 = DIRECTION('',(-0.,-1.));
#2881 = ( GEOMETRIC_REPRESENTATION_CONTEXT(2) 
PARAMETRIC_REPRESENTATION_CONTEXT() REPRESENTATION_CONTEXT('2D SPACE',''
  ) );
#2882 = ORIENTED_EDGE('',*,*,#439,.F.);
#2883 = ADVANCED_FACE('',(#2884),#484,.T.);
#2884 = FACE_BOUND('',#2885,.F.);
#2885 = EDGE_LOOP('',(#2886,#2887,#2911,#2932));
#2886 = ORIENTED_EDGE('',*,*,#2862,.T.);
#2887 = ORIENTED_EDGE('',*,*,#2888,.T.);
#2888 = EDGE_CURVE('',#2840,#2889,#2891,.T.);
#2889 = VERTEX_POINT('',#2890);
#2890 = CARTESIAN_POINT('',(47.,55.,1.4));
#2891 = SURFACE_CURVE('',#2892,(#2897,#2904),.PCURVE_S1.);
#2892 = CIRCLE('',#2893,6.5);
#2893 = AXIS2_PLACEMENT_3D('',#2894,#2895,#2896);
#2894 = CARTESIAN_POINT('',(47.,48.5,1.4));
#2895 = DIRECTION('',(0.,0.,1.));
#2896 = DIRECTION('',(1.,0.,0.));
#2897 = PCURVE('',#484,#2898);
#2898 = DEFINITIONAL_REPRESENTATION('',(#2899),#2903);
#2899 = LINE('',#2900,#2901);
#2900 = CARTESIAN_POINT('',(-0.,-1.4));
#2901 = VECTOR('',#2902,1.);
#2902 = DIRECTION('',(-1.,0.));
#2903 = ( GEOMETRIC_REPRESENTATION_CONTEXT(2) 
PARAMETRIC_REPRESENTATION_CONTEXT() REPRESENTATION_CONTEXT('2D SPACE',''
  ) );
#2904 = PCURVE('',#2439,#2905);
#2905 = DEFINITIONAL_REPRESENTATION('',(#2906),#2910);
#2906 = CIRCLE('',#2907,6.5);
#2907 = AXIS2_PLACEMENT_2D('',#2908,#2909);
#2908 = CARTESIAN_POINT('',(-118.3295224232,-3.031096341451));
#2909 = DIRECTION('',(-0.723917180764,0.689886885942));
#2910 = ( GEOMETRIC_REPRESENTATION_CONTEXT(2) 
PARAMETRIC_REPRESENTATION_CONTEXT() REPRESENTATION_CONTEXT('2D SPACE',''
  ) );
#2911 = ORIENTED_EDGE('',*,*,#2912,.F.);
#2912 = EDGE_CURVE('',#468,#2889,#2913,.T.);
#2913 = SURFACE_CURVE('',#2914,(#2918,#2925),.PCURVE_S1.);
#2914 = LINE('',#2915,#2916);
#2915 = CARTESIAN_POINT('',(47.,55.,0.));
#2916 = VECTOR('',#2917,1.);
#2917 = DIRECTION('',(0.,0.,1.));
#2918 = PCURVE('',#484,#2919);
#2919 = DEFINITIONAL_REPRESENTATION('',(#2920),#2924);
#2920 = LINE('',#2921,#2922);
#2921 = CARTESIAN_POINT('',(-1.570796326795,0.));
#2922 = VECTOR('',#2923,1.);
#2923 = DIRECTION('',(-0.,-1.));
#2924 = ( GEOMETRIC_REPRESENTATION_CONTEXT(2) 
PARAMETRIC_REPRESENTATION_CONTEXT() REPRESENTATION_CONTEXT('2D SPACE',''
  ) );
#2925 = PCURVE('',#512,#2926);
#2926 = DEFINITIONAL_REPRESENTATION('',(#2927),#2931);
#2927 = LINE('',#2928,#2929);
#2928 = CARTESIAN_POINT('',(94.,0.));
#2929 = VECTOR('',#2930,1.);
#2930 = DIRECTION('',(0.,-1.));
#2931 = ( GEOMETRIC_REPRESENTATION_CONTEXT(2) 
PARAMETRIC_REPRESENTATION_CONTEXT() REPRESENTATION_CONTEXT('2D SPACE',''
  ) );
#2932 = ORIENTED_EDGE('',*,*,#467,.F.);
#2933 = ADVANCED_FACE('',(#2934),#512,.T.);
#2934 = FACE_BOUND('',#2935,.T.);
#2935 = EDGE_LOOP('',(#2936,#2959,#2980,#2981));
#2936 = ORIENTED_EDGE('',*,*,#2937,.T.);
#2937 = EDGE_CURVE('',#497,#2938,#2940,.T.);
#2938 = VERTEX_POINT('',#2939);
#2939 = CARTESIAN_POINT('',(-47.,55.,1.4));
#2940 = SURFACE_CURVE('',#2941,(#2945,#2952),.PCURVE_S1.);
#2941 = LINE('',#2942,#2943);
#2942 = CARTESIAN_POINT('',(-47.,55.,0.));
#2943 = VECTOR('',#2944,1.);
#2944 = DIRECTION('',(0.,0.,1.));
#2945 = PCURVE('',#512,#2946);
#2946 = DEFINITIONAL_REPRESENTATION('',(#2947),#2951);
#2947 = LINE('',#2948,#2949);
#2948 = CARTESIAN_POINT('',(0.,0.));
#2949 = VECTOR('',#2950,1.);
#2950 = DIRECTION('',(0.,-1.));
#2951 = ( GEOMETRIC_REPRESENTATION_CONTEXT(2) 
PARAMETRIC_REPRESENTATION_CONTEXT() REPRESENTATION_CONTEXT('2D SPACE',''
  ) );
#2952 = PCURVE('',#539,#2953);
#2953 = DEFINITIONAL_REPRESENTATION('',(#2954),#2958);
#2954 = LINE('',#2955,#2956);
#2955 = CARTESIAN_POINT('',(-1.570796326795,0.));
#2956 = VECTOR('',#2957,1.);
#2957 = DIRECTION('',(-0.,-1.));
#2958 = ( GEOMETRIC_REPRESENTATION_CONTEXT(2) 
PARAMETRIC_REPRESENTATION_CONTEXT() REPRESENTATION_CONTEXT('2D SPACE',''
  ) );
#2959 = ORIENTED_EDGE('',*,*,#2960,.T.);
#2960 = EDGE_CURVE('',#2938,#2889,#2961,.T.);
#2961 = SURFACE_CURVE('',#2962,(#2966,#2973),.PCURVE_S1.);
#2962 = LINE('',#2963,#2964);
#2963 = CARTESIAN_POINT('',(0.,55.,1.4));
#2964 = VECTOR('',#2965,1.);
#2965 = DIRECTION('',(1.,0.,0.));
#2966 = PCURVE('',#512,#2967);
#2967 = DEFINITIONAL_REPRESENTATION('',(#2968),#2972);
#2968 = LINE('',#2969,#2970);
#2969 = CARTESIAN_POINT('',(47.,-1.4));
#2970 = VECTOR('',#2971,1.);
#2971 = DIRECTION('',(1.,0.));
#2972 = ( GEOMETRIC_REPRESENTATION_CONTEXT(2) 
PARAMETRIC_REPRESENTATION_CONTEXT() REPRESENTATION_CONTEXT('2D SPACE',''
  ) );
#2973 = PCURVE('',#2439,#2974);
#2974 = DEFINITIONAL_REPRESENTATION('',(#2975),#2979);
#2975 = LINE('',#2976,#2977);
#2976 = CARTESIAN_POINT('',(-88.78967968598,-40.16124165568));
#2977 = VECTOR('',#2978,1.);
#2978 = DIRECTION('',(-0.723917180764,0.689886885942));
#2979 = ( GEOMETRIC_REPRESENTATION_CONTEXT(2) 
PARAMETRIC_REPRESENTATION_CONTEXT() REPRESENTATION_CONTEXT('2D SPACE',''
  ) );
#2980 = ORIENTED_EDGE('',*,*,#2912,.F.);
#2981 = ORIENTED_EDGE('',*,*,#496,.F.);
#2982 = ADVANCED_FACE('',(#2983),#539,.T.);
#2983 = FACE_BOUND('',#2984,.F.);
#2984 = EDGE_LOOP('',(#2985,#2986,#3008,#3009));
#2985 = ORIENTED_EDGE('',*,*,#2937,.T.);
#2986 = ORIENTED_EDGE('',*,*,#2987,.T.);
#2987 = EDGE_CURVE('',#2938,#2424,#2988,.T.);
#2988 = SURFACE_CURVE('',#2989,(#2994,#3001),.PCURVE_S1.);
#2989 = CIRCLE('',#2990,6.5);
#2990 = AXIS2_PLACEMENT_3D('',#2991,#2992,#2993);
#2991 = CARTESIAN_POINT('',(-47.,48.5,1.4));
#2992 = DIRECTION('',(0.,0.,1.));
#2993 = DIRECTION('',(1.,0.,0.));
#2994 = PCURVE('',#539,#2995);
#2995 = DEFINITIONAL_REPRESENTATION('',(#2996),#3000);
#2996 = LINE('',#2997,#2998);
#2997 = CARTESIAN_POINT('',(-0.,-1.4));
#2998 = VECTOR('',#2999,1.);
#2999 = DIRECTION('',(-1.,0.));
#3000 = ( GEOMETRIC_REPRESENTATION_CONTEXT(2) 
PARAMETRIC_REPRESENTATION_CONTEXT() REPRESENTATION_CONTEXT('2D SPACE',''
  ) );
#3001 = PCURVE('',#2439,#3002);
#3002 = DEFINITIONAL_REPRESENTATION('',(#3003),#3007);
#3003 = CIRCLE('',#3004,6.5);
#3004 = AXIS2_PLACEMENT_2D('',#3005,#3006);
#3005 = CARTESIAN_POINT('',(-50.28130743144,-67.88046361998));
#3006 = DIRECTION('',(-0.723917180764,0.689886885942));
#3007 = ( GEOMETRIC_REPRESENTATION_CONTEXT(2) 
PARAMETRIC_REPRESENTATION_CONTEXT() REPRESENTATION_CONTEXT('2D SPACE',''
  ) );
#3008 = ORIENTED_EDGE('',*,*,#2451,.F.);
#3009 = ORIENTED_EDGE('',*,*,#524,.F.);
#3010 = ADVANCED_FACE('',(#3011),#571,.T.);
#3011 = FACE_BOUND('',#3012,.T.);
#3012 = EDGE_LOOP('',(#3013,#3014,#3035,#3058));
#3013 = ORIENTED_EDGE('',*,*,#553,.F.);
#3014 = ORIENTED_EDGE('',*,*,#3015,.F.);
#3015 = EDGE_CURVE('',#3016,#554,#3018,.T.);
#3016 = VERTEX_POINT('',#3017);
#3017 = CARTESIAN_POINT('',(-43.45,-50.81506350946,1.4));
#3018 = SURFACE_CURVE('',#3019,(#3023,#3029),.PCURVE_S1.);
#3019 = LINE('',#3020,#3021);
#3020 = CARTESIAN_POINT('',(-43.45,-50.81506350946,0.));
#3021 = VECTOR('',#3022,1.);
#3022 = DIRECTION('',(-0.,-0.,-1.));
#3023 = PCURVE('',#571,#3024);
#3024 = DEFINITIONAL_REPRESENTATION('',(#3025),#3028);
#3025 = B_SPLINE_CURVE_WITH_KNOTS('',1,(#3026,#3027),.UNSPECIFIED.,.F.,
  .F.,(2,2),(-1.54,6.E-07),.PIECEWISE_BEZIER_KNOTS.);
#3026 = CARTESIAN_POINT('',(1.54,2.165063509461));
#3027 = CARTESIAN_POINT('',(-6.E-07,2.165063509461));
#3028 = ( GEOMETRIC_REPRESENTATION_CONTEXT(2) 
PARAMETRIC_REPRESENTATION_CONTEXT() REPRESENTATION_CONTEXT('2D SPACE',''
  ) );
#3029 = PCURVE('',#600,#3030);
#3030 = DEFINITIONAL_REPRESENTATION('',(#3031),#3034);
#3031 = B_SPLINE_CURVE_WITH_KNOTS('',1,(#3032,#3033),.UNSPECIFIED.,.F.,
  .F.,(2,2),(-1.54,6.E-07),.PIECEWISE_BEZIER_KNOTS.);
#3032 = CARTESIAN_POINT('',(-5.616238962676,-1.54));
#3033 = CARTESIAN_POINT('',(-5.616238962676,6.E-07));
#3034 = ( GEOMETRIC_REPRESENTATION_CONTEXT(2) 
PARAMETRIC_REPRESENTATION_CONTEXT() REPRESENTATION_CONTEXT('2D SPACE',''
  ) );
#3035 = ORIENTED_EDGE('',*,*,#3036,.T.);
#3036 = EDGE_CURVE('',#3016,#3037,#3039,.T.);
#3037 = VERTEX_POINT('',#3038);
#3038 = CARTESIAN_POINT('',(-43.45,-53.,1.4));
#3039 = SURFACE_CURVE('',#3040,(#3044,#3051),.PCURVE_S1.);
#3040 = LINE('',#3041,#3042);
#3041 = CARTESIAN_POINT('',(-43.45,-48.65,1.4));
#3042 = VECTOR('',#3043,1.);
#3043 = DIRECTION('',(1.110223024625E-16,-1.,0.));
#3044 = PCURVE('',#571,#3045);
#3045 = DEFINITIONAL_REPRESENTATION('',(#3046),#3050);
#3046 = LINE('',#3047,#3048);
#3047 = CARTESIAN_POINT('',(1.4,0.));
#3048 = VECTOR('',#3049,1.);
#3049 = DIRECTION('',(0.,1.));
#3050 = ( GEOMETRIC_REPRESENTATION_CONTEXT(2) 
PARAMETRIC_REPRESENTATION_CONTEXT() REPRESENTATION_CONTEXT('2D SPACE',''
  ) );
#3051 = PCURVE('',#2439,#3052);
#3052 = DEFINITIONAL_REPRESENTATION('',(#3053),#3057);
#3053 = LINE('',#3054,#3055);
#3054 = CARTESIAN_POINT('',(14.17129754609,4.89718893634));
#3055 = VECTOR('',#3056,1.);
#3056 = DIRECTION('',(0.689886885942,0.723917180764));
#3057 = ( GEOMETRIC_REPRESENTATION_CONTEXT(2) 
PARAMETRIC_REPRESENTATION_CONTEXT() REPRESENTATION_CONTEXT('2D SPACE',''
  ) );
#3058 = ORIENTED_EDGE('',*,*,#3059,.T.);
#3059 = EDGE_CURVE('',#3037,#556,#3060,.T.);
#3060 = SURFACE_CURVE('',#3061,(#3065,#3071),.PCURVE_S1.);
#3061 = LINE('',#3062,#3063);
#3062 = CARTESIAN_POINT('',(-43.45,-53.,-0.1));
#3063 = VECTOR('',#3064,1.);
#3064 = DIRECTION('',(0.,0.,-1.));
#3065 = PCURVE('',#571,#3066);
#3066 = DEFINITIONAL_REPRESENTATION('',(#3067),#3070);
#3067 = B_SPLINE_CURVE_WITH_KNOTS('',1,(#3068,#3069),.UNSPECIFIED.,.F.,
  .F.,(2,2),(-1.5,-0.1),.PIECEWISE_BEZIER_KNOTS.);
#3068 = CARTESIAN_POINT('',(1.4,4.35));
#3069 = CARTESIAN_POINT('',(0.,4.35));
#3070 = ( GEOMETRIC_REPRESENTATION_CONTEXT(2) 
PARAMETRIC_REPRESENTATION_CONTEXT() REPRESENTATION_CONTEXT('2D SPACE',''
  ) );
#3071 = PCURVE('',#825,#3072);
#3072 = DEFINITIONAL_REPRESENTATION('',(#3073),#3076);
#3073 = B_SPLINE_CURVE_WITH_KNOTS('',1,(#3074,#3075),.UNSPECIFIED.,.F.,
  .F.,(2,2),(-1.5,-0.1),.PIECEWISE_BEZIER_KNOTS.);
#3074 = CARTESIAN_POINT('',(3.05,-1.6));
#3075 = CARTESIAN_POINT('',(3.05,-0.2));
#3076 = ( GEOMETRIC_REPRESENTATION_CONTEXT(2) 
PARAMETRIC_REPRESENTATION_CONTEXT() REPRESENTATION_CONTEXT('2D SPACE',''
  ) );
#3077 = ADVANCED_FACE('',(#3078),#600,.T.);
#3078 = FACE_BOUND('',#3079,.F.);
#3079 = EDGE_LOOP('',(#3080,#3108,#3131,#3158,#3159,#3187,#3206,#3207,
    #3208,#3236,#3255,#3256));
#3080 = ORIENTED_EDGE('',*,*,#3081,.T.);
#3081 = EDGE_CURVE('',#2275,#3082,#3084,.T.);
#3082 = VERTEX_POINT('',#3083);
#3083 = CARTESIAN_POINT('',(-42.7,-48.65,1.4));
#3084 = SURFACE_CURVE('',#3085,(#3090,#3097),.PCURVE_S1.);
#3085 = CIRCLE('',#3086,3.5);
#3086 = AXIS2_PLACEMENT_3D('',#3087,#3088,#3089);
#3087 = CARTESIAN_POINT('',(-46.2,-48.65,1.4));
#3088 = DIRECTION('',(0.,0.,-1.));
#3089 = DIRECTION('',(1.,0.,0.));
#3090 = PCURVE('',#600,#3091);
#3091 = DEFINITIONAL_REPRESENTATION('',(#3092),#3096);
#3092 = LINE('',#3093,#3094);
#3093 = CARTESIAN_POINT('',(-6.28318530718,-1.4));
#3094 = VECTOR('',#3095,1.);
#3095 = DIRECTION('',(1.,-0.));
#3096 = ( GEOMETRIC_REPRESENTATION_CONTEXT(2) 
PARAMETRIC_REPRESENTATION_CONTEXT() REPRESENTATION_CONTEXT('2D SPACE',''
  ) );
#3097 = PCURVE('',#2290,#3098);
#3098 = DEFINITIONAL_REPRESENTATION('',(#3099),#3107);
#3099 = ( BOUNDED_CURVE() B_SPLINE_CURVE(2,(#3100,#3101,#3102,#3103,
#3104,#3105,#3106),.UNSPECIFIED.,.T.,.F.) B_SPLINE_CURVE_WITH_KNOTS((1,2
    ,2,2,2,1),(-2.094395102393,0.,2.094395102393,4.188790204786,
6.28318530718,8.377580409573),.UNSPECIFIED.) CURVE() 
GEOMETRIC_REPRESENTATION_ITEM() RATIONAL_B_SPLINE_CURVE((1.,0.5,1.,0.5,
1.,0.5,1.)) REPRESENTATION_ITEM('') );
#3100 = CARTESIAN_POINT('',(13.628359660517,5.414604100796));
#3101 = CARTESIAN_POINT('',(17.810576643261,9.803118782241));
#3102 = CARTESIAN_POINT('',(19.520033350901,3.986955290324));
#3103 = CARTESIAN_POINT('',(21.22949005854,-1.829208201593));
#3104 = CARTESIAN_POINT('',(15.337816368157,-0.40155939112));
#3105 = CARTESIAN_POINT('',(9.446142677774,1.026089419352));
#3106 = CARTESIAN_POINT('',(13.628359660517,5.414604100796));
#3107 = ( GEOMETRIC_REPRESENTATION_CONTEXT(2) 
PARAMETRIC_REPRESENTATION_CONTEXT() REPRESENTATION_CONTEXT('2D SPACE',''
  ) );
#3108 = ORIENTED_EDGE('',*,*,#3109,.T.);
#3109 = EDGE_CURVE('',#3082,#3110,#3112,.T.);
#3110 = VERTEX_POINT('',#3111);
#3111 = CARTESIAN_POINT('',(-42.7,-48.65,10.6));
#3112 = SEAM_CURVE('',#3113,(#3117,#3124),.PCURVE_S1.);
#3113 = LINE('',#3114,#3115);
#3114 = CARTESIAN_POINT('',(-42.7,-48.65,0.));
#3115 = VECTOR('',#3116,1.);
#3116 = DIRECTION('',(0.,0.,1.));
#3117 = PCURVE('',#600,#3118);
#3118 = DEFINITIONAL_REPRESENTATION('',(#3119),#3123);
#3119 = LINE('',#3120,#3121);
#3120 = CARTESIAN_POINT('',(-6.28318530718,0.));
#3121 = VECTOR('',#3122,1.);
#3122 = DIRECTION('',(-0.,-1.));
#3123 = ( GEOMETRIC_REPRESENTATION_CONTEXT(2) 
PARAMETRIC_REPRESENTATION_CONTEXT() REPRESENTATION_CONTEXT('2D SPACE',''
  ) );
#3124 = PCURVE('',#600,#3125);
#3125 = DEFINITIONAL_REPRESENTATION('',(#3126),#3130);
#3126 = LINE('',#3127,#3128);
#3127 = CARTESIAN_POINT('',(-0.,0.));
#3128 = VECTOR('',#3129,1.);
#3129 = DIRECTION('',(-0.,-1.));
#3130 = ( GEOMETRIC_REPRESENTATION_CONTEXT(2) 
PARAMETRIC_REPRESENTATION_CONTEXT() REPRESENTATION_CONTEXT('2D SPACE',''
  ) );
#3131 = ORIENTED_EDGE('',*,*,#3132,.T.);
#3132 = EDGE_CURVE('',#3110,#3110,#3133,.T.);
#3133 = SURFACE_CURVE('',#3134,(#3139,#3146),.PCURVE_S1.);
#3134 = CIRCLE('',#3135,3.5);
#3135 = AXIS2_PLACEMENT_3D('',#3136,#3137,#3138);
#3136 = CARTESIAN_POINT('',(-46.2,-48.65,10.6));
#3137 = DIRECTION('',(0.,0.,1.));
#3138 = DIRECTION('',(1.,0.,0.));
#3139 = PCURVE('',#600,#3140);
#3140 = DEFINITIONAL_REPRESENTATION('',(#3141),#3145);
#3141 = LINE('',#3142,#3143);
#3142 = CARTESIAN_POINT('',(-0.,-10.6));
#3143 = VECTOR('',#3144,1.);
#3144 = DIRECTION('',(-1.,0.));
#3145 = ( GEOMETRIC_REPRESENTATION_CONTEXT(2) 
PARAMETRIC_REPRESENTATION_CONTEXT() REPRESENTATION_CONTEXT('2D SPACE',''
  ) );
#3146 = PCURVE('',#3147,#3152);
#3147 = PLANE('',#3148);
#3148 = AXIS2_PLACEMENT_3D('',#3149,#3150,#3151);
#3149 = CARTESIAN_POINT('',(-46.2,-48.65,10.6));
#3150 = DIRECTION('',(0.,0.,1.));
#3151 = DIRECTION('',(1.,0.,-0.));
#3152 = DEFINITIONAL_REPRESENTATION('',(#3153),#3157);
#3153 = CIRCLE('',#3154,3.5);
#3154 = AXIS2_PLACEMENT_2D('',#3155,#3156);
#3155 = CARTESIAN_POINT('',(0.,7.105427357601E-15));
#3156 = DIRECTION('',(1.,0.));
#3157 = ( GEOMETRIC_REPRESENTATION_CONTEXT(2) 
PARAMETRIC_REPRESENTATION_CONTEXT() REPRESENTATION_CONTEXT('2D SPACE',''
  ) );
#3158 = ORIENTED_EDGE('',*,*,#3109,.F.);
#3159 = ORIENTED_EDGE('',*,*,#3160,.T.);
#3160 = EDGE_CURVE('',#3082,#3161,#3163,.T.);
#3161 = VERTEX_POINT('',#3162);
#3162 = CARTESIAN_POINT('',(-42.82527908495,-49.57804027152,1.4));
#3163 = SURFACE_CURVE('',#3164,(#3169,#3176),.PCURVE_S1.);
#3164 = CIRCLE('',#3165,3.5);
#3165 = AXIS2_PLACEMENT_3D('',#3166,#3167,#3168);
#3166 = CARTESIAN_POINT('',(-46.2,-48.65,1.4));
#3167 = DIRECTION('',(0.,0.,-1.));
#3168 = DIRECTION('',(1.,0.,0.));
#3169 = PCURVE('',#600,#3170);
#3170 = DEFINITIONAL_REPRESENTATION('',(#3171),#3175);
#3171 = LINE('',#3172,#3173);
#3172 = CARTESIAN_POINT('',(-6.28318530718,-1.4));
#3173 = VECTOR('',#3174,1.);
#3174 = DIRECTION('',(1.,-0.));
#3175 = ( GEOMETRIC_REPRESENTATION_CONTEXT(2) 
PARAMETRIC_REPRESENTATION_CONTEXT() REPRESENTATION_CONTEXT('2D SPACE',''
  ) );
#3176 = PCURVE('',#2290,#3177);
#3177 = DEFINITIONAL_REPRESENTATION('',(#3178),#3186);
#3178 = ( BOUNDED_CURVE() B_SPLINE_CURVE(2,(#3179,#3180,#3181,#3182,
#3183,#3184,#3185),.UNSPECIFIED.,.T.,.F.) B_SPLINE_CURVE_WITH_KNOTS((1,2
    ,2,2,2,1),(-2.094395102393,0.,2.094395102393,4.188790204786,
6.28318530718,8.377580409573),.UNSPECIFIED.) CURVE() 
GEOMETRIC_REPRESENTATION_ITEM() RATIONAL_B_SPLINE_CURVE((1.,0.5,1.,0.5,
1.,0.5,1.)) REPRESENTATION_ITEM('') );
#3179 = CARTESIAN_POINT('',(13.628359660517,5.414604100796));
#3180 = CARTESIAN_POINT('',(17.810576643261,9.803118782241));
#3181 = CARTESIAN_POINT('',(19.520033350901,3.986955290324));
#3182 = CARTESIAN_POINT('',(21.22949005854,-1.829208201593));
#3183 = CARTESIAN_POINT('',(15.337816368157,-0.40155939112));
#3184 = CARTESIAN_POINT('',(9.446142677774,1.026089419352));
#3185 = CARTESIAN_POINT('',(13.628359660517,5.414604100796));
#3186 = ( GEOMETRIC_REPRESENTATION_CONTEXT(2) 
PARAMETRIC_REPRESENTATION_CONTEXT() REPRESENTATION_CONTEXT('2D SPACE',''
  ) );
#3187 = ORIENTED_EDGE('',*,*,#3188,.T.);
#3188 = EDGE_CURVE('',#3161,#584,#3189,.T.);
#3189 = SURFACE_CURVE('',#3190,(#3194,#3200),.PCURVE_S1.);
#3190 = LINE('',#3191,#3192);
#3191 = CARTESIAN_POINT('',(-42.82527908495,-49.57804027152,0.));
#3192 = VECTOR('',#3193,1.);
#3193 = DIRECTION('',(-0.,-0.,-1.));
#3194 = PCURVE('',#600,#3195);
#3195 = DEFINITIONAL_REPRESENTATION('',(#3196),#3199);
#3196 = B_SPLINE_CURVE_WITH_KNOTS('',1,(#3197,#3198),.UNSPECIFIED.,.F.,
  .F.,(2,2),(-1.54,6.E-07),.PIECEWISE_BEZIER_KNOTS.);
#3197 = CARTESIAN_POINT('',(-6.014821294693,-1.54));
#3198 = CARTESIAN_POINT('',(-6.014821294693,6.E-07));
#3199 = ( GEOMETRIC_REPRESENTATION_CONTEXT(2) 
PARAMETRIC_REPRESENTATION_CONTEXT() REPRESENTATION_CONTEXT('2D SPACE',''
  ) );
#3200 = PCURVE('',#628,#3201);
#3201 = DEFINITIONAL_REPRESENTATION('',(#3202),#3205);
#3202 = B_SPLINE_CURVE_WITH_KNOTS('',1,(#3203,#3204),.UNSPECIFIED.,.F.,
  .F.,(2,2),(-1.54,6.E-07),.PIECEWISE_BEZIER_KNOTS.);
#3203 = CARTESIAN_POINT('',(1.54,14.35929415546));
#3204 = CARTESIAN_POINT('',(-6.E-07,14.35929415546));
#3205 = ( GEOMETRIC_REPRESENTATION_CONTEXT(2) 
PARAMETRIC_REPRESENTATION_CONTEXT() REPRESENTATION_CONTEXT('2D SPACE',''
  ) );
#3206 = ORIENTED_EDGE('',*,*,#583,.F.);
#3207 = ORIENTED_EDGE('',*,*,#3015,.F.);
#3208 = ORIENTED_EDGE('',*,*,#3209,.T.);
#3209 = EDGE_CURVE('',#3016,#3210,#3212,.T.);
#3210 = VERTEX_POINT('',#3211);
#3211 = CARTESIAN_POINT('',(-48.95,-50.81506350946,1.4));
#3212 = SURFACE_CURVE('',#3213,(#3218,#3225),.PCURVE_S1.);
#3213 = CIRCLE('',#3214,3.5);
#3214 = AXIS2_PLACEMENT_3D('',#3215,#3216,#3217);
#3215 = CARTESIAN_POINT('',(-46.2,-48.65,1.4));
#3216 = DIRECTION('',(0.,0.,-1.));
#3217 = DIRECTION('',(1.,0.,0.));
#3218 = PCURVE('',#600,#3219);
#3219 = DEFINITIONAL_REPRESENTATION('',(#3220),#3224);
#3220 = LINE('',#3221,#3222);
#3221 = CARTESIAN_POINT('',(-6.28318530718,-1.4));
#3222 = VECTOR('',#3223,1.);
#3223 = DIRECTION('',(1.,-0.));
#3224 = ( GEOMETRIC_REPRESENTATION_CONTEXT(2) 
PARAMETRIC_REPRESENTATION_CONTEXT() REPRESENTATION_CONTEXT('2D SPACE',''
  ) );
#3225 = PCURVE('',#2439,#3226);
#3226 = DEFINITIONAL_REPRESENTATION('',(#3227),#3235);
#3227 = ( BOUNDED_CURVE() B_SPLINE_CURVE(2,(#3228,#3229,#3230,#3231,
#3232,#3233,#3234),.UNSPECIFIED.,.T.,.F.) B_SPLINE_CURVE_WITH_KNOTS((1,2
    ,2,2,2,1),(-2.094395102393,0.,2.094395102393,4.188790204786,
6.28318530718,8.377580409573),.UNSPECIFIED.) CURVE() 
GEOMETRIC_REPRESENTATION_ITEM() RATIONAL_B_SPLINE_CURVE((1.,0.5,1.,0.5,
1.,0.5,1.)) REPRESENTATION_ITEM('') );
#3228 = CARTESIAN_POINT('',(13.628359660517,5.414604100796));
#3229 = CARTESIAN_POINT('',(17.810576643261,9.803118782241));
#3230 = CARTESIAN_POINT('',(19.520033350901,3.986955290324));
#3231 = CARTESIAN_POINT('',(21.22949005854,-1.829208201593));
#3232 = CARTESIAN_POINT('',(15.337816368157,-0.40155939112));
#3233 = CARTESIAN_POINT('',(9.446142677774,1.026089419352));
#3234 = CARTESIAN_POINT('',(13.628359660517,5.414604100796));
#3235 = ( GEOMETRIC_REPRESENTATION_CONTEXT(2) 
PARAMETRIC_REPRESENTATION_CONTEXT() REPRESENTATION_CONTEXT('2D SPACE',''
  ) );
#3236 = ORIENTED_EDGE('',*,*,#3237,.T.);
#3237 = EDGE_CURVE('',#3210,#1258,#3238,.T.);
#3238 = SURFACE_CURVE('',#3239,(#3243,#3249),.PCURVE_S1.);
#3239 = LINE('',#3240,#3241);
#3240 = CARTESIAN_POINT('',(-48.95,-50.81506350946,0.));
#3241 = VECTOR('',#3242,1.);
#3242 = DIRECTION('',(-0.,-0.,-1.));
#3243 = PCURVE('',#600,#3244);
#3244 = DEFINITIONAL_REPRESENTATION('',(#3245),#3248);
#3245 = B_SPLINE_CURVE_WITH_KNOTS('',1,(#3246,#3247),.UNSPECIFIED.,.F.,
  .F.,(2,2),(-1.54,6.E-07),.PIECEWISE_BEZIER_KNOTS.);
#3246 = CARTESIAN_POINT('',(-3.808538998093,-1.54));
#3247 = CARTESIAN_POINT('',(-3.808538998093,6.E-07));
#3248 = ( GEOMETRIC_REPRESENTATION_CONTEXT(2) 
PARAMETRIC_REPRESENTATION_CONTEXT() REPRESENTATION_CONTEXT('2D SPACE',''
  ) );
#3249 = PCURVE('',#1297,#3250);
#3250 = DEFINITIONAL_REPRESENTATION('',(#3251),#3254);
#3251 = B_SPLINE_CURVE_WITH_KNOTS('',1,(#3252,#3253),.UNSPECIFIED.,.F.,
  .F.,(2,2),(-1.54,6.E-07),.PIECEWISE_BEZIER_KNOTS.);
#3252 = CARTESIAN_POINT('',(1.54,2.165063509461));
#3253 = CARTESIAN_POINT('',(-6.E-07,2.165063509461));
#3254 = ( GEOMETRIC_REPRESENTATION_CONTEXT(2) 
PARAMETRIC_REPRESENTATION_CONTEXT() REPRESENTATION_CONTEXT('2D SPACE',''
  ) );
#3255 = ORIENTED_EDGE('',*,*,#1257,.F.);
#3256 = ORIENTED_EDGE('',*,*,#2302,.F.);
#3257 = ADVANCED_FACE('',(#3258),#628,.T.);
#3258 = FACE_BOUND('',#3259,.T.);
#3259 = EDGE_LOOP('',(#3260,#3261,#3280,#3281,#3304,#3325));
#3260 = ORIENTED_EDGE('',*,*,#612,.F.);
#3261 = ORIENTED_EDGE('',*,*,#3262,.F.);
#3262 = EDGE_CURVE('',#1809,#613,#3263,.T.);
#3263 = SURFACE_CURVE('',#3264,(#3268,#3274),.PCURVE_S1.);
#3264 = LINE('',#3265,#3266);
#3265 = CARTESIAN_POINT('',(-32.72008444572,-39.94787614952,0.));
#3266 = VECTOR('',#3267,1.);
#3267 = DIRECTION('',(-0.,-0.,-1.));
#3268 = PCURVE('',#628,#3269);
#3269 = DEFINITIONAL_REPRESENTATION('',(#3270),#3273);
#3270 = B_SPLINE_CURVE_WITH_KNOTS('',1,(#3271,#3272),.UNSPECIFIED.,.F.,
  .F.,(2,2),(-1.0000006,6.E-07),.PIECEWISE_BEZIER_KNOTS.);
#3271 = CARTESIAN_POINT('',(1.0000006,0.400246203918));
#3272 = CARTESIAN_POINT('',(-6.E-07,0.400246203918));
#3273 = ( GEOMETRIC_REPRESENTATION_CONTEXT(2) 
PARAMETRIC_REPRESENTATION_CONTEXT() REPRESENTATION_CONTEXT('2D SPACE',''
  ) );
#3274 = PCURVE('',#657,#3275);
#3275 = DEFINITIONAL_REPRESENTATION('',(#3276),#3279);
#3276 = B_SPLINE_CURVE_WITH_KNOTS('',1,(#3277,#3278),.UNSPECIFIED.,.F.,
  .F.,(2,2),(-1.0000006,6.E-07),.PIECEWISE_BEZIER_KNOTS.);
#3277 = CARTESIAN_POINT('',(-4.567869547399,-1.0000006));
#3278 = CARTESIAN_POINT('',(-4.567869547399,6.E-07));
#3279 = ( GEOMETRIC_REPRESENTATION_CONTEXT(2) 
PARAMETRIC_REPRESENTATION_CONTEXT() REPRESENTATION_CONTEXT('2D SPACE',''
  ) );
#3280 = ORIENTED_EDGE('',*,*,#1808,.T.);
#3281 = ORIENTED_EDGE('',*,*,#3282,.T.);
#3282 = EDGE_CURVE('',#1783,#3283,#3285,.T.);
#3283 = VERTEX_POINT('',#3284);
#3284 = CARTESIAN_POINT('',(-32.43033934217,-39.67175154229,1.4));
#3285 = SURFACE_CURVE('',#3286,(#3290,#3297),.PCURVE_S1.);
#3286 = LINE('',#3287,#3288);
#3287 = CARTESIAN_POINT('',(-32.43033934217,-39.67175154229,0.));
#3288 = VECTOR('',#3289,1.);
#3289 = DIRECTION('',(0.,0.,1.));
#3290 = PCURVE('',#628,#3291);
#3291 = DEFINITIONAL_REPRESENTATION('',(#3292),#3296);
#3292 = LINE('',#3293,#3294);
#3293 = CARTESIAN_POINT('',(0.,0.));
#3294 = VECTOR('',#3295,1.);
#3295 = DIRECTION('',(1.,0.));
#3296 = ( GEOMETRIC_REPRESENTATION_CONTEXT(2) 
PARAMETRIC_REPRESENTATION_CONTEXT() REPRESENTATION_CONTEXT('2D SPACE',''
  ) );
#3297 = PCURVE('',#1797,#3298);
#3298 = DEFINITIONAL_REPRESENTATION('',(#3299),#3303);
#3299 = LINE('',#3300,#3301);
#3300 = CARTESIAN_POINT('',(0.,-6.));
#3301 = VECTOR('',#3302,1.);
#3302 = DIRECTION('',(1.,0.));
#3303 = ( GEOMETRIC_REPRESENTATION_CONTEXT(2) 
PARAMETRIC_REPRESENTATION_CONTEXT() REPRESENTATION_CONTEXT('2D SPACE',''
  ) );
#3304 = ORIENTED_EDGE('',*,*,#3305,.T.);
#3305 = EDGE_CURVE('',#3283,#3161,#3306,.T.);
#3306 = SURFACE_CURVE('',#3307,(#3311,#3318),.PCURVE_S1.);
#3307 = LINE('',#3308,#3309);
#3308 = CARTESIAN_POINT('',(-32.43033934217,-39.67175154229,1.4));
#3309 = VECTOR('',#3310,1.);
#3310 = DIRECTION('',(-0.723917180764,-0.689886885942,0.));
#3311 = PCURVE('',#628,#3312);
#3312 = DEFINITIONAL_REPRESENTATION('',(#3313),#3317);
#3313 = LINE('',#3314,#3315);
#3314 = CARTESIAN_POINT('',(1.4,0.));
#3315 = VECTOR('',#3316,1.);
#3316 = DIRECTION('',(0.,1.));
#3317 = ( GEOMETRIC_REPRESENTATION_CONTEXT(2) 
PARAMETRIC_REPRESENTATION_CONTEXT() REPRESENTATION_CONTEXT('2D SPACE',''
  ) );
#3318 = PCURVE('',#2290,#3319);
#3319 = DEFINITIONAL_REPRESENTATION('',(#3320),#3324);
#3320 = LINE('',#3321,#3322);
#3321 = CARTESIAN_POINT('',(0.,6.));
#3322 = VECTOR('',#3323,1.);
#3323 = DIRECTION('',(1.,0.));
#3324 = ( GEOMETRIC_REPRESENTATION_CONTEXT(2) 
PARAMETRIC_REPRESENTATION_CONTEXT() REPRESENTATION_CONTEXT('2D SPACE',''
  ) );
#3325 = ORIENTED_EDGE('',*,*,#3188,.T.);
#3326 = ADVANCED_FACE('',(#3327),#657,.T.);
#3327 = FACE_BOUND('',#3328,.F.);
#3328 = EDGE_LOOP('',(#3329,#3330,#3331,#3332));
#3329 = ORIENTED_EDGE('',*,*,#640,.F.);
#3330 = ORIENTED_EDGE('',*,*,#3262,.F.);
#3331 = ORIENTED_EDGE('',*,*,#1829,.T.);
#3332 = ORIENTED_EDGE('',*,*,#3333,.F.);
#3333 = EDGE_CURVE('',#641,#1830,#3334,.T.);
#3334 = SURFACE_CURVE('',#3335,(#3339,#3346),.PCURVE_S1.);
#3335 = LINE('',#3336,#3337);
#3336 = CARTESIAN_POINT('',(-32.,-40.,0.));
#3337 = VECTOR('',#3338,1.);
#3338 = DIRECTION('',(0.,0.,1.));
#3339 = PCURVE('',#657,#3340);
#3340 = DEFINITIONAL_REPRESENTATION('',(#3341),#3345);
#3341 = LINE('',#3342,#3343);
#3342 = CARTESIAN_POINT('',(-4.712388980385,0.));
#3343 = VECTOR('',#3344,1.);
#3344 = DIRECTION('',(-0.,-1.));
#3345 = ( GEOMETRIC_REPRESENTATION_CONTEXT(2) 
PARAMETRIC_REPRESENTATION_CONTEXT() REPRESENTATION_CONTEXT('2D SPACE',''
  ) );
#3346 = PCURVE('',#685,#3347);
#3347 = DEFINITIONAL_REPRESENTATION('',(#3348),#3352);
#3348 = LINE('',#3349,#3350);
#3349 = CARTESIAN_POINT('',(0.,0.));
#3350 = VECTOR('',#3351,1.);
#3351 = DIRECTION('',(0.,-1.));
#3352 = ( GEOMETRIC_REPRESENTATION_CONTEXT(2) 
PARAMETRIC_REPRESENTATION_CONTEXT() REPRESENTATION_CONTEXT('2D SPACE',''
  ) );
#3353 = ADVANCED_FACE('',(#3354),#685,.F.);
#3354 = FACE_BOUND('',#3355,.F.);
#3355 = EDGE_LOOP('',(#3356,#3357,#3358,#3379));
#3356 = ORIENTED_EDGE('',*,*,#3333,.T.);
#3357 = ORIENTED_EDGE('',*,*,#1853,.T.);
#3358 = ORIENTED_EDGE('',*,*,#3359,.F.);
#3359 = EDGE_CURVE('',#670,#1854,#3360,.T.);
#3360 = SURFACE_CURVE('',#3361,(#3365,#3372),.PCURVE_S1.);
#3361 = LINE('',#3362,#3363);
#3362 = CARTESIAN_POINT('',(32.,-40.,0.));
#3363 = VECTOR('',#3364,1.);
#3364 = DIRECTION('',(0.,0.,1.));
#3365 = PCURVE('',#685,#3366);
#3366 = DEFINITIONAL_REPRESENTATION('',(#3367),#3371);
#3367 = LINE('',#3368,#3369);
#3368 = CARTESIAN_POINT('',(64.,0.));
#3369 = VECTOR('',#3370,1.);
#3370 = DIRECTION('',(0.,-1.));
#3371 = ( GEOMETRIC_REPRESENTATION_CONTEXT(2) 
PARAMETRIC_REPRESENTATION_CONTEXT() REPRESENTATION_CONTEXT('2D SPACE',''
  ) );
#3372 = PCURVE('',#714,#3373);
#3373 = DEFINITIONAL_REPRESENTATION('',(#3374),#3378);
#3374 = LINE('',#3375,#3376);
#3375 = CARTESIAN_POINT('',(-4.712388980385,0.));
#3376 = VECTOR('',#3377,1.);
#3377 = DIRECTION('',(-0.,-1.));
#3378 = ( GEOMETRIC_REPRESENTATION_CONTEXT(2) 
PARAMETRIC_REPRESENTATION_CONTEXT() REPRESENTATION_CONTEXT('2D SPACE',''
  ) );
#3379 = ORIENTED_EDGE('',*,*,#669,.F.);
#3380 = ADVANCED_FACE('',(#3381),#714,.T.);
#3381 = FACE_BOUND('',#3382,.F.);
#3382 = EDGE_LOOP('',(#3383,#3384,#3385,#3386));
#3383 = ORIENTED_EDGE('',*,*,#697,.F.);
#3384 = ORIENTED_EDGE('',*,*,#3359,.T.);
#3385 = ORIENTED_EDGE('',*,*,#1876,.T.);
#3386 = ORIENTED_EDGE('',*,*,#3387,.T.);
#3387 = EDGE_CURVE('',#1877,#698,#3388,.T.);
#3388 = SURFACE_CURVE('',#3389,(#3393,#3399),.PCURVE_S1.);
#3389 = LINE('',#3390,#3391);
#3390 = CARTESIAN_POINT('',(32.720084445726,-39.94787614952,0.));
#3391 = VECTOR('',#3392,1.);
#3392 = DIRECTION('',(-0.,-0.,-1.));
#3393 = PCURVE('',#714,#3394);
#3394 = DEFINITIONAL_REPRESENTATION('',(#3395),#3398);
#3395 = B_SPLINE_CURVE_WITH_KNOTS('',1,(#3396,#3397),.UNSPECIFIED.,.F.,
  .F.,(2,2),(-1.0000006,6.E-07),.PIECEWISE_BEZIER_KNOTS.);
#3396 = CARTESIAN_POINT('',(-4.856908413371,-1.0000006));
#3397 = CARTESIAN_POINT('',(-4.856908413371,6.E-07));
#3398 = ( GEOMETRIC_REPRESENTATION_CONTEXT(2) 
PARAMETRIC_REPRESENTATION_CONTEXT() REPRESENTATION_CONTEXT('2D SPACE',''
  ) );
#3399 = PCURVE('',#742,#3400);
#3400 = DEFINITIONAL_REPRESENTATION('',(#3401),#3404);
#3401 = B_SPLINE_CURVE_WITH_KNOTS('',1,(#3402,#3403),.UNSPECIFIED.,.F.,
  .F.,(2,2),(-1.0000006,6.E-07),.PIECEWISE_BEZIER_KNOTS.);
#3402 = CARTESIAN_POINT('',(1.0000006,0.400246203918));
#3403 = CARTESIAN_POINT('',(-6.E-07,0.400246203918));
#3404 = ( GEOMETRIC_REPRESENTATION_CONTEXT(2) 
PARAMETRIC_REPRESENTATION_CONTEXT() REPRESENTATION_CONTEXT('2D SPACE',''
  ) );
#3405 = ADVANCED_FACE('',(#3406),#742,.F.);
#3406 = FACE_BOUND('',#3407,.F.);
#3407 = EDGE_LOOP('',(#3408,#3409,#3410,#3411,#3434,#3462));
#3408 = ORIENTED_EDGE('',*,*,#726,.F.);
#3409 = ORIENTED_EDGE('',*,*,#3387,.F.);
#3410 = ORIENTED_EDGE('',*,*,#1900,.T.);
#3411 = ORIENTED_EDGE('',*,*,#3412,.T.);
#3412 = EDGE_CURVE('',#1901,#3413,#3415,.T.);
#3413 = VERTEX_POINT('',#3414);
#3414 = CARTESIAN_POINT('',(32.430339342174,-39.67175154229,1.4));
#3415 = SURFACE_CURVE('',#3416,(#3420,#3427),.PCURVE_S1.);
#3416 = LINE('',#3417,#3418);
#3417 = CARTESIAN_POINT('',(32.430339342174,-39.67175154229,0.));
#3418 = VECTOR('',#3419,1.);
#3419 = DIRECTION('',(0.,0.,1.));
#3420 = PCURVE('',#742,#3421);
#3421 = DEFINITIONAL_REPRESENTATION('',(#3422),#3426);
#3422 = LINE('',#3423,#3424);
#3423 = CARTESIAN_POINT('',(0.,0.));
#3424 = VECTOR('',#3425,1.);
#3425 = DIRECTION('',(1.,0.));
#3426 = ( GEOMETRIC_REPRESENTATION_CONTEXT(2) 
PARAMETRIC_REPRESENTATION_CONTEXT() REPRESENTATION_CONTEXT('2D SPACE',''
  ) );
#3427 = PCURVE('',#1936,#3428);
#3428 = DEFINITIONAL_REPRESENTATION('',(#3429),#3433);
#3429 = LINE('',#3430,#3431);
#3430 = CARTESIAN_POINT('',(0.,0.));
#3431 = VECTOR('',#3432,1.);
#3432 = DIRECTION('',(1.,0.));
#3433 = ( GEOMETRIC_REPRESENTATION_CONTEXT(2) 
PARAMETRIC_REPRESENTATION_CONTEXT() REPRESENTATION_CONTEXT('2D SPACE',''
  ) );
#3434 = ORIENTED_EDGE('',*,*,#3435,.T.);
#3435 = EDGE_CURVE('',#3413,#3436,#3438,.T.);
#3436 = VERTEX_POINT('',#3437);
#3437 = CARTESIAN_POINT('',(42.825279084957,-49.57804027152,1.4));
#3438 = SURFACE_CURVE('',#3439,(#3443,#3450),.PCURVE_S1.);
#3439 = LINE('',#3440,#3441);
#3440 = CARTESIAN_POINT('',(32.430339342174,-39.67175154229,1.4));
#3441 = VECTOR('',#3442,1.);
#3442 = DIRECTION('',(0.723917180764,-0.689886885942,0.));
#3443 = PCURVE('',#742,#3444);
#3444 = DEFINITIONAL_REPRESENTATION('',(#3445),#3449);
#3445 = LINE('',#3446,#3447);
#3446 = CARTESIAN_POINT('',(1.4,0.));
#3447 = VECTOR('',#3448,1.);
#3448 = DIRECTION('',(0.,1.));
#3449 = ( GEOMETRIC_REPRESENTATION_CONTEXT(2) 
PARAMETRIC_REPRESENTATION_CONTEXT() REPRESENTATION_CONTEXT('2D SPACE',''
  ) );
#3450 = PCURVE('',#3451,#3456);
#3451 = PLANE('',#3452);
#3452 = AXIS2_PLACEMENT_3D('',#3453,#3454,#3455);
#3453 = CARTESIAN_POINT('',(-36.56966065782,-35.3282484577,1.4));
#3454 = DIRECTION('',(0.,0.,1.));
#3455 = DIRECTION('',(-0.723917180764,-0.689886885942,0.));
#3456 = DEFINITIONAL_REPRESENTATION('',(#3457),#3461);
#3457 = LINE('',#3458,#3459);
#3458 = CARTESIAN_POINT('',(-46.95375965562,50.746531637621));
#3459 = VECTOR('',#3460,1.);
#3460 = DIRECTION('',(-4.811216921089E-02,0.998841939034));
#3461 = ( GEOMETRIC_REPRESENTATION_CONTEXT(2) 
PARAMETRIC_REPRESENTATION_CONTEXT() REPRESENTATION_CONTEXT('2D SPACE',''
  ) );
#3462 = ORIENTED_EDGE('',*,*,#3463,.T.);
#3463 = EDGE_CURVE('',#3436,#727,#3464,.T.);
#3464 = SURFACE_CURVE('',#3465,(#3469,#3475),.PCURVE_S1.);
#3465 = LINE('',#3466,#3467);
#3466 = CARTESIAN_POINT('',(42.825279084957,-49.57804027152,0.));
#3467 = VECTOR('',#3468,1.);
#3468 = DIRECTION('',(-0.,-0.,-1.));
#3469 = PCURVE('',#742,#3470);
#3470 = DEFINITIONAL_REPRESENTATION('',(#3471),#3474);
#3471 = B_SPLINE_CURVE_WITH_KNOTS('',1,(#3472,#3473),.UNSPECIFIED.,.F.,
  .F.,(2,2),(-1.54,6.E-07),.PIECEWISE_BEZIER_KNOTS.);
#3472 = CARTESIAN_POINT('',(1.54,14.35929415546));
#3473 = CARTESIAN_POINT('',(-6.E-07,14.35929415546));
#3474 = ( GEOMETRIC_REPRESENTATION_CONTEXT(2) 
PARAMETRIC_REPRESENTATION_CONTEXT() REPRESENTATION_CONTEXT('2D SPACE',''
  ) );
#3475 = PCURVE('',#771,#3476);
#3476 = DEFINITIONAL_REPRESENTATION('',(#3477),#3480);
#3477 = B_SPLINE_CURVE_WITH_KNOTS('',1,(#3478,#3479),.UNSPECIFIED.,.F.,
  .F.,(2,2),(-1.54,6.E-07),.PIECEWISE_BEZIER_KNOTS.);
#3478 = CARTESIAN_POINT('',(-3.409956666077,-1.54));
#3479 = CARTESIAN_POINT('',(-3.409956666077,6.E-07));
#3480 = ( GEOMETRIC_REPRESENTATION_CONTEXT(2) 
PARAMETRIC_REPRESENTATION_CONTEXT() REPRESENTATION_CONTEXT('2D SPACE',''
  ) );
#3481 = ADVANCED_FACE('',(#3482),#771,.T.);
#3482 = FACE_BOUND('',#3483,.F.);
#3483 = EDGE_LOOP('',(#3484,#3485,#3508,#3535,#3536,#3537,#3558,#3586,
    #3605,#3606,#3607,#3635));
#3484 = ORIENTED_EDGE('',*,*,#892,.F.);
#3485 = ORIENTED_EDGE('',*,*,#3486,.T.);
#3486 = EDGE_CURVE('',#869,#3487,#3489,.T.);
#3487 = VERTEX_POINT('',#3488);
#3488 = CARTESIAN_POINT('',(49.7,-48.65,10.6));
#3489 = SEAM_CURVE('',#3490,(#3494,#3501),.PCURVE_S1.);
#3490 = LINE('',#3491,#3492);
#3491 = CARTESIAN_POINT('',(49.7,-48.65,0.));
#3492 = VECTOR('',#3493,1.);
#3493 = DIRECTION('',(0.,0.,1.));
#3494 = PCURVE('',#771,#3495);
#3495 = DEFINITIONAL_REPRESENTATION('',(#3496),#3500);
#3496 = LINE('',#3497,#3498);
#3497 = CARTESIAN_POINT('',(-6.28318530718,0.));
#3498 = VECTOR('',#3499,1.);
#3499 = DIRECTION('',(-0.,-1.));
#3500 = ( GEOMETRIC_REPRESENTATION_CONTEXT(2) 
PARAMETRIC_REPRESENTATION_CONTEXT() REPRESENTATION_CONTEXT('2D SPACE',''
  ) );
#3501 = PCURVE('',#771,#3502);
#3502 = DEFINITIONAL_REPRESENTATION('',(#3503),#3507);
#3503 = LINE('',#3504,#3505);
#3504 = CARTESIAN_POINT('',(-0.,0.));
#3505 = VECTOR('',#3506,1.);
#3506 = DIRECTION('',(-0.,-1.));
#3507 = ( GEOMETRIC_REPRESENTATION_CONTEXT(2) 
PARAMETRIC_REPRESENTATION_CONTEXT() REPRESENTATION_CONTEXT('2D SPACE',''
  ) );
#3508 = ORIENTED_EDGE('',*,*,#3509,.T.);
#3509 = EDGE_CURVE('',#3487,#3487,#3510,.T.);
#3510 = SURFACE_CURVE('',#3511,(#3516,#3523),.PCURVE_S1.);
#3511 = CIRCLE('',#3512,3.5);
#3512 = AXIS2_PLACEMENT_3D('',#3513,#3514,#3515);
#3513 = CARTESIAN_POINT('',(46.2,-48.65,10.6));
#3514 = DIRECTION('',(0.,0.,1.));
#3515 = DIRECTION('',(1.,0.,0.));
#3516 = PCURVE('',#771,#3517);
#3517 = DEFINITIONAL_REPRESENTATION('',(#3518),#3522);
#3518 = LINE('',#3519,#3520);
#3519 = CARTESIAN_POINT('',(-0.,-10.6));
#3520 = VECTOR('',#3521,1.);
#3521 = DIRECTION('',(-1.,0.));
#3522 = ( GEOMETRIC_REPRESENTATION_CONTEXT(2) 
PARAMETRIC_REPRESENTATION_CONTEXT() REPRESENTATION_CONTEXT('2D SPACE',''
  ) );
#3523 = PCURVE('',#3524,#3529);
#3524 = PLANE('',#3525);
#3525 = AXIS2_PLACEMENT_3D('',#3526,#3527,#3528);
#3526 = CARTESIAN_POINT('',(46.2,-48.65,10.6));
#3527 = DIRECTION('',(0.,0.,1.));
#3528 = DIRECTION('',(1.,0.,-0.));
#3529 = DEFINITIONAL_REPRESENTATION('',(#3530),#3534);
#3530 = CIRCLE('',#3531,3.5);
#3531 = AXIS2_PLACEMENT_2D('',#3532,#3533);
#3532 = CARTESIAN_POINT('',(-7.105427357601E-15,7.105427357601E-15));
#3533 = DIRECTION('',(1.,0.));
#3534 = ( GEOMETRIC_REPRESENTATION_CONTEXT(2) 
PARAMETRIC_REPRESENTATION_CONTEXT() REPRESENTATION_CONTEXT('2D SPACE',''
  ) );
#3535 = ORIENTED_EDGE('',*,*,#3486,.F.);
#3536 = ORIENTED_EDGE('',*,*,#868,.F.);
#3537 = ORIENTED_EDGE('',*,*,#3538,.F.);
#3538 = EDGE_CURVE('',#3539,#839,#3541,.T.);
#3539 = VERTEX_POINT('',#3540);
#3540 = CARTESIAN_POINT('',(48.95,-50.81506350946,1.4));
#3541 = SURFACE_CURVE('',#3542,(#3546,#3552),.PCURVE_S1.);
#3542 = LINE('',#3543,#3544);
#3543 = CARTESIAN_POINT('',(48.95,-50.81506350946,0.));
#3544 = VECTOR('',#3545,1.);
#3545 = DIRECTION('',(-0.,-0.,-1.));
#3546 = PCURVE('',#771,#3547);
#3547 = DEFINITIONAL_REPRESENTATION('',(#3548),#3551);
#3548 = B_SPLINE_CURVE_WITH_KNOTS('',1,(#3549,#3550),.UNSPECIFIED.,.F.,
  .F.,(2,2),(-1.54,6.E-07),.PIECEWISE_BEZIER_KNOTS.);
#3549 = CARTESIAN_POINT('',(-5.616238962676,-1.54));
#3550 = CARTESIAN_POINT('',(-5.616238962676,6.E-07));
#3551 = ( GEOMETRIC_REPRESENTATION_CONTEXT(2) 
PARAMETRIC_REPRESENTATION_CONTEXT() REPRESENTATION_CONTEXT('2D SPACE',''
  ) );
#3552 = PCURVE('',#856,#3553);
#3553 = DEFINITIONAL_REPRESENTATION('',(#3554),#3557);
#3554 = B_SPLINE_CURVE_WITH_KNOTS('',1,(#3555,#3556),.UNSPECIFIED.,.F.,
  .F.,(2,2),(-1.54,6.E-07),.PIECEWISE_BEZIER_KNOTS.);
#3555 = CARTESIAN_POINT('',(1.54,2.165063509461));
#3556 = CARTESIAN_POINT('',(-6.E-07,2.165063509461));
#3557 = ( GEOMETRIC_REPRESENTATION_CONTEXT(2) 
PARAMETRIC_REPRESENTATION_CONTEXT() REPRESENTATION_CONTEXT('2D SPACE',''
  ) );
#3558 = ORIENTED_EDGE('',*,*,#3559,.T.);
#3559 = EDGE_CURVE('',#3539,#3560,#3562,.T.);
#3560 = VERTEX_POINT('',#3561);
#3561 = CARTESIAN_POINT('',(43.45,-50.81506350946,1.4));
#3562 = SURFACE_CURVE('',#3563,(#3568,#3575),.PCURVE_S1.);
#3563 = CIRCLE('',#3564,3.5);
#3564 = AXIS2_PLACEMENT_3D('',#3565,#3566,#3567);
#3565 = CARTESIAN_POINT('',(46.2,-48.65,1.4));
#3566 = DIRECTION('',(0.,0.,-1.));
#3567 = DIRECTION('',(1.,0.,0.));
#3568 = PCURVE('',#771,#3569);
#3569 = DEFINITIONAL_REPRESENTATION('',(#3570),#3574);
#3570 = LINE('',#3571,#3572);
#3571 = CARTESIAN_POINT('',(-6.28318530718,-1.4));
#3572 = VECTOR('',#3573,1.);
#3573 = DIRECTION('',(1.,-0.));
#3574 = ( GEOMETRIC_REPRESENTATION_CONTEXT(2) 
PARAMETRIC_REPRESENTATION_CONTEXT() REPRESENTATION_CONTEXT('2D SPACE',''
  ) );
#3575 = PCURVE('',#2439,#3576);
#3576 = DEFINITIONAL_REPRESENTATION('',(#3577),#3585);
#3577 = ( BOUNDED_CURVE() B_SPLINE_CURVE(2,(#3578,#3579,#3580,#3581,
#3582,#3583,#3584),.UNSPECIFIED.,.T.,.F.) B_SPLINE_CURVE_WITH_KNOTS((1,2
    ,2,2,2,1),(-2.094395102393,0.,2.094395102393,4.188790204786,
6.28318530718,8.377580409573),.UNSPECIFIED.) CURVE() 
GEOMETRIC_REPRESENTATION_ITEM() RATIONAL_B_SPLINE_CURVE((1.,0.5,1.,0.5,
1.,0.5,1.)) REPRESENTATION_ITEM('') );
#3578 = CARTESIAN_POINT('',(-53.26158784208,69.160152361824));
#3579 = CARTESIAN_POINT('',(-49.07937085934,73.548667043268));
#3580 = CARTESIAN_POINT('',(-47.3699141517,67.732503551351));
#3581 = CARTESIAN_POINT('',(-45.66045744406,61.916340059435));
#3582 = CARTESIAN_POINT('',(-51.55213113444,63.343988869907));
#3583 = CARTESIAN_POINT('',(-57.44380482482,64.77163768038));
#3584 = CARTESIAN_POINT('',(-53.26158784208,69.160152361824));
#3585 = ( GEOMETRIC_REPRESENTATION_CONTEXT(2) 
PARAMETRIC_REPRESENTATION_CONTEXT() REPRESENTATION_CONTEXT('2D SPACE',''
  ) );
#3586 = ORIENTED_EDGE('',*,*,#3587,.T.);
#3587 = EDGE_CURVE('',#3560,#755,#3588,.T.);
#3588 = SURFACE_CURVE('',#3589,(#3593,#3599),.PCURVE_S1.);
#3589 = LINE('',#3590,#3591);
#3590 = CARTESIAN_POINT('',(43.45,-50.81506350946,0.));
#3591 = VECTOR('',#3592,1.);
#3592 = DIRECTION('',(-0.,-0.,-1.));
#3593 = PCURVE('',#771,#3594);
#3594 = DEFINITIONAL_REPRESENTATION('',(#3595),#3598);
#3595 = B_SPLINE_CURVE_WITH_KNOTS('',1,(#3596,#3597),.UNSPECIFIED.,.F.,
  .F.,(2,2),(-1.54,6.E-07),.PIECEWISE_BEZIER_KNOTS.);
#3596 = CARTESIAN_POINT('',(-3.808538998093,-1.54));
#3597 = CARTESIAN_POINT('',(-3.808538998093,6.E-07));
#3598 = ( GEOMETRIC_REPRESENTATION_CONTEXT(2) 
PARAMETRIC_REPRESENTATION_CONTEXT() REPRESENTATION_CONTEXT('2D SPACE',''
  ) );
#3599 = PCURVE('',#799,#3600);
#3600 = DEFINITIONAL_REPRESENTATION('',(#3601),#3604);
#3601 = B_SPLINE_CURVE_WITH_KNOTS('',1,(#3602,#3603),.UNSPECIFIED.,.F.,
  .F.,(2,2),(-1.54,6.E-07),.PIECEWISE_BEZIER_KNOTS.);
#3602 = CARTESIAN_POINT('',(1.54,2.165063509461));
#3603 = CARTESIAN_POINT('',(-6.E-07,2.165063509461));
#3604 = ( GEOMETRIC_REPRESENTATION_CONTEXT(2) 
PARAMETRIC_REPRESENTATION_CONTEXT() REPRESENTATION_CONTEXT('2D SPACE',''
  ) );
#3605 = ORIENTED_EDGE('',*,*,#754,.F.);
#3606 = ORIENTED_EDGE('',*,*,#3463,.F.);
#3607 = ORIENTED_EDGE('',*,*,#3608,.T.);
#3608 = EDGE_CURVE('',#3436,#3609,#3611,.T.);
#3609 = VERTEX_POINT('',#3610);
#3610 = CARTESIAN_POINT('',(46.964600400608,-45.23453718694,1.4));
#3611 = SURFACE_CURVE('',#3612,(#3617,#3624),.PCURVE_S1.);
#3612 = CIRCLE('',#3613,3.5);
#3613 = AXIS2_PLACEMENT_3D('',#3614,#3615,#3616);
#3614 = CARTESIAN_POINT('',(46.2,-48.65,1.4));
#3615 = DIRECTION('',(0.,0.,-1.));
#3616 = DIRECTION('',(1.,0.,0.));
#3617 = PCURVE('',#771,#3618);
#3618 = DEFINITIONAL_REPRESENTATION('',(#3619),#3623);
#3619 = LINE('',#3620,#3621);
#3620 = CARTESIAN_POINT('',(-6.28318530718,-1.4));
#3621 = VECTOR('',#3622,1.);
#3622 = DIRECTION('',(1.,-0.));
#3623 = ( GEOMETRIC_REPRESENTATION_CONTEXT(2) 
PARAMETRIC_REPRESENTATION_CONTEXT() REPRESENTATION_CONTEXT('2D SPACE',''
  ) );
#3624 = PCURVE('',#3451,#3625);
#3625 = DEFINITIONAL_REPRESENTATION('',(#3626),#3634);
#3626 = ( BOUNDED_CURVE() B_SPLINE_CURVE(2,(#3627,#3628,#3629,#3630,
#3631,#3632,#3633),.UNSPECIFIED.,.T.,.F.) B_SPLINE_CURVE_WITH_KNOTS((1,2
    ,2,2,2,1),(-2.094395102393,0.,2.094395102393,4.188790204786,
6.28318530718,8.377580409573),.UNSPECIFIED.) CURVE() 
GEOMETRIC_REPRESENTATION_ITEM() RATIONAL_B_SPLINE_CURVE((1.,0.5,1.,0.5,
1.,0.5,1.)) REPRESENTATION_ITEM('') );
#3627 = CARTESIAN_POINT('',(-53.26158784208,69.160152361824));
#3628 = CARTESIAN_POINT('',(-49.07937085934,73.548667043268));
#3629 = CARTESIAN_POINT('',(-47.3699141517,67.732503551351));
#3630 = CARTESIAN_POINT('',(-45.66045744406,61.916340059435));
#3631 = CARTESIAN_POINT('',(-51.55213113444,63.343988869907));
#3632 = CARTESIAN_POINT('',(-57.44380482482,64.77163768038));
#3633 = CARTESIAN_POINT('',(-53.26158784208,69.160152361824));
#3634 = ( GEOMETRIC_REPRESENTATION_CONTEXT(2) 
PARAMETRIC_REPRESENTATION_CONTEXT() REPRESENTATION_CONTEXT('2D SPACE',''
  ) );
#3635 = ORIENTED_EDGE('',*,*,#3636,.T.);
#3636 = EDGE_CURVE('',#3609,#893,#3637,.T.);
#3637 = SURFACE_CURVE('',#3638,(#3642,#3648),.PCURVE_S1.);
#3638 = LINE('',#3639,#3640);
#3639 = CARTESIAN_POINT('',(46.964600400608,-45.23453718694,0.));
#3640 = VECTOR('',#3641,1.);
#3641 = DIRECTION('',(-0.,-0.,-1.));
#3642 = PCURVE('',#771,#3643);
#3643 = DEFINITIONAL_REPRESENTATION('',(#3644),#3647);
#3644 = B_SPLINE_CURVE_WITH_KNOTS('',1,(#3645,#3646),.UNSPECIFIED.,.F.,
  .F.,(2,2),(-1.54,6.E-07),.PIECEWISE_BEZIER_KNOTS.);
#3645 = CARTESIAN_POINT('',(-1.350563064401,-1.54));
#3646 = CARTESIAN_POINT('',(-1.350563064401,6.E-07));
#3647 = ( GEOMETRIC_REPRESENTATION_CONTEXT(2) 
PARAMETRIC_REPRESENTATION_CONTEXT() REPRESENTATION_CONTEXT('2D SPACE',''
  ) );
#3648 = PCURVE('',#932,#3649);
#3649 = DEFINITIONAL_REPRESENTATION('',(#3650),#3653);
#3650 = B_SPLINE_CURVE_WITH_KNOTS('',1,(#3651,#3652),.UNSPECIFIED.,.F.,
  .F.,(2,2),(-1.54,6.E-07),.PIECEWISE_BEZIER_KNOTS.);
#3651 = CARTESIAN_POINT('',(1.54,14.35929415546));
#3652 = CARTESIAN_POINT('',(-6.E-07,14.35929415546));
#3653 = ( GEOMETRIC_REPRESENTATION_CONTEXT(2) 
PARAMETRIC_REPRESENTATION_CONTEXT() REPRESENTATION_CONTEXT('2D SPACE',''
  ) );
#3654 = ADVANCED_FACE('',(#3655),#799,.F.);
#3655 = FACE_BOUND('',#3656,.F.);
#3656 = EDGE_LOOP('',(#3657,#3658,#3659,#3682));
#3657 = ORIENTED_EDGE('',*,*,#783,.F.);
#3658 = ORIENTED_EDGE('',*,*,#3587,.F.);
#3659 = ORIENTED_EDGE('',*,*,#3660,.T.);
#3660 = EDGE_CURVE('',#3560,#3661,#3663,.T.);
#3661 = VERTEX_POINT('',#3662);
#3662 = CARTESIAN_POINT('',(43.45,-53.,1.4));
#3663 = SURFACE_CURVE('',#3664,(#3668,#3675),.PCURVE_S1.);
#3664 = LINE('',#3665,#3666);
#3665 = CARTESIAN_POINT('',(43.45,-48.65,1.4));
#3666 = VECTOR('',#3667,1.);
#3667 = DIRECTION('',(1.110223024625E-16,-1.,0.));
#3668 = PCURVE('',#799,#3669);
#3669 = DEFINITIONAL_REPRESENTATION('',(#3670),#3674);
#3670 = LINE('',#3671,#3672);
#3671 = CARTESIAN_POINT('',(1.4,0.));
#3672 = VECTOR('',#3673,1.);
#3673 = DIRECTION('',(0.,1.));
#3674 = ( GEOMETRIC_REPRESENTATION_CONTEXT(2) 
PARAMETRIC_REPRESENTATION_CONTEXT() REPRESENTATION_CONTEXT('2D SPACE',''
  ) );
#3675 = PCURVE('',#2439,#3676);
#3676 = DEFINITIONAL_REPRESENTATION('',(#3677),#3681);
#3677 = LINE('',#3678,#3679);
#3678 = CARTESIAN_POINT('',(-48.73710546231,64.848359324688));
#3679 = VECTOR('',#3680,1.);
#3680 = DIRECTION('',(0.689886885942,0.723917180764));
#3681 = ( GEOMETRIC_REPRESENTATION_CONTEXT(2) 
PARAMETRIC_REPRESENTATION_CONTEXT() REPRESENTATION_CONTEXT('2D SPACE',''
  ) );
#3682 = ORIENTED_EDGE('',*,*,#3683,.T.);
#3683 = EDGE_CURVE('',#3661,#784,#3684,.T.);
#3684 = SURFACE_CURVE('',#3685,(#3689,#3695),.PCURVE_S1.);
#3685 = LINE('',#3686,#3687);
#3686 = CARTESIAN_POINT('',(43.45,-53.,-0.1));
#3687 = VECTOR('',#3688,1.);
#3688 = DIRECTION('',(0.,0.,-1.));
#3689 = PCURVE('',#799,#3690);
#3690 = DEFINITIONAL_REPRESENTATION('',(#3691),#3694);
#3691 = B_SPLINE_CURVE_WITH_KNOTS('',1,(#3692,#3693),.UNSPECIFIED.,.F.,
  .F.,(2,2),(-1.5,-0.1),.PIECEWISE_BEZIER_KNOTS.);
#3692 = CARTESIAN_POINT('',(1.4,4.35));
#3693 = CARTESIAN_POINT('',(0.,4.35));
#3694 = ( GEOMETRIC_REPRESENTATION_CONTEXT(2) 
PARAMETRIC_REPRESENTATION_CONTEXT() REPRESENTATION_CONTEXT('2D SPACE',''
  ) );
#3695 = PCURVE('',#825,#3696);
#3696 = DEFINITIONAL_REPRESENTATION('',(#3697),#3700);
#3697 = B_SPLINE_CURVE_WITH_KNOTS('',1,(#3698,#3699),.UNSPECIFIED.,.F.,
  .F.,(2,2),(-1.5,-0.1),.PIECEWISE_BEZIER_KNOTS.);
#3698 = CARTESIAN_POINT('',(89.95,-1.6));
#3699 = CARTESIAN_POINT('',(89.95,-0.2));
#3700 = ( GEOMETRIC_REPRESENTATION_CONTEXT(2) 
PARAMETRIC_REPRESENTATION_CONTEXT() REPRESENTATION_CONTEXT('2D SPACE',''
  ) );
#3701 = ADVANCED_FACE('',(#3702),#825,.T.);
#3702 = FACE_BOUND('',#3703,.T.);
#3703 = EDGE_LOOP('',(#3704,#3705,#3706,#3707));
#3704 = ORIENTED_EDGE('',*,*,#3683,.T.);
#3705 = ORIENTED_EDGE('',*,*,#811,.T.);
#3706 = ORIENTED_EDGE('',*,*,#3059,.F.);
#3707 = ORIENTED_EDGE('',*,*,#3708,.F.);
#3708 = EDGE_CURVE('',#3661,#3037,#3709,.T.);
#3709 = SURFACE_CURVE('',#3710,(#3714,#3720),.PCURVE_S1.);
#3710 = LINE('',#3711,#3712);
#3711 = CARTESIAN_POINT('',(-23.25,-53.,1.4));
#3712 = VECTOR('',#3713,1.);
#3713 = DIRECTION('',(-1.,0.,0.));
#3714 = PCURVE('',#825,#3715);
#3715 = DEFINITIONAL_REPRESENTATION('',(#3716),#3719);
#3716 = B_SPLINE_CURVE_WITH_KNOTS('',1,(#3717,#3718),.UNSPECIFIED.,.F.,
  .F.,(2,2),(-69.75,23.25),.PIECEWISE_BEZIER_KNOTS.);
#3717 = CARTESIAN_POINT('',(93.,-1.6));
#3718 = CARTESIAN_POINT('',(0.,-1.6));
#3719 = ( GEOMETRIC_REPRESENTATION_CONTEXT(2) 
PARAMETRIC_REPRESENTATION_CONTEXT() REPRESENTATION_CONTEXT('2D SPACE',''
  ) );
#3720 = PCURVE('',#2439,#3721);
#3721 = DEFINITIONAL_REPRESENTATION('',(#3722),#3726);
#3722 = LINE('',#3723,#3724);
#3723 = CARTESIAN_POINT('',(2.549178448503,21.981943768689));
#3724 = VECTOR('',#3725,1.);
#3725 = DIRECTION('',(0.723917180764,-0.689886885942));
#3726 = ( GEOMETRIC_REPRESENTATION_CONTEXT(2) 
PARAMETRIC_REPRESENTATION_CONTEXT() REPRESENTATION_CONTEXT('2D SPACE',''
  ) );
#3727 = ADVANCED_FACE('',(#3728),#856,.T.);
#3728 = FACE_BOUND('',#3729,.T.);
#3729 = EDGE_LOOP('',(#3730,#3731,#3732,#3755));
#3730 = ORIENTED_EDGE('',*,*,#838,.F.);
#3731 = ORIENTED_EDGE('',*,*,#3538,.F.);
#3732 = ORIENTED_EDGE('',*,*,#3733,.T.);
#3733 = EDGE_CURVE('',#3539,#3734,#3736,.T.);
#3734 = VERTEX_POINT('',#3735);
#3735 = CARTESIAN_POINT('',(48.95,-52.27458607002,1.4));
#3736 = SURFACE_CURVE('',#3737,(#3741,#3748),.PCURVE_S1.);
#3737 = LINE('',#3738,#3739);
#3738 = CARTESIAN_POINT('',(48.95,-48.65,1.4));
#3739 = VECTOR('',#3740,1.);
#3740 = DIRECTION('',(1.110223024625E-16,-1.,0.));
#3741 = PCURVE('',#856,#3742);
#3742 = DEFINITIONAL_REPRESENTATION('',(#3743),#3747);
#3743 = LINE('',#3744,#3745);
#3744 = CARTESIAN_POINT('',(1.4,0.));
#3745 = VECTOR('',#3746,1.);
#3746 = DIRECTION('',(0.,1.));
#3747 = ( GEOMETRIC_REPRESENTATION_CONTEXT(2) 
PARAMETRIC_REPRESENTATION_CONTEXT() REPRESENTATION_CONTEXT('2D SPACE',''
  ) );
#3748 = PCURVE('',#2439,#3749);
#3749 = DEFINITIONAL_REPRESENTATION('',(#3750),#3754);
#3750 = LINE('',#3751,#3752);
#3751 = CARTESIAN_POINT('',(-52.71864995651,68.642737197368));
#3752 = VECTOR('',#3753,1.);
#3753 = DIRECTION('',(0.689886885942,0.723917180764));
#3754 = ( GEOMETRIC_REPRESENTATION_CONTEXT(2) 
PARAMETRIC_REPRESENTATION_CONTEXT() REPRESENTATION_CONTEXT('2D SPACE',''
  ) );
#3755 = ORIENTED_EDGE('',*,*,#3756,.T.);
#3756 = EDGE_CURVE('',#3734,#841,#3757,.T.);
#3757 = SURFACE_CURVE('',#3758,(#3762,#3768),.PCURVE_S1.);
#3758 = LINE('',#3759,#3760);
#3759 = CARTESIAN_POINT('',(48.95,-52.27458607002,-0.2));
#3760 = VECTOR('',#3761,1.);
#3761 = DIRECTION('',(-0.,-0.,-1.));
#3762 = PCURVE('',#856,#3763);
#3763 = DEFINITIONAL_REPRESENTATION('',(#3764),#3767);
#3764 = B_SPLINE_CURVE_WITH_KNOTS('',1,(#3765,#3766),.UNSPECIFIED.,.F.,
  .F.,(2,2),(-1.6000006,-0.1999994),.PIECEWISE_BEZIER_KNOTS.);
#3765 = CARTESIAN_POINT('',(1.4000006,3.624586070021));
#3766 = CARTESIAN_POINT('',(-5.999999999895E-07,3.624586070021));
#3767 = ( GEOMETRIC_REPRESENTATION_CONTEXT(2) 
PARAMETRIC_REPRESENTATION_CONTEXT() REPRESENTATION_CONTEXT('2D SPACE',''
  ) );
#3768 = PCURVE('',#1218,#3769);
#3769 = DEFINITIONAL_REPRESENTATION('',(#3770),#3773);
#3770 = B_SPLINE_CURVE_WITH_KNOTS('',1,(#3771,#3772),.UNSPECIFIED.,.F.,
  .F.,(2,2),(-1.6000006,-0.1999994),.PIECEWISE_BEZIER_KNOTS.);
#3771 = CARTESIAN_POINT('',(-5.288115628365,-1.6000006));
#3772 = CARTESIAN_POINT('',(-5.288115628365,-0.1999994));
#3773 = ( GEOMETRIC_REPRESENTATION_CONTEXT(2) 
PARAMETRIC_REPRESENTATION_CONTEXT() REPRESENTATION_CONTEXT('2D SPACE',''
  ) );
#3774 = ADVANCED_FACE('',(#3775),#932,.T.);
#3775 = FACE_BOUND('',#3776,.T.);
#3776 = EDGE_LOOP('',(#3777,#3778,#3797,#3798,#3821,#3842));
#3777 = ORIENTED_EDGE('',*,*,#916,.F.);
#3778 = ORIENTED_EDGE('',*,*,#3779,.F.);
#3779 = EDGE_CURVE('',#1948,#917,#3780,.T.);
#3780 = SURFACE_CURVE('',#3781,(#3785,#3791),.PCURVE_S1.);
#3781 = LINE('',#3782,#3783);
#3782 = CARTESIAN_POINT('',(36.951820117411,-35.69244315637,0.));
#3783 = VECTOR('',#3784,1.);
#3784 = DIRECTION('',(-0.,-0.,-1.));
#3785 = PCURVE('',#932,#3786);
#3786 = DEFINITIONAL_REPRESENTATION('',(#3787),#3790);
#3787 = B_SPLINE_CURVE_WITH_KNOTS('',1,(#3788,#3789),.UNSPECIFIED.,.F.,
  .F.,(2,2),(-1.0000006,6.E-07),.PIECEWISE_BEZIER_KNOTS.);
#3788 = CARTESIAN_POINT('',(1.0000006,0.527904945123));
#3789 = CARTESIAN_POINT('',(-6.E-07,0.527904945123));
#3790 = ( GEOMETRIC_REPRESENTATION_CONTEXT(2) 
PARAMETRIC_REPRESENTATION_CONTEXT() REPRESENTATION_CONTEXT('2D SPACE',''
  ) );
#3791 = PCURVE('',#961,#3792);
#3792 = DEFINITIONAL_REPRESENTATION('',(#3793),#3796);
#3793 = B_SPLINE_CURVE_WITH_KNOTS('',1,(#3794,#3795),.UNSPECIFIED.,.F.,
  .F.,(2,2),(-1.0000006,6.E-07),.PIECEWISE_BEZIER_KNOTS.);
#3794 = CARTESIAN_POINT('',(-6.144250129868,-1.0000006));
#3795 = CARTESIAN_POINT('',(-6.144250129868,6.E-07));
#3796 = ( GEOMETRIC_REPRESENTATION_CONTEXT(2) 
PARAMETRIC_REPRESENTATION_CONTEXT() REPRESENTATION_CONTEXT('2D SPACE',''
  ) );
#3797 = ORIENTED_EDGE('',*,*,#1947,.T.);
#3798 = ORIENTED_EDGE('',*,*,#3799,.T.);
#3799 = EDGE_CURVE('',#1922,#3800,#3802,.T.);
#3800 = VERTEX_POINT('',#3801);
#3801 = CARTESIAN_POINT('',(36.569660657826,-35.3282484577,1.4));
#3802 = SURFACE_CURVE('',#3803,(#3807,#3814),.PCURVE_S1.);
#3803 = LINE('',#3804,#3805);
#3804 = CARTESIAN_POINT('',(36.569660657826,-35.3282484577,0.));
#3805 = VECTOR('',#3806,1.);
#3806 = DIRECTION('',(0.,0.,1.));
#3807 = PCURVE('',#932,#3808);
#3808 = DEFINITIONAL_REPRESENTATION('',(#3809),#3813);
#3809 = LINE('',#3810,#3811);
#3810 = CARTESIAN_POINT('',(0.,0.));
#3811 = VECTOR('',#3812,1.);
#3812 = DIRECTION('',(1.,0.));
#3813 = ( GEOMETRIC_REPRESENTATION_CONTEXT(2) 
PARAMETRIC_REPRESENTATION_CONTEXT() REPRESENTATION_CONTEXT('2D SPACE',''
  ) );
#3814 = PCURVE('',#1936,#3815);
#3815 = DEFINITIONAL_REPRESENTATION('',(#3816),#3820);
#3816 = LINE('',#3817,#3818);
#3817 = CARTESIAN_POINT('',(0.,-6.));
#3818 = VECTOR('',#3819,1.);
#3819 = DIRECTION('',(1.,0.));
#3820 = ( GEOMETRIC_REPRESENTATION_CONTEXT(2) 
PARAMETRIC_REPRESENTATION_CONTEXT() REPRESENTATION_CONTEXT('2D SPACE',''
  ) );
#3821 = ORIENTED_EDGE('',*,*,#3822,.T.);
#3822 = EDGE_CURVE('',#3800,#3609,#3823,.T.);
#3823 = SURFACE_CURVE('',#3824,(#3828,#3835),.PCURVE_S1.);
#3824 = LINE('',#3825,#3826);
#3825 = CARTESIAN_POINT('',(36.569660657826,-35.3282484577,1.4));
#3826 = VECTOR('',#3827,1.);
#3827 = DIRECTION('',(0.723917180764,-0.689886885942,0.));
#3828 = PCURVE('',#932,#3829);
#3829 = DEFINITIONAL_REPRESENTATION('',(#3830),#3834);
#3830 = LINE('',#3831,#3832);
#3831 = CARTESIAN_POINT('',(1.4,0.));
#3832 = VECTOR('',#3833,1.);
#3833 = DIRECTION('',(0.,1.));
#3834 = ( GEOMETRIC_REPRESENTATION_CONTEXT(2) 
PARAMETRIC_REPRESENTATION_CONTEXT() REPRESENTATION_CONTEXT('2D SPACE',''
  ) );
#3835 = PCURVE('',#3451,#3836);
#3836 = DEFINITIONAL_REPRESENTATION('',(#3837),#3841);
#3837 = LINE('',#3838,#3839);
#3838 = CARTESIAN_POINT('',(-52.94681128982,50.457858622356));
#3839 = VECTOR('',#3840,1.);
#3840 = DIRECTION('',(-4.811216921089E-02,0.998841939034));
#3841 = ( GEOMETRIC_REPRESENTATION_CONTEXT(2) 
PARAMETRIC_REPRESENTATION_CONTEXT() REPRESENTATION_CONTEXT('2D SPACE',''
  ) );
#3842 = ORIENTED_EDGE('',*,*,#3636,.T.);
#3843 = ADVANCED_FACE('',(#3844),#961,.T.);
#3844 = FACE_BOUND('',#3845,.F.);
#3845 = EDGE_LOOP('',(#3846,#3847,#3848,#3849));
#3846 = ORIENTED_EDGE('',*,*,#944,.F.);
#3847 = ORIENTED_EDGE('',*,*,#3779,.F.);
#3848 = ORIENTED_EDGE('',*,*,#1968,.T.);
#3849 = ORIENTED_EDGE('',*,*,#3850,.F.);
#3850 = EDGE_CURVE('',#945,#1969,#3851,.T.);
#3851 = SURFACE_CURVE('',#3852,(#3856,#3863),.PCURVE_S1.);
#3852 = LINE('',#3853,#3854);
#3853 = CARTESIAN_POINT('',(37.,-35.,0.));
#3854 = VECTOR('',#3855,1.);
#3855 = DIRECTION('',(0.,0.,1.));
#3856 = PCURVE('',#961,#3857);
#3857 = DEFINITIONAL_REPRESENTATION('',(#3858),#3862);
#3858 = LINE('',#3859,#3860);
#3859 = CARTESIAN_POINT('',(-6.28318530718,0.));
#3860 = VECTOR('',#3861,1.);
#3861 = DIRECTION('',(-0.,-1.));
#3862 = ( GEOMETRIC_REPRESENTATION_CONTEXT(2) 
PARAMETRIC_REPRESENTATION_CONTEXT() REPRESENTATION_CONTEXT('2D SPACE',''
  ) );
#3863 = PCURVE('',#989,#3864);
#3864 = DEFINITIONAL_REPRESENTATION('',(#3865),#3869);
#3865 = LINE('',#3866,#3867);
#3866 = CARTESIAN_POINT('',(0.,0.));
#3867 = VECTOR('',#3868,1.);
#3868 = DIRECTION('',(0.,-1.));
#3869 = ( GEOMETRIC_REPRESENTATION_CONTEXT(2) 
PARAMETRIC_REPRESENTATION_CONTEXT() REPRESENTATION_CONTEXT('2D SPACE',''
  ) );
#3870 = ADVANCED_FACE('',(#3871),#989,.F.);
#3871 = FACE_BOUND('',#3872,.F.);
#3872 = EDGE_LOOP('',(#3873,#3874,#3875,#3896));
#3873 = ORIENTED_EDGE('',*,*,#3850,.T.);
#3874 = ORIENTED_EDGE('',*,*,#1992,.T.);
#3875 = ORIENTED_EDGE('',*,*,#3876,.F.);
#3876 = EDGE_CURVE('',#974,#1993,#3877,.T.);
#3877 = SURFACE_CURVE('',#3878,(#3882,#3889),.PCURVE_S1.);
#3878 = LINE('',#3879,#3880);
#3879 = CARTESIAN_POINT('',(37.,35.,0.));
#3880 = VECTOR('',#3881,1.);
#3881 = DIRECTION('',(0.,0.,1.));
#3882 = PCURVE('',#989,#3883);
#3883 = DEFINITIONAL_REPRESENTATION('',(#3884),#3888);
#3884 = LINE('',#3885,#3886);
#3885 = CARTESIAN_POINT('',(70.,0.));
#3886 = VECTOR('',#3887,1.);
#3887 = DIRECTION('',(0.,-1.));
#3888 = ( GEOMETRIC_REPRESENTATION_CONTEXT(2) 
PARAMETRIC_REPRESENTATION_CONTEXT() REPRESENTATION_CONTEXT('2D SPACE',''
  ) );
#3889 = PCURVE('',#1018,#3890);
#3890 = DEFINITIONAL_REPRESENTATION('',(#3891),#3895);
#3891 = LINE('',#3892,#3893);
#3892 = CARTESIAN_POINT('',(-0.,0.));
#3893 = VECTOR('',#3894,1.);
#3894 = DIRECTION('',(-0.,-1.));
#3895 = ( GEOMETRIC_REPRESENTATION_CONTEXT(2) 
PARAMETRIC_REPRESENTATION_CONTEXT() REPRESENTATION_CONTEXT('2D SPACE',''
  ) );
#3896 = ORIENTED_EDGE('',*,*,#973,.F.);
#3897 = ADVANCED_FACE('',(#3898),#1018,.T.);
#3898 = FACE_BOUND('',#3899,.F.);
#3899 = EDGE_LOOP('',(#3900,#3901,#3902,#3903));
#3900 = ORIENTED_EDGE('',*,*,#1001,.F.);
#3901 = ORIENTED_EDGE('',*,*,#3876,.T.);
#3902 = ORIENTED_EDGE('',*,*,#2015,.T.);
#3903 = ORIENTED_EDGE('',*,*,#3904,.T.);
#3904 = EDGE_CURVE('',#2016,#1002,#3905,.T.);
#3905 = SURFACE_CURVE('',#3906,(#3910,#3916),.PCURVE_S1.);
#3906 = LINE('',#3907,#3908);
#3907 = CARTESIAN_POINT('',(36.951820117411,35.692443156372,0.));
#3908 = VECTOR('',#3909,1.);
#3909 = DIRECTION('',(-0.,-0.,-1.));
#3910 = PCURVE('',#1018,#3911);
#3911 = DEFINITIONAL_REPRESENTATION('',(#3912),#3915);
#3912 = B_SPLINE_CURVE_WITH_KNOTS('',1,(#3913,#3914),.UNSPECIFIED.,.F.,
  .F.,(2,2),(-1.0000006,6.E-07),.PIECEWISE_BEZIER_KNOTS.);
#3913 = CARTESIAN_POINT('',(-0.138935177312,-1.0000006));
#3914 = CARTESIAN_POINT('',(-0.138935177312,6.E-07));
#3915 = ( GEOMETRIC_REPRESENTATION_CONTEXT(2) 
PARAMETRIC_REPRESENTATION_CONTEXT() REPRESENTATION_CONTEXT('2D SPACE',''
  ) );
#3916 = PCURVE('',#1046,#3917);
#3917 = DEFINITIONAL_REPRESENTATION('',(#3918),#3921);
#3918 = B_SPLINE_CURVE_WITH_KNOTS('',1,(#3919,#3920),.UNSPECIFIED.,.F.,
  .F.,(2,2),(-1.0000006,6.E-07),.PIECEWISE_BEZIER_KNOTS.);
#3919 = CARTESIAN_POINT('',(1.0000006,0.527904945123));
#3920 = CARTESIAN_POINT('',(-6.E-07,0.527904945123));
#3921 = ( GEOMETRIC_REPRESENTATION_CONTEXT(2) 
PARAMETRIC_REPRESENTATION_CONTEXT() REPRESENTATION_CONTEXT('2D SPACE',''
  ) );
#3922 = ADVANCED_FACE('',(#3923),#1046,.F.);
#3923 = FACE_BOUND('',#3924,.F.);
#3924 = EDGE_LOOP('',(#3925,#3926,#3927,#3928,#3951,#3979));
#3925 = ORIENTED_EDGE('',*,*,#1030,.F.);
#3926 = ORIENTED_EDGE('',*,*,#3904,.F.);
#3927 = ORIENTED_EDGE('',*,*,#2039,.T.);
#3928 = ORIENTED_EDGE('',*,*,#3929,.T.);
#3929 = EDGE_CURVE('',#2040,#3930,#3932,.T.);
#3930 = VERTEX_POINT('',#3931);
#3931 = CARTESIAN_POINT('',(36.569660657826,35.328248457708,1.4));
#3932 = SURFACE_CURVE('',#3933,(#3937,#3944),.PCURVE_S1.);
#3933 = LINE('',#3934,#3935);
#3934 = CARTESIAN_POINT('',(36.569660657826,35.328248457708,0.));
#3935 = VECTOR('',#3936,1.);
#3936 = DIRECTION('',(0.,0.,1.));
#3937 = PCURVE('',#1046,#3938);
#3938 = DEFINITIONAL_REPRESENTATION('',(#3939),#3943);
#3939 = LINE('',#3940,#3941);
#3940 = CARTESIAN_POINT('',(0.,0.));
#3941 = VECTOR('',#3942,1.);
#3942 = DIRECTION('',(1.,0.));
#3943 = ( GEOMETRIC_REPRESENTATION_CONTEXT(2) 
PARAMETRIC_REPRESENTATION_CONTEXT() REPRESENTATION_CONTEXT('2D SPACE',''
  ) );
#3944 = PCURVE('',#2075,#3945);
#3945 = DEFINITIONAL_REPRESENTATION('',(#3946),#3950);
#3946 = LINE('',#3947,#3948);
#3947 = CARTESIAN_POINT('',(0.,0.));
#3948 = VECTOR('',#3949,1.);
#3949 = DIRECTION('',(1.,0.));
#3950 = ( GEOMETRIC_REPRESENTATION_CONTEXT(2) 
PARAMETRIC_REPRESENTATION_CONTEXT() REPRESENTATION_CONTEXT('2D SPACE',''
  ) );
#3951 = ORIENTED_EDGE('',*,*,#3952,.T.);
#3952 = EDGE_CURVE('',#3930,#3953,#3955,.T.);
#3953 = VERTEX_POINT('',#3954);
#3954 = CARTESIAN_POINT('',(46.964600400608,45.234537186941,1.4));
#3955 = SURFACE_CURVE('',#3956,(#3960,#3967),.PCURVE_S1.);
#3956 = LINE('',#3957,#3958);
#3957 = CARTESIAN_POINT('',(36.569660657826,35.328248457708,1.4));
#3958 = VECTOR('',#3959,1.);
#3959 = DIRECTION('',(0.723917180764,0.689886885942,0.));
#3960 = PCURVE('',#1046,#3961);
#3961 = DEFINITIONAL_REPRESENTATION('',(#3962),#3966);
#3962 = LINE('',#3963,#3964);
#3963 = CARTESIAN_POINT('',(1.4,0.));
#3964 = VECTOR('',#3965,1.);
#3965 = DIRECTION('',(0.,1.));
#3966 = ( GEOMETRIC_REPRESENTATION_CONTEXT(2) 
PARAMETRIC_REPRESENTATION_CONTEXT() REPRESENTATION_CONTEXT('2D SPACE',''
  ) );
#3967 = PCURVE('',#3968,#3973);
#3968 = PLANE('',#3969);
#3969 = AXIS2_PLACEMENT_3D('',#3970,#3971,#3972);
#3970 = CARTESIAN_POINT('',(-32.43033934217,39.671751542292,1.4));
#3971 = DIRECTION('',(0.,0.,1.));
#3972 = DIRECTION('',(-0.723917180764,0.689886885942,0.));
#3973 = DEFINITIONAL_REPRESENTATION('',(#3974),#3978);
#3974 = LINE('',#3975,#3976);
#3975 = CARTESIAN_POINT('',(-52.94681128982,-44.45785862235));
#3976 = VECTOR('',#3977,1.);
#3977 = DIRECTION('',(-4.811216921089E-02,-0.998841939034));
#3978 = ( GEOMETRIC_REPRESENTATION_CONTEXT(2) 
PARAMETRIC_REPRESENTATION_CONTEXT() REPRESENTATION_CONTEXT('2D SPACE',''
  ) );
#3979 = ORIENTED_EDGE('',*,*,#3980,.T.);
#3980 = EDGE_CURVE('',#3953,#1031,#3981,.T.);
#3981 = SURFACE_CURVE('',#3982,(#3986,#3992),.PCURVE_S1.);
#3982 = LINE('',#3983,#3984);
#3983 = CARTESIAN_POINT('',(46.964600400608,45.234537186941,0.));
#3984 = VECTOR('',#3985,1.);
#3985 = DIRECTION('',(-0.,-0.,-1.));
#3986 = PCURVE('',#1046,#3987);
#3987 = DEFINITIONAL_REPRESENTATION('',(#3988),#3991);
#3988 = B_SPLINE_CURVE_WITH_KNOTS('',1,(#3989,#3990),.UNSPECIFIED.,.F.,
  .F.,(2,2),(-1.54,6.E-07),.PIECEWISE_BEZIER_KNOTS.);
#3989 = CARTESIAN_POINT('',(1.54,14.35929415546));
#3990 = CARTESIAN_POINT('',(-6.E-07,14.35929415546));
#3991 = ( GEOMETRIC_REPRESENTATION_CONTEXT(2) 
PARAMETRIC_REPRESENTATION_CONTEXT() REPRESENTATION_CONTEXT('2D SPACE',''
  ) );
#3992 = PCURVE('',#1075,#3993);
#3993 = DEFINITIONAL_REPRESENTATION('',(#3994),#3997);
#3994 = B_SPLINE_CURVE_WITH_KNOTS('',1,(#3995,#3996),.UNSPECIFIED.,.F.,
  .F.,(2,2),(-1.54,6.E-07),.PIECEWISE_BEZIER_KNOTS.);
#3995 = CARTESIAN_POINT('',(-4.932622242778,-1.54));
#3996 = CARTESIAN_POINT('',(-4.932622242778,6.E-07));
#3997 = ( GEOMETRIC_REPRESENTATION_CONTEXT(2) 
PARAMETRIC_REPRESENTATION_CONTEXT() REPRESENTATION_CONTEXT('2D SPACE',''
  ) );
#3998 = ADVANCED_FACE('',(#3999),#1075,.T.);
#3999 = FACE_BOUND('',#4000,.F.);
#4000 = EDGE_LOOP('',(#4001,#4002,#4025,#4052,#4053,#4054,#4055,#4083,
    #4102,#4103,#4124,#4152));
#4001 = ORIENTED_EDGE('',*,*,#1087,.F.);
#4002 = ORIENTED_EDGE('',*,*,#4003,.T.);
#4003 = EDGE_CURVE('',#1059,#4004,#4006,.T.);
#4004 = VERTEX_POINT('',#4005);
#4005 = CARTESIAN_POINT('',(49.7,48.65,10.6));
#4006 = SEAM_CURVE('',#4007,(#4011,#4018),.PCURVE_S1.);
#4007 = LINE('',#4008,#4009);
#4008 = CARTESIAN_POINT('',(49.7,48.65,0.));
#4009 = VECTOR('',#4010,1.);
#4010 = DIRECTION('',(0.,0.,1.));
#4011 = PCURVE('',#1075,#4012);
#4012 = DEFINITIONAL_REPRESENTATION('',(#4013),#4017);
#4013 = LINE('',#4014,#4015);
#4014 = CARTESIAN_POINT('',(-6.28318530718,0.));
#4015 = VECTOR('',#4016,1.);
#4016 = DIRECTION('',(-0.,-1.));
#4017 = ( GEOMETRIC_REPRESENTATION_CONTEXT(2) 
PARAMETRIC_REPRESENTATION_CONTEXT() REPRESENTATION_CONTEXT('2D SPACE',''
  ) );
#4018 = PCURVE('',#1075,#4019);
#4019 = DEFINITIONAL_REPRESENTATION('',(#4020),#4024);
#4020 = LINE('',#4021,#4022);
#4021 = CARTESIAN_POINT('',(-0.,0.));
#4022 = VECTOR('',#4023,1.);
#4023 = DIRECTION('',(-0.,-1.));
#4024 = ( GEOMETRIC_REPRESENTATION_CONTEXT(2) 
PARAMETRIC_REPRESENTATION_CONTEXT() REPRESENTATION_CONTEXT('2D SPACE',''
  ) );
#4025 = ORIENTED_EDGE('',*,*,#4026,.T.);
#4026 = EDGE_CURVE('',#4004,#4004,#4027,.T.);
#4027 = SURFACE_CURVE('',#4028,(#4033,#4040),.PCURVE_S1.);
#4028 = CIRCLE('',#4029,3.5);
#4029 = AXIS2_PLACEMENT_3D('',#4030,#4031,#4032);
#4030 = CARTESIAN_POINT('',(46.2,48.65,10.6));
#4031 = DIRECTION('',(0.,0.,1.));
#4032 = DIRECTION('',(1.,0.,0.));
#4033 = PCURVE('',#1075,#4034);
#4034 = DEFINITIONAL_REPRESENTATION('',(#4035),#4039);
#4035 = LINE('',#4036,#4037);
#4036 = CARTESIAN_POINT('',(-0.,-10.6));
#4037 = VECTOR('',#4038,1.);
#4038 = DIRECTION('',(-1.,0.));
#4039 = ( GEOMETRIC_REPRESENTATION_CONTEXT(2) 
PARAMETRIC_REPRESENTATION_CONTEXT() REPRESENTATION_CONTEXT('2D SPACE',''
  ) );
#4040 = PCURVE('',#4041,#4046);
#4041 = PLANE('',#4042);
#4042 = AXIS2_PLACEMENT_3D('',#4043,#4044,#4045);
#4043 = CARTESIAN_POINT('',(46.2,48.65,10.6));
#4044 = DIRECTION('',(0.,0.,1.));
#4045 = DIRECTION('',(1.,0.,-0.));
#4046 = DEFINITIONAL_REPRESENTATION('',(#4047),#4051);
#4047 = CIRCLE('',#4048,3.5);
#4048 = AXIS2_PLACEMENT_2D('',#4049,#4050);
#4049 = CARTESIAN_POINT('',(-7.105427357601E-15,-7.105427357601E-15));
#4050 = DIRECTION('',(1.,0.));
#4051 = ( GEOMETRIC_REPRESENTATION_CONTEXT(2) 
PARAMETRIC_REPRESENTATION_CONTEXT() REPRESENTATION_CONTEXT('2D SPACE',''
  ) );
#4052 = ORIENTED_EDGE('',*,*,#4003,.F.);
#4053 = ORIENTED_EDGE('',*,*,#1058,.F.);
#4054 = ORIENTED_EDGE('',*,*,#3980,.F.);
#4055 = ORIENTED_EDGE('',*,*,#4056,.T.);
#4056 = EDGE_CURVE('',#3953,#4057,#4059,.T.);
#4057 = VERTEX_POINT('',#4058);
#4058 = CARTESIAN_POINT('',(42.825279084957,49.578040271525,1.4));
#4059 = SURFACE_CURVE('',#4060,(#4065,#4072),.PCURVE_S1.);
#4060 = CIRCLE('',#4061,3.5);
#4061 = AXIS2_PLACEMENT_3D('',#4062,#4063,#4064);
#4062 = CARTESIAN_POINT('',(46.2,48.65,1.4));
#4063 = DIRECTION('',(0.,0.,-1.));
#4064 = DIRECTION('',(1.,0.,0.));
#4065 = PCURVE('',#1075,#4066);
#4066 = DEFINITIONAL_REPRESENTATION('',(#4067),#4071);
#4067 = LINE('',#4068,#4069);
#4068 = CARTESIAN_POINT('',(-6.28318530718,-1.4));
#4069 = VECTOR('',#4070,1.);
#4070 = DIRECTION('',(1.,-0.));
#4071 = ( GEOMETRIC_REPRESENTATION_CONTEXT(2) 
PARAMETRIC_REPRESENTATION_CONTEXT() REPRESENTATION_CONTEXT('2D SPACE',''
  ) );
#4072 = PCURVE('',#3968,#4073);
#4073 = DEFINITIONAL_REPRESENTATION('',(#4074),#4082);
#4074 = ( BOUNDED_CURVE() B_SPLINE_CURVE(2,(#4075,#4076,#4077,#4078,
#4079,#4080,#4081),.UNSPECIFIED.,.T.,.F.) B_SPLINE_CURVE_WITH_KNOTS((1,2
    ,2,2,2,1),(-2.094395102393,0.,2.094395102393,4.188790204786,
6.28318530718,8.377580409573),.UNSPECIFIED.) CURVE() 
GEOMETRIC_REPRESENTATION_ITEM() RATIONAL_B_SPLINE_CURVE((1.,0.5,1.,0.5,
1.,0.5,1.)) REPRESENTATION_ITEM('') );
#4075 = CARTESIAN_POINT('',(-53.26158784208,-63.16015236182));
#4076 = CARTESIAN_POINT('',(-57.44380482482,-58.77163768038));
#4077 = CARTESIAN_POINT('',(-51.55213113444,-57.3439888699));
#4078 = CARTESIAN_POINT('',(-45.66045744406,-55.91634005943));
#4079 = CARTESIAN_POINT('',(-47.3699141517,-61.73250355135));
#4080 = CARTESIAN_POINT('',(-49.07937085934,-67.54866704326));
#4081 = CARTESIAN_POINT('',(-53.26158784208,-63.16015236182));
#4082 = ( GEOMETRIC_REPRESENTATION_CONTEXT(2) 
PARAMETRIC_REPRESENTATION_CONTEXT() REPRESENTATION_CONTEXT('2D SPACE',''
  ) );
#4083 = ORIENTED_EDGE('',*,*,#4084,.T.);
#4084 = EDGE_CURVE('',#4057,#1514,#4085,.T.);
#4085 = SURFACE_CURVE('',#4086,(#4090,#4096),.PCURVE_S1.);
#4086 = LINE('',#4087,#4088);
#4087 = CARTESIAN_POINT('',(42.825279084957,49.578040271526,0.));
#4088 = VECTOR('',#4089,1.);
#4089 = DIRECTION('',(-0.,-0.,-1.));
#4090 = PCURVE('',#1075,#4091);
#4091 = DEFINITIONAL_REPRESENTATION('',(#4092),#4095);
#4092 = B_SPLINE_CURVE_WITH_KNOTS('',1,(#4093,#4094),.UNSPECIFIED.,.F.,
  .F.,(2,2),(-1.54,6.E-07),.PIECEWISE_BEZIER_KNOTS.);
#4093 = CARTESIAN_POINT('',(-2.873228641103,-1.54));
#4094 = CARTESIAN_POINT('',(-2.873228641103,6.E-07));
#4095 = ( GEOMETRIC_REPRESENTATION_CONTEXT(2) 
PARAMETRIC_REPRESENTATION_CONTEXT() REPRESENTATION_CONTEXT('2D SPACE',''
  ) );
#4096 = PCURVE('',#1553,#4097);
#4097 = DEFINITIONAL_REPRESENTATION('',(#4098),#4101);
#4098 = B_SPLINE_CURVE_WITH_KNOTS('',1,(#4099,#4100),.UNSPECIFIED.,.F.,
  .F.,(2,2),(-1.54,6.E-07),.PIECEWISE_BEZIER_KNOTS.);
#4099 = CARTESIAN_POINT('',(1.54,14.35929415546));
#4100 = CARTESIAN_POINT('',(-6.E-07,14.35929415546));
#4101 = ( GEOMETRIC_REPRESENTATION_CONTEXT(2) 
PARAMETRIC_REPRESENTATION_CONTEXT() REPRESENTATION_CONTEXT('2D SPACE',''
  ) );
#4102 = ORIENTED_EDGE('',*,*,#1513,.F.);
#4103 = ORIENTED_EDGE('',*,*,#4104,.F.);
#4104 = EDGE_CURVE('',#4105,#1484,#4107,.T.);
#4105 = VERTEX_POINT('',#4106);
#4106 = CARTESIAN_POINT('',(43.45,50.815063509461,1.4));
#4107 = SURFACE_CURVE('',#4108,(#4112,#4118),.PCURVE_S1.);
#4108 = LINE('',#4109,#4110);
#4109 = CARTESIAN_POINT('',(43.45,50.815063509461,0.));
#4110 = VECTOR('',#4111,1.);
#4111 = DIRECTION('',(-0.,-0.,-1.));
#4112 = PCURVE('',#1075,#4113);
#4113 = DEFINITIONAL_REPRESENTATION('',(#4114),#4117);
#4114 = B_SPLINE_CURVE_WITH_KNOTS('',1,(#4115,#4116),.UNSPECIFIED.,.F.,
  .F.,(2,2),(-1.54,6.E-07),.PIECEWISE_BEZIER_KNOTS.);
#4115 = CARTESIAN_POINT('',(-2.474646309086,-1.54));
#4116 = CARTESIAN_POINT('',(-2.474646309086,6.E-07));
#4117 = ( GEOMETRIC_REPRESENTATION_CONTEXT(2) 
PARAMETRIC_REPRESENTATION_CONTEXT() REPRESENTATION_CONTEXT('2D SPACE',''
  ) );
#4118 = PCURVE('',#1501,#4119);
#4119 = DEFINITIONAL_REPRESENTATION('',(#4120),#4123);
#4120 = B_SPLINE_CURVE_WITH_KNOTS('',1,(#4121,#4122),.UNSPECIFIED.,.F.,
  .F.,(2,2),(-1.54,6.E-07),.PIECEWISE_BEZIER_KNOTS.);
#4121 = CARTESIAN_POINT('',(1.54,2.165063509461));
#4122 = CARTESIAN_POINT('',(-6.E-07,2.165063509461));
#4123 = ( GEOMETRIC_REPRESENTATION_CONTEXT(2) 
PARAMETRIC_REPRESENTATION_CONTEXT() REPRESENTATION_CONTEXT('2D SPACE',''
  ) );
#4124 = ORIENTED_EDGE('',*,*,#4125,.T.);
#4125 = EDGE_CURVE('',#4105,#4126,#4128,.T.);
#4126 = VERTEX_POINT('',#4127);
#4127 = CARTESIAN_POINT('',(48.95,50.815063509461,1.4));
#4128 = SURFACE_CURVE('',#4129,(#4134,#4141),.PCURVE_S1.);
#4129 = CIRCLE('',#4130,3.5);
#4130 = AXIS2_PLACEMENT_3D('',#4131,#4132,#4133);
#4131 = CARTESIAN_POINT('',(46.2,48.65,1.4));
#4132 = DIRECTION('',(0.,0.,-1.));
#4133 = DIRECTION('',(1.,0.,0.));
#4134 = PCURVE('',#1075,#4135);
#4135 = DEFINITIONAL_REPRESENTATION('',(#4136),#4140);
#4136 = LINE('',#4137,#4138);
#4137 = CARTESIAN_POINT('',(-6.28318530718,-1.4));
#4138 = VECTOR('',#4139,1.);
#4139 = DIRECTION('',(1.,-0.));
#4140 = ( GEOMETRIC_REPRESENTATION_CONTEXT(2) 
PARAMETRIC_REPRESENTATION_CONTEXT() REPRESENTATION_CONTEXT('2D SPACE',''
  ) );
#4141 = PCURVE('',#2439,#4142);
#4142 = DEFINITIONAL_REPRESENTATION('',(#4143),#4151);
#4143 = ( BOUNDED_CURVE() B_SPLINE_CURVE(2,(#4144,#4145,#4146,#4147,
#4148,#4149,#4150),.UNSPECIFIED.,.T.,.F.) B_SPLINE_CURVE_WITH_KNOTS((1,2
    ,2,2,2,1),(-2.094395102393,0.,2.094395102393,4.188790204786,
6.28318530718,8.377580409573),.UNSPECIFIED.) CURVE() 
GEOMETRIC_REPRESENTATION_ITEM() RATIONAL_B_SPLINE_CURVE((1.,0.5,1.,0.5,
1.,0.5,1.)) REPRESENTATION_ITEM('') );
#4144 = CARTESIAN_POINT('',(-120.3875818442,-1.276989326523));
#4145 = CARTESIAN_POINT('',(-116.2053648614,3.111525354921));
#4146 = CARTESIAN_POINT('',(-114.4959081538,-2.704638136996));
#4147 = CARTESIAN_POINT('',(-112.7864514462,-8.520801628912));
#4148 = CARTESIAN_POINT('',(-118.6781251365,-7.09315281844));
#4149 = CARTESIAN_POINT('',(-124.5697988269,-5.665504007967));
#4150 = CARTESIAN_POINT('',(-120.3875818442,-1.276989326523));
#4151 = ( GEOMETRIC_REPRESENTATION_CONTEXT(2) 
PARAMETRIC_REPRESENTATION_CONTEXT() REPRESENTATION_CONTEXT('2D SPACE',''
  ) );
#4152 = ORIENTED_EDGE('',*,*,#4153,.T.);
#4153 = EDGE_CURVE('',#4126,#1088,#4154,.T.);
#4154 = SURFACE_CURVE('',#4155,(#4159,#4165),.PCURVE_S1.);
#4155 = LINE('',#4156,#4157);
#4156 = CARTESIAN_POINT('',(48.95,50.815063509461,0.));
#4157 = VECTOR('',#4158,1.);
#4158 = DIRECTION('',(-0.,-0.,-1.));
#4159 = PCURVE('',#1075,#4160);
#4160 = DEFINITIONAL_REPRESENTATION('',(#4161),#4164);
#4161 = B_SPLINE_CURVE_WITH_KNOTS('',1,(#4162,#4163),.UNSPECIFIED.,.F.,
  .F.,(2,2),(-1.54,6.E-07),.PIECEWISE_BEZIER_KNOTS.);
#4162 = CARTESIAN_POINT('',(-0.666946344504,-1.54));
#4163 = CARTESIAN_POINT('',(-0.666946344504,6.E-07));
#4164 = ( GEOMETRIC_REPRESENTATION_CONTEXT(2) 
PARAMETRIC_REPRESENTATION_CONTEXT() REPRESENTATION_CONTEXT('2D SPACE',''
  ) );
#4165 = PCURVE('',#1127,#4166);
#4166 = DEFINITIONAL_REPRESENTATION('',(#4167),#4170);
#4167 = B_SPLINE_CURVE_WITH_KNOTS('',1,(#4168,#4169),.UNSPECIFIED.,.F.,
  .F.,(2,2),(-1.54,6.E-07),.PIECEWISE_BEZIER_KNOTS.);
#4168 = CARTESIAN_POINT('',(1.54,2.165063509461));
#4169 = CARTESIAN_POINT('',(-6.E-07,2.165063509461));
#4170 = ( GEOMETRIC_REPRESENTATION_CONTEXT(2) 
PARAMETRIC_REPRESENTATION_CONTEXT() REPRESENTATION_CONTEXT('2D SPACE',''
  ) );
#4171 = ADVANCED_FACE('',(#4172),#1127,.F.);
#4172 = FACE_BOUND('',#4173,.F.);
#4173 = EDGE_LOOP('',(#4174,#4175,#4176,#4199));
#4174 = ORIENTED_EDGE('',*,*,#1111,.F.);
#4175 = ORIENTED_EDGE('',*,*,#4153,.F.);
#4176 = ORIENTED_EDGE('',*,*,#4177,.T.);
#4177 = EDGE_CURVE('',#4126,#4178,#4180,.T.);
#4178 = VERTEX_POINT('',#4179);
#4179 = CARTESIAN_POINT('',(48.95,52.274586070022,1.4));
#4180 = SURFACE_CURVE('',#4181,(#4185,#4192),.PCURVE_S1.);
#4181 = LINE('',#4182,#4183);
#4182 = CARTESIAN_POINT('',(48.95,48.65,1.4));
#4183 = VECTOR('',#4184,1.);
#4184 = DIRECTION('',(1.110223024625E-16,1.,0.));
#4185 = PCURVE('',#1127,#4186);
#4186 = DEFINITIONAL_REPRESENTATION('',(#4187),#4191);
#4187 = LINE('',#4188,#4189);
#4188 = CARTESIAN_POINT('',(1.4,0.));
#4189 = VECTOR('',#4190,1.);
#4190 = DIRECTION('',(0.,1.));
#4191 = ( GEOMETRIC_REPRESENTATION_CONTEXT(2) 
PARAMETRIC_REPRESENTATION_CONTEXT() REPRESENTATION_CONTEXT('2D SPACE',''
  ) );
#4192 = PCURVE('',#2439,#4193);
#4193 = DEFINITIONAL_REPRESENTATION('',(#4194),#4198);
#4194 = LINE('',#4195,#4196);
#4195 = CARTESIAN_POINT('',(-119.8446439586,-1.794404490979));
#4196 = VECTOR('',#4197,1.);
#4197 = DIRECTION('',(-0.689886885942,-0.723917180764));
#4198 = ( GEOMETRIC_REPRESENTATION_CONTEXT(2) 
PARAMETRIC_REPRESENTATION_CONTEXT() REPRESENTATION_CONTEXT('2D SPACE',''
  ) );
#4199 = ORIENTED_EDGE('',*,*,#4200,.T.);
#4200 = EDGE_CURVE('',#4178,#1112,#4201,.T.);
#4201 = SURFACE_CURVE('',#4202,(#4206,#4212),.PCURVE_S1.);
#4202 = LINE('',#4203,#4204);
#4203 = CARTESIAN_POINT('',(48.95,52.274586070021,-0.2));
#4204 = VECTOR('',#4205,1.);
#4205 = DIRECTION('',(-0.,-0.,-1.));
#4206 = PCURVE('',#1127,#4207);
#4207 = DEFINITIONAL_REPRESENTATION('',(#4208),#4211);
#4208 = B_SPLINE_CURVE_WITH_KNOTS('',1,(#4209,#4210),.UNSPECIFIED.,.F.,
  .F.,(2,2),(-1.6000006,-0.1999994),.PIECEWISE_BEZIER_KNOTS.);
#4209 = CARTESIAN_POINT('',(1.4000006,3.624586070021));
#4210 = CARTESIAN_POINT('',(-5.999999999895E-07,3.624586070021));
#4211 = ( GEOMETRIC_REPRESENTATION_CONTEXT(2) 
PARAMETRIC_REPRESENTATION_CONTEXT() REPRESENTATION_CONTEXT('2D SPACE',''
  ) );
#4212 = PCURVE('',#1160,#4213);
#4213 = DEFINITIONAL_REPRESENTATION('',(#4214),#4217);
#4214 = B_SPLINE_CURVE_WITH_KNOTS('',1,(#4215,#4216),.UNSPECIFIED.,.F.,
  .F.,(2,2),(-1.6000006,-0.1999994),.PIECEWISE_BEZIER_KNOTS.);
#4215 = CARTESIAN_POINT('',(-0.995069678815,-1.6000006));
#4216 = CARTESIAN_POINT('',(-0.995069678815,-0.1999994));
#4217 = ( GEOMETRIC_REPRESENTATION_CONTEXT(2) 
PARAMETRIC_REPRESENTATION_CONTEXT() REPRESENTATION_CONTEXT('2D SPACE',''
  ) );
#4218 = ADVANCED_FACE('',(#4219),#1160,.F.);
#4219 = FACE_BOUND('',#4220,.T.);
#4220 = EDGE_LOOP('',(#4221,#4222,#4223,#4246));
#4221 = ORIENTED_EDGE('',*,*,#4200,.T.);
#4222 = ORIENTED_EDGE('',*,*,#1139,.T.);
#4223 = ORIENTED_EDGE('',*,*,#4224,.T.);
#4224 = EDGE_CURVE('',#1140,#4225,#4227,.T.);
#4225 = VERTEX_POINT('',#4226);
#4226 = CARTESIAN_POINT('',(51.,48.5,1.4));
#4227 = SURFACE_CURVE('',#4228,(#4232,#4239),.PCURVE_S1.);
#4228 = LINE('',#4229,#4230);
#4229 = CARTESIAN_POINT('',(51.,48.5,-0.2));
#4230 = VECTOR('',#4231,1.);
#4231 = DIRECTION('',(0.,0.,1.));
#4232 = PCURVE('',#1160,#4233);
#4233 = DEFINITIONAL_REPRESENTATION('',(#4234),#4238);
#4234 = LINE('',#4235,#4236);
#4235 = CARTESIAN_POINT('',(-0.,0.));
#4236 = VECTOR('',#4237,1.);
#4237 = DIRECTION('',(-0.,-1.));
#4238 = ( GEOMETRIC_REPRESENTATION_CONTEXT(2) 
PARAMETRIC_REPRESENTATION_CONTEXT() REPRESENTATION_CONTEXT('2D SPACE',''
  ) );
#4239 = PCURVE('',#1188,#4240);
#4240 = DEFINITIONAL_REPRESENTATION('',(#4241),#4245);
#4241 = LINE('',#4242,#4243);
#4242 = CARTESIAN_POINT('',(97.,0.));
#4243 = VECTOR('',#4244,1.);
#4244 = DIRECTION('',(0.,-1.));
#4245 = ( GEOMETRIC_REPRESENTATION_CONTEXT(2) 
PARAMETRIC_REPRESENTATION_CONTEXT() REPRESENTATION_CONTEXT('2D SPACE',''
  ) );
#4246 = ORIENTED_EDGE('',*,*,#4247,.F.);
#4247 = EDGE_CURVE('',#4178,#4225,#4248,.T.);
#4248 = SURFACE_CURVE('',#4249,(#4254,#4261),.PCURVE_S1.);
#4249 = CIRCLE('',#4250,4.5);
#4250 = AXIS2_PLACEMENT_3D('',#4251,#4252,#4253);
#4251 = CARTESIAN_POINT('',(46.5,48.5,1.4));
#4252 = DIRECTION('',(0.,0.,-1.));
#4253 = DIRECTION('',(1.,0.,0.));
#4254 = PCURVE('',#1160,#4255);
#4255 = DEFINITIONAL_REPRESENTATION('',(#4256),#4260);
#4256 = LINE('',#4257,#4258);
#4257 = CARTESIAN_POINT('',(-6.28318530718,-1.6));
#4258 = VECTOR('',#4259,1.);
#4259 = DIRECTION('',(1.,-0.));
#4260 = ( GEOMETRIC_REPRESENTATION_CONTEXT(2) 
PARAMETRIC_REPRESENTATION_CONTEXT() REPRESENTATION_CONTEXT('2D SPACE',''
  ) );
#4261 = PCURVE('',#2439,#4262);
#4262 = DEFINITIONAL_REPRESENTATION('',(#4263),#4271);
#4263 = ( BOUNDED_CURVE() B_SPLINE_CURVE(2,(#4264,#4265,#4266,#4267,
#4268,#4269,#4270),.UNSPECIFIED.,.T.,.F.) B_SPLINE_CURVE_WITH_KNOTS((1,2
    ,2,2,2,1),(-2.094395102393,0.,2.094395102393,4.188790204786,
6.28318530718,8.377580409573),.UNSPECIFIED.) CURVE() 
GEOMETRIC_REPRESENTATION_ITEM() RATIONAL_B_SPLINE_CURVE((1.,0.5,1.,0.5,
1.,0.5,1.)) REPRESENTATION_ITEM('') );
#4264 = CARTESIAN_POINT('',(-121.2251911463,-0.271548797684));
#4265 = CARTESIAN_POINT('',(-115.8480550256,5.370827221316));
#4266 = CARTESIAN_POINT('',(-113.6501821158,-2.107097268292));
#4267 = CARTESIAN_POINT('',(-111.452309206,-9.585021757899));
#4268 = CARTESIAN_POINT('',(-119.0273182365,-7.749473287291));
#4269 = CARTESIAN_POINT('',(-126.602327267,-5.913924816683));
#4270 = CARTESIAN_POINT('',(-121.2251911463,-0.271548797684));
#4271 = ( GEOMETRIC_REPRESENTATION_CONTEXT(2) 
PARAMETRIC_REPRESENTATION_CONTEXT() REPRESENTATION_CONTEXT('2D SPACE',''
  ) );
#4272 = ADVANCED_FACE('',(#4273),#1188,.T.);
#4273 = FACE_BOUND('',#4274,.T.);
#4274 = EDGE_LOOP('',(#4275,#4276,#4299,#4319));
#4275 = ORIENTED_EDGE('',*,*,#1172,.T.);
#4276 = ORIENTED_EDGE('',*,*,#4277,.T.);
#4277 = EDGE_CURVE('',#1173,#4278,#4280,.T.);
#4278 = VERTEX_POINT('',#4279);
#4279 = CARTESIAN_POINT('',(51.,-48.5,1.4));
#4280 = SURFACE_CURVE('',#4281,(#4285,#4292),.PCURVE_S1.);
#4281 = LINE('',#4282,#4283);
#4282 = CARTESIAN_POINT('',(51.,-48.5,-0.2));
#4283 = VECTOR('',#4284,1.);
#4284 = DIRECTION('',(0.,0.,1.));
#4285 = PCURVE('',#1188,#4286);
#4286 = DEFINITIONAL_REPRESENTATION('',(#4287),#4291);
#4287 = LINE('',#4288,#4289);
#4288 = CARTESIAN_POINT('',(0.,0.));
#4289 = VECTOR('',#4290,1.);
#4290 = DIRECTION('',(0.,-1.));
#4291 = ( GEOMETRIC_REPRESENTATION_CONTEXT(2) 
PARAMETRIC_REPRESENTATION_CONTEXT() REPRESENTATION_CONTEXT('2D SPACE',''
  ) );
#4292 = PCURVE('',#1218,#4293);
#4293 = DEFINITIONAL_REPRESENTATION('',(#4294),#4298);
#4294 = LINE('',#4295,#4296);
#4295 = CARTESIAN_POINT('',(-6.28318530718,0.));
#4296 = VECTOR('',#4297,1.);
#4297 = DIRECTION('',(-0.,-1.));
#4298 = ( GEOMETRIC_REPRESENTATION_CONTEXT(2) 
PARAMETRIC_REPRESENTATION_CONTEXT() REPRESENTATION_CONTEXT('2D SPACE',''
  ) );
#4299 = ORIENTED_EDGE('',*,*,#4300,.F.);
#4300 = EDGE_CURVE('',#4225,#4278,#4301,.T.);
#4301 = SURFACE_CURVE('',#4302,(#4306,#4312),.PCURVE_S1.);
#4302 = LINE('',#4303,#4304);
#4303 = CARTESIAN_POINT('',(51.,-24.25,1.4));
#4304 = VECTOR('',#4305,1.);
#4305 = DIRECTION('',(0.,-1.,0.));
#4306 = PCURVE('',#1188,#4307);
#4307 = DEFINITIONAL_REPRESENTATION('',(#4308),#4311);
#4308 = B_SPLINE_CURVE_WITH_KNOTS('',1,(#4309,#4310),.UNSPECIFIED.,.F.,
  .F.,(2,2),(-72.75,24.25),.PIECEWISE_BEZIER_KNOTS.);
#4309 = CARTESIAN_POINT('',(97.,-1.6));
#4310 = CARTESIAN_POINT('',(0.,-1.6));
#4311 = ( GEOMETRIC_REPRESENTATION_CONTEXT(2) 
PARAMETRIC_REPRESENTATION_CONTEXT() REPRESENTATION_CONTEXT('2D SPACE',''
  ) );
#4312 = PCURVE('',#2439,#4313);
#4313 = DEFINITIONAL_REPRESENTATION('',(#4314),#4318);
#4314 = LINE('',#4315,#4316);
#4315 = CARTESIAN_POINT('',(-71.03592019406,52.393426102904));
#4316 = VECTOR('',#4317,1.);
#4317 = DIRECTION('',(0.689886885942,0.723917180764));
#4318 = ( GEOMETRIC_REPRESENTATION_CONTEXT(2) 
PARAMETRIC_REPRESENTATION_CONTEXT() REPRESENTATION_CONTEXT('2D SPACE',''
  ) );
#4319 = ORIENTED_EDGE('',*,*,#4224,.F.);
#4320 = ADVANCED_FACE('',(#4321),#1218,.F.);
#4321 = FACE_BOUND('',#4322,.T.);
#4322 = EDGE_LOOP('',(#4323,#4324,#4325,#4326));
#4323 = ORIENTED_EDGE('',*,*,#4277,.F.);
#4324 = ORIENTED_EDGE('',*,*,#1199,.T.);
#4325 = ORIENTED_EDGE('',*,*,#3756,.F.);
#4326 = ORIENTED_EDGE('',*,*,#4327,.F.);
#4327 = EDGE_CURVE('',#4278,#3734,#4328,.T.);
#4328 = SURFACE_CURVE('',#4329,(#4334,#4341),.PCURVE_S1.);
#4329 = CIRCLE('',#4330,4.5);
#4330 = AXIS2_PLACEMENT_3D('',#4331,#4332,#4333);
#4331 = CARTESIAN_POINT('',(46.5,-48.5,1.4));
#4332 = DIRECTION('',(0.,0.,-1.));
#4333 = DIRECTION('',(1.,0.,0.));
#4334 = PCURVE('',#1218,#4335);
#4335 = DEFINITIONAL_REPRESENTATION('',(#4336),#4340);
#4336 = LINE('',#4337,#4338);
#4337 = CARTESIAN_POINT('',(-6.28318530718,-1.6));
#4338 = VECTOR('',#4339,1.);
#4339 = DIRECTION('',(1.,-0.));
#4340 = ( GEOMETRIC_REPRESENTATION_CONTEXT(2) 
PARAMETRIC_REPRESENTATION_CONTEXT() REPRESENTATION_CONTEXT('2D SPACE',''
  ) );
#4341 = PCURVE('',#2439,#4342);
#4342 = DEFINITIONAL_REPRESENTATION('',(#4343),#4351);
#4343 = ( BOUNDED_CURVE() B_SPLINE_CURVE(2,(#4344,#4345,#4346,#4347,
#4348,#4349,#4350),.UNSPECIFIED.,.T.,.F.) B_SPLINE_CURVE_WITH_KNOTS((1,2
    ,2,2,2,1),(-2.094395102393,0.,2.094395102393,4.188790204786,
6.28318530718,8.377580409573),.UNSPECIFIED.) CURVE() 
GEOMETRIC_REPRESENTATION_ITEM() RATIONAL_B_SPLINE_CURVE((1.,0.5,1.,0.5,
1.,0.5,1.)) REPRESENTATION_ITEM('') );
#4344 = CARTESIAN_POINT('',(-54.30616320997,69.948417736434));
#4345 = CARTESIAN_POINT('',(-48.9290270893,75.590793755433));
#4346 = CARTESIAN_POINT('',(-46.73115417947,68.112869265826));
#4347 = CARTESIAN_POINT('',(-44.53328126965,60.634944776219));
#4348 = CARTESIAN_POINT('',(-52.10829030014,62.470493246827));
#4349 = CARTESIAN_POINT('',(-59.68329933064,64.306041717434));
#4350 = CARTESIAN_POINT('',(-54.30616320997,69.948417736434));
#4351 = ( GEOMETRIC_REPRESENTATION_CONTEXT(2) 
PARAMETRIC_REPRESENTATION_CONTEXT() REPRESENTATION_CONTEXT('2D SPACE',''
  ) );
#4352 = ADVANCED_FACE('',(#4353),#1297,.F.);
#4353 = FACE_BOUND('',#4354,.F.);
#4354 = EDGE_LOOP('',(#4355,#4356,#4357,#4380));
#4355 = ORIENTED_EDGE('',*,*,#1281,.F.);
#4356 = ORIENTED_EDGE('',*,*,#3237,.F.);
#4357 = ORIENTED_EDGE('',*,*,#4358,.T.);
#4358 = EDGE_CURVE('',#3210,#4359,#4361,.T.);
#4359 = VERTEX_POINT('',#4360);
#4360 = CARTESIAN_POINT('',(-48.95,-52.27458607002,1.4));
#4361 = SURFACE_CURVE('',#4362,(#4366,#4373),.PCURVE_S1.);
#4362 = LINE('',#4363,#4364);
#4363 = CARTESIAN_POINT('',(-48.95,-48.65,1.4));
#4364 = VECTOR('',#4365,1.);
#4365 = DIRECTION('',(1.110223024625E-16,-1.,0.));
#4366 = PCURVE('',#1297,#4367);
#4367 = DEFINITIONAL_REPRESENTATION('',(#4368),#4372);
#4368 = LINE('',#4369,#4370);
#4369 = CARTESIAN_POINT('',(1.4,0.));
#4370 = VECTOR('',#4371,1.);
#4371 = DIRECTION('',(0.,1.));
#4372 = ( GEOMETRIC_REPRESENTATION_CONTEXT(2) 
PARAMETRIC_REPRESENTATION_CONTEXT() REPRESENTATION_CONTEXT('2D SPACE',''
  ) );
#4373 = PCURVE('',#2439,#4374);
#4374 = DEFINITIONAL_REPRESENTATION('',(#4375),#4379);
#4375 = LINE('',#4376,#4377);
#4376 = CARTESIAN_POINT('',(18.152842040293,1.10281106366));
#4377 = VECTOR('',#4378,1.);
#4378 = DIRECTION('',(0.689886885942,0.723917180764));
#4379 = ( GEOMETRIC_REPRESENTATION_CONTEXT(2) 
PARAMETRIC_REPRESENTATION_CONTEXT() REPRESENTATION_CONTEXT('2D SPACE',''
  ) );
#4380 = ORIENTED_EDGE('',*,*,#4381,.T.);
#4381 = EDGE_CURVE('',#4359,#1282,#4382,.T.);
#4382 = SURFACE_CURVE('',#4383,(#4387,#4393),.PCURVE_S1.);
#4383 = LINE('',#4384,#4385);
#4384 = CARTESIAN_POINT('',(-48.95,-52.27458607002,-0.2));
#4385 = VECTOR('',#4386,1.);
#4386 = DIRECTION('',(-0.,-0.,-1.));
#4387 = PCURVE('',#1297,#4388);
#4388 = DEFINITIONAL_REPRESENTATION('',(#4389),#4392);
#4389 = B_SPLINE_CURVE_WITH_KNOTS('',1,(#4390,#4391),.UNSPECIFIED.,.F.,
  .F.,(2,2),(-1.6000006,-0.1999994),.PIECEWISE_BEZIER_KNOTS.);
#4390 = CARTESIAN_POINT('',(1.4000006,3.624586070021));
#4391 = CARTESIAN_POINT('',(-5.999999999895E-07,3.624586070021));
#4392 = ( GEOMETRIC_REPRESENTATION_CONTEXT(2) 
PARAMETRIC_REPRESENTATION_CONTEXT() REPRESENTATION_CONTEXT('2D SPACE',''
  ) );
#4393 = PCURVE('',#1330,#4394);
#4394 = DEFINITIONAL_REPRESENTATION('',(#4395),#4398);
#4395 = B_SPLINE_CURVE_WITH_KNOTS('',1,(#4396,#4397),.UNSPECIFIED.,.F.,
  .F.,(2,2),(-1.6000006,-0.1999994),.PIECEWISE_BEZIER_KNOTS.);
#4396 = CARTESIAN_POINT('',(-4.136662332404,-1.6000006));
#4397 = CARTESIAN_POINT('',(-4.136662332404,-0.1999994));
#4398 = ( GEOMETRIC_REPRESENTATION_CONTEXT(2) 
PARAMETRIC_REPRESENTATION_CONTEXT() REPRESENTATION_CONTEXT('2D SPACE',''
  ) );
#4399 = ADVANCED_FACE('',(#4400),#1330,.F.);
#4400 = FACE_BOUND('',#4401,.T.);
#4401 = EDGE_LOOP('',(#4402,#4403,#4404,#4427));
#4402 = ORIENTED_EDGE('',*,*,#4381,.T.);
#4403 = ORIENTED_EDGE('',*,*,#1309,.T.);
#4404 = ORIENTED_EDGE('',*,*,#4405,.T.);
#4405 = EDGE_CURVE('',#1310,#4406,#4408,.T.);
#4406 = VERTEX_POINT('',#4407);
#4407 = CARTESIAN_POINT('',(-51.,-48.5,1.4));
#4408 = SURFACE_CURVE('',#4409,(#4413,#4420),.PCURVE_S1.);
#4409 = LINE('',#4410,#4411);
#4410 = CARTESIAN_POINT('',(-51.,-48.5,-0.2));
#4411 = VECTOR('',#4412,1.);
#4412 = DIRECTION('',(0.,0.,1.));
#4413 = PCURVE('',#1330,#4414);
#4414 = DEFINITIONAL_REPRESENTATION('',(#4415),#4419);
#4415 = LINE('',#4416,#4417);
#4416 = CARTESIAN_POINT('',(-3.14159265359,0.));
#4417 = VECTOR('',#4418,1.);
#4418 = DIRECTION('',(-0.,-1.));
#4419 = ( GEOMETRIC_REPRESENTATION_CONTEXT(2) 
PARAMETRIC_REPRESENTATION_CONTEXT() REPRESENTATION_CONTEXT('2D SPACE',''
  ) );
#4420 = PCURVE('',#1358,#4421);
#4421 = DEFINITIONAL_REPRESENTATION('',(#4422),#4426);
#4422 = LINE('',#4423,#4424);
#4423 = CARTESIAN_POINT('',(0.,0.));
#4424 = VECTOR('',#4425,1.);
#4425 = DIRECTION('',(0.,-1.));
#4426 = ( GEOMETRIC_REPRESENTATION_CONTEXT(2) 
PARAMETRIC_REPRESENTATION_CONTEXT() REPRESENTATION_CONTEXT('2D SPACE',''
  ) );
#4427 = ORIENTED_EDGE('',*,*,#4428,.F.);
#4428 = EDGE_CURVE('',#4359,#4406,#4429,.T.);
#4429 = SURFACE_CURVE('',#4430,(#4435,#4442),.PCURVE_S1.);
#4430 = CIRCLE('',#4431,4.5);
#4431 = AXIS2_PLACEMENT_3D('',#4432,#4433,#4434);
#4432 = CARTESIAN_POINT('',(-46.5,-48.5,1.4));
#4433 = DIRECTION('',(0.,0.,-1.));
#4434 = DIRECTION('',(1.,0.,0.));
#4435 = PCURVE('',#1330,#4436);
#4436 = DEFINITIONAL_REPRESENTATION('',(#4437),#4441);
#4437 = LINE('',#4438,#4439);
#4438 = CARTESIAN_POINT('',(-6.28318530718,-1.6));
#4439 = VECTOR('',#4440,1.);
#4440 = DIRECTION('',(1.,-0.));
#4441 = ( GEOMETRIC_REPRESENTATION_CONTEXT(2) 
PARAMETRIC_REPRESENTATION_CONTEXT() REPRESENTATION_CONTEXT('2D SPACE',''
  ) );
#4442 = PCURVE('',#2439,#4443);
#4443 = DEFINITIONAL_REPRESENTATION('',(#4444),#4452);
#4444 = ( BOUNDED_CURVE() B_SPLINE_CURVE(2,(#4445,#4446,#4447,#4448,
#4449,#4450,#4451),.UNSPECIFIED.,.T.,.F.) B_SPLINE_CURVE_WITH_KNOTS((1,2
    ,2,2,2,1),(-2.094395102393,0.,2.094395102393,4.188790204786,
6.28318530718,8.377580409573),.UNSPECIFIED.) CURVE() 
GEOMETRIC_REPRESENTATION_ITEM() RATIONAL_B_SPLINE_CURVE((1.,0.5,1.,0.5,
1.,0.5,1.)) REPRESENTATION_ITEM('') );
#4445 = CARTESIAN_POINT('',(13.018134601091,5.788937343841));
#4446 = CARTESIAN_POINT('',(18.395270721762,11.431313362841));
#4447 = CARTESIAN_POINT('',(20.593143631584,3.953388873233));
#4448 = CARTESIAN_POINT('',(22.791016541407,-3.524535616374));
#4449 = CARTESIAN_POINT('',(15.216007510914,-1.688987145766));
#4450 = CARTESIAN_POINT('',(7.640998480421,0.146561324842));
#4451 = CARTESIAN_POINT('',(13.018134601091,5.788937343841));
#4452 = ( GEOMETRIC_REPRESENTATION_CONTEXT(2) 
PARAMETRIC_REPRESENTATION_CONTEXT() REPRESENTATION_CONTEXT('2D SPACE',''
  ) );
#4453 = ADVANCED_FACE('',(#4454),#1358,.F.);
#4454 = FACE_BOUND('',#4455,.F.);
#4455 = EDGE_LOOP('',(#4456,#4457,#4458,#4480));
#4456 = ORIENTED_EDGE('',*,*,#1342,.T.);
#4457 = ORIENTED_EDGE('',*,*,#4405,.T.);
#4458 = ORIENTED_EDGE('',*,*,#4459,.F.);
#4459 = EDGE_CURVE('',#4460,#4406,#4462,.T.);
#4460 = VERTEX_POINT('',#4461);
#4461 = CARTESIAN_POINT('',(-51.,48.5,1.4));
#4462 = SURFACE_CURVE('',#4463,(#4467,#4473),.PCURVE_S1.);
#4463 = LINE('',#4464,#4465);
#4464 = CARTESIAN_POINT('',(-51.,-24.25,1.4));
#4465 = VECTOR('',#4466,1.);
#4466 = DIRECTION('',(0.,-1.,0.));
#4467 = PCURVE('',#1358,#4468);
#4468 = DEFINITIONAL_REPRESENTATION('',(#4469),#4472);
#4469 = B_SPLINE_CURVE_WITH_KNOTS('',1,(#4470,#4471),.UNSPECIFIED.,.F.,
  .F.,(2,2),(-72.75,24.25),.PIECEWISE_BEZIER_KNOTS.);
#4470 = CARTESIAN_POINT('',(97.,-1.6));
#4471 = CARTESIAN_POINT('',(0.,-1.6));
#4472 = ( GEOMETRIC_REPRESENTATION_CONTEXT(2) 
PARAMETRIC_REPRESENTATION_CONTEXT() REPRESENTATION_CONTEXT('2D SPACE',''
  ) );
#4473 = PCURVE('',#2439,#4474);
#4474 = DEFINITIONAL_REPRESENTATION('',(#4475),#4479);
#4475 = LINE('',#4476,#4477);
#4476 = CARTESIAN_POINT('',(2.803632243878,-17.97503626316));
#4477 = VECTOR('',#4478,1.);
#4478 = DIRECTION('',(0.689886885942,0.723917180764));
#4479 = ( GEOMETRIC_REPRESENTATION_CONTEXT(2) 
PARAMETRIC_REPRESENTATION_CONTEXT() REPRESENTATION_CONTEXT('2D SPACE',''
  ) );
#4480 = ORIENTED_EDGE('',*,*,#4481,.F.);
#4481 = EDGE_CURVE('',#1343,#4460,#4482,.T.);
#4482 = SURFACE_CURVE('',#4483,(#4487,#4494),.PCURVE_S1.);
#4483 = LINE('',#4484,#4485);
#4484 = CARTESIAN_POINT('',(-51.,48.5,-0.2));
#4485 = VECTOR('',#4486,1.);
#4486 = DIRECTION('',(0.,0.,1.));
#4487 = PCURVE('',#1358,#4488);
#4488 = DEFINITIONAL_REPRESENTATION('',(#4489),#4493);
#4489 = LINE('',#4490,#4491);
#4490 = CARTESIAN_POINT('',(97.,0.));
#4491 = VECTOR('',#4492,1.);
#4492 = DIRECTION('',(0.,-1.));
#4493 = ( GEOMETRIC_REPRESENTATION_CONTEXT(2) 
PARAMETRIC_REPRESENTATION_CONTEXT() REPRESENTATION_CONTEXT('2D SPACE',''
  ) );
#4494 = PCURVE('',#1390,#4495);
#4495 = DEFINITIONAL_REPRESENTATION('',(#4496),#4500);
#4496 = LINE('',#4497,#4498);
#4497 = CARTESIAN_POINT('',(-3.14159265359,0.));
#4498 = VECTOR('',#4499,1.);
#4499 = DIRECTION('',(-0.,-1.));
#4500 = ( GEOMETRIC_REPRESENTATION_CONTEXT(2) 
PARAMETRIC_REPRESENTATION_CONTEXT() REPRESENTATION_CONTEXT('2D SPACE',''
  ) );
#4501 = ADVANCED_FACE('',(#4502),#1390,.F.);
#4502 = FACE_BOUND('',#4503,.T.);
#4503 = EDGE_LOOP('',(#4504,#4505,#4506,#4527));
#4504 = ORIENTED_EDGE('',*,*,#4481,.F.);
#4505 = ORIENTED_EDGE('',*,*,#1369,.T.);
#4506 = ORIENTED_EDGE('',*,*,#4507,.F.);
#4507 = EDGE_CURVE('',#4508,#1370,#4510,.T.);
#4508 = VERTEX_POINT('',#4509);
#4509 = CARTESIAN_POINT('',(-48.95,52.274586070022,1.4));
#4510 = SURFACE_CURVE('',#4511,(#4515,#4521),.PCURVE_S1.);
#4511 = LINE('',#4512,#4513);
#4512 = CARTESIAN_POINT('',(-48.95,52.274586070021,-0.2));
#4513 = VECTOR('',#4514,1.);
#4514 = DIRECTION('',(-0.,-0.,-1.));
#4515 = PCURVE('',#1390,#4516);
#4516 = DEFINITIONAL_REPRESENTATION('',(#4517),#4520);
#4517 = B_SPLINE_CURVE_WITH_KNOTS('',1,(#4518,#4519),.UNSPECIFIED.,.F.,
  .F.,(2,2),(-1.6000006,-0.1999994),.PIECEWISE_BEZIER_KNOTS.);
#4518 = CARTESIAN_POINT('',(-2.146522974775,-1.6000006));
#4519 = CARTESIAN_POINT('',(-2.146522974775,-0.1999994));
#4520 = ( GEOMETRIC_REPRESENTATION_CONTEXT(2) 
PARAMETRIC_REPRESENTATION_CONTEXT() REPRESENTATION_CONTEXT('2D SPACE',''
  ) );
#4521 = PCURVE('',#1418,#4522);
#4522 = DEFINITIONAL_REPRESENTATION('',(#4523),#4526);
#4523 = B_SPLINE_CURVE_WITH_KNOTS('',1,(#4524,#4525),.UNSPECIFIED.,.F.,
  .F.,(2,2),(-1.6000006,-0.1999994),.PIECEWISE_BEZIER_KNOTS.);
#4524 = CARTESIAN_POINT('',(1.4000006,3.624586070021));
#4525 = CARTESIAN_POINT('',(-5.999999999895E-07,3.624586070021));
#4526 = ( GEOMETRIC_REPRESENTATION_CONTEXT(2) 
PARAMETRIC_REPRESENTATION_CONTEXT() REPRESENTATION_CONTEXT('2D SPACE',''
  ) );
#4527 = ORIENTED_EDGE('',*,*,#4528,.F.);
#4528 = EDGE_CURVE('',#4460,#4508,#4529,.T.);
#4529 = SURFACE_CURVE('',#4530,(#4535,#4542),.PCURVE_S1.);
#4530 = CIRCLE('',#4531,4.5);
#4531 = AXIS2_PLACEMENT_3D('',#4532,#4533,#4534);
#4532 = CARTESIAN_POINT('',(-46.5,48.5,1.4));
#4533 = DIRECTION('',(0.,0.,-1.));
#4534 = DIRECTION('',(1.,0.,0.));
#4535 = PCURVE('',#1390,#4536);
#4536 = DEFINITIONAL_REPRESENTATION('',(#4537),#4541);
#4537 = LINE('',#4538,#4539);
#4538 = CARTESIAN_POINT('',(-6.28318530718,-1.6));
#4539 = VECTOR('',#4540,1.);
#4540 = DIRECTION('',(1.,-0.));
#4541 = ( GEOMETRIC_REPRESENTATION_CONTEXT(2) 
PARAMETRIC_REPRESENTATION_CONTEXT() REPRESENTATION_CONTEXT('2D SPACE',''
  ) );
#4542 = PCURVE('',#2439,#4543);
#4543 = DEFINITIONAL_REPRESENTATION('',(#4544),#4552);
#4544 = ( BOUNDED_CURVE() B_SPLINE_CURVE(2,(#4545,#4546,#4547,#4548,
#4549,#4550,#4551),.UNSPECIFIED.,.T.,.F.) B_SPLINE_CURVE_WITH_KNOTS((1,2
    ,2,2,2,1),(-2.094395102393,0.,2.094395102393,4.188790204786,
6.28318530718,8.377580409573),.UNSPECIFIED.) CURVE() 
GEOMETRIC_REPRESENTATION_ITEM() RATIONAL_B_SPLINE_CURVE((1.,0.5,1.,0.5,
1.,0.5,1.)) REPRESENTATION_ITEM('') );
#4545 = CARTESIAN_POINT('',(-53.90089333526,-64.43102919027));
#4546 = CARTESIAN_POINT('',(-48.52375721459,-58.78865317127));
#4547 = CARTESIAN_POINT('',(-46.32588430477,-66.26657766088));
#4548 = CARTESIAN_POINT('',(-44.12801139495,-73.74450215049));
#4549 = CARTESIAN_POINT('',(-51.70302042544,-71.90895367988));
#4550 = CARTESIAN_POINT('',(-59.27802945593,-70.07340520927));
#4551 = CARTESIAN_POINT('',(-53.90089333526,-64.43102919027));
#4552 = ( GEOMETRIC_REPRESENTATION_CONTEXT(2) 
PARAMETRIC_REPRESENTATION_CONTEXT() REPRESENTATION_CONTEXT('2D SPACE',''
  ) );
#4553 = ADVANCED_FACE('',(#4554),#1418,.T.);
#4554 = FACE_BOUND('',#4555,.T.);
#4555 = EDGE_LOOP('',(#4556,#4557,#4578,#4599));
#4556 = ORIENTED_EDGE('',*,*,#1402,.F.);
#4557 = ORIENTED_EDGE('',*,*,#4558,.F.);
#4558 = EDGE_CURVE('',#4559,#1403,#4561,.T.);
#4559 = VERTEX_POINT('',#4560);
#4560 = CARTESIAN_POINT('',(-48.95,50.815063509461,1.4));
#4561 = SURFACE_CURVE('',#4562,(#4566,#4572),.PCURVE_S1.);
#4562 = LINE('',#4563,#4564);
#4563 = CARTESIAN_POINT('',(-48.95,50.815063509461,0.));
#4564 = VECTOR('',#4565,1.);
#4565 = DIRECTION('',(-0.,-0.,-1.));
#4566 = PCURVE('',#1418,#4567);
#4567 = DEFINITIONAL_REPRESENTATION('',(#4568),#4571);
#4568 = B_SPLINE_CURVE_WITH_KNOTS('',1,(#4569,#4570),.UNSPECIFIED.,.F.,
  .F.,(2,2),(-1.54,6.E-07),.PIECEWISE_BEZIER_KNOTS.);
#4569 = CARTESIAN_POINT('',(1.54,2.165063509461));
#4570 = CARTESIAN_POINT('',(-6.E-07,2.165063509461));
#4571 = ( GEOMETRIC_REPRESENTATION_CONTEXT(2) 
PARAMETRIC_REPRESENTATION_CONTEXT() REPRESENTATION_CONTEXT('2D SPACE',''
  ) );
#4572 = PCURVE('',#1447,#4573);
#4573 = DEFINITIONAL_REPRESENTATION('',(#4574),#4577);
#4574 = B_SPLINE_CURVE_WITH_KNOTS('',1,(#4575,#4576),.UNSPECIFIED.,.F.,
  .F.,(2,2),(-1.54,6.E-07),.PIECEWISE_BEZIER_KNOTS.);
#4575 = CARTESIAN_POINT('',(-2.474646309086,-1.54));
#4576 = CARTESIAN_POINT('',(-2.474646309086,6.E-07));
#4577 = ( GEOMETRIC_REPRESENTATION_CONTEXT(2) 
PARAMETRIC_REPRESENTATION_CONTEXT() REPRESENTATION_CONTEXT('2D SPACE',''
  ) );
#4578 = ORIENTED_EDGE('',*,*,#4579,.T.);
#4579 = EDGE_CURVE('',#4559,#4508,#4580,.T.);
#4580 = SURFACE_CURVE('',#4581,(#4585,#4592),.PCURVE_S1.);
#4581 = LINE('',#4582,#4583);
#4582 = CARTESIAN_POINT('',(-48.95,48.65,1.4));
#4583 = VECTOR('',#4584,1.);
#4584 = DIRECTION('',(1.110223024625E-16,1.,0.));
#4585 = PCURVE('',#1418,#4586);
#4586 = DEFINITIONAL_REPRESENTATION('',(#4587),#4591);
#4587 = LINE('',#4588,#4589);
#4588 = CARTESIAN_POINT('',(1.4,0.));
#4589 = VECTOR('',#4590,1.);
#4590 = DIRECTION('',(0.,1.));
#4591 = ( GEOMETRIC_REPRESENTATION_CONTEXT(2) 
PARAMETRIC_REPRESENTATION_CONTEXT() REPRESENTATION_CONTEXT('2D SPACE',''
  ) );
#4592 = PCURVE('',#2439,#4593);
#4593 = DEFINITIONAL_REPRESENTATION('',(#4594),#4598);
#4594 = LINE('',#4595,#4596);
#4595 = CARTESIAN_POINT('',(-48.97315196185,-69.33433062468));
#4596 = VECTOR('',#4597,1.);
#4597 = DIRECTION('',(-0.689886885942,-0.723917180764));
#4598 = ( GEOMETRIC_REPRESENTATION_CONTEXT(2) 
PARAMETRIC_REPRESENTATION_CONTEXT() REPRESENTATION_CONTEXT('2D SPACE',''
  ) );
#4599 = ORIENTED_EDGE('',*,*,#4507,.T.);
#4600 = ADVANCED_FACE('',(#4601),#1447,.T.);
#4601 = FACE_BOUND('',#4602,.F.);
#4602 = EDGE_LOOP('',(#4603,#4633,#4656,#4683,#4684,#4710,#4711,#4712,
    #4713,#4741,#4760,#4761));
#4603 = ORIENTED_EDGE('',*,*,#4604,.T.);
#4604 = EDGE_CURVE('',#4605,#4607,#4609,.T.);
#4605 = VERTEX_POINT('',#4606);
#4606 = CARTESIAN_POINT('',(-42.82527908495,49.578040271525,1.4));
#4607 = VERTEX_POINT('',#4608);
#4608 = CARTESIAN_POINT('',(-42.7,48.65,1.4));
#4609 = SURFACE_CURVE('',#4610,(#4615,#4622),.PCURVE_S1.);
#4610 = CIRCLE('',#4611,3.5);
#4611 = AXIS2_PLACEMENT_3D('',#4612,#4613,#4614);
#4612 = CARTESIAN_POINT('',(-46.2,48.65,1.4));
#4613 = DIRECTION('',(0.,0.,-1.));
#4614 = DIRECTION('',(1.,0.,0.));
#4615 = PCURVE('',#1447,#4616);
#4616 = DEFINITIONAL_REPRESENTATION('',(#4617),#4621);
#4617 = LINE('',#4618,#4619);
#4618 = CARTESIAN_POINT('',(-6.28318530718,-1.4));
#4619 = VECTOR('',#4620,1.);
#4620 = DIRECTION('',(1.,-0.));
#4621 = ( GEOMETRIC_REPRESENTATION_CONTEXT(2) 
PARAMETRIC_REPRESENTATION_CONTEXT() REPRESENTATION_CONTEXT('2D SPACE',''
  ) );
#4622 = PCURVE('',#2366,#4623);
#4623 = DEFINITIONAL_REPRESENTATION('',(#4624),#4632);
#4624 = ( BOUNDED_CURVE() B_SPLINE_CURVE(2,(#4625,#4626,#4627,#4628,
#4629,#4630,#4631),.UNSPECIFIED.,.T.,.F.) B_SPLINE_CURVE_WITH_KNOTS((1,2
    ,2,2,2,1),(-2.094395102393,0.,2.094395102393,4.188790204786,
6.28318530718,8.377580409573),.UNSPECIFIED.) CURVE() 
GEOMETRIC_REPRESENTATION_ITEM() RATIONAL_B_SPLINE_CURVE((1.,0.5,1.,0.5,
1.,0.5,1.)) REPRESENTATION_ITEM('') );
#4625 = CARTESIAN_POINT('',(13.628359660517,0.585395899204));
#4626 = CARTESIAN_POINT('',(9.446142677774,4.973910580648));
#4627 = CARTESIAN_POINT('',(15.337816368157,6.40155939112));
#4628 = CARTESIAN_POINT('',(21.22949005854,7.829208201593));
#4629 = CARTESIAN_POINT('',(19.520033350901,2.013044709676));
#4630 = CARTESIAN_POINT('',(17.810576643261,-3.803118782241));
#4631 = CARTESIAN_POINT('',(13.628359660517,0.585395899204));
#4632 = ( GEOMETRIC_REPRESENTATION_CONTEXT(2) 
PARAMETRIC_REPRESENTATION_CONTEXT() REPRESENTATION_CONTEXT('2D SPACE',''
  ) );
#4633 = ORIENTED_EDGE('',*,*,#4634,.T.);
#4634 = EDGE_CURVE('',#4607,#4635,#4637,.T.);
#4635 = VERTEX_POINT('',#4636);
#4636 = CARTESIAN_POINT('',(-42.7,48.65,10.6));
#4637 = SEAM_CURVE('',#4638,(#4642,#4649),.PCURVE_S1.);
#4638 = LINE('',#4639,#4640);
#4639 = CARTESIAN_POINT('',(-42.7,48.65,0.));
#4640 = VECTOR('',#4641,1.);
#4641 = DIRECTION('',(0.,0.,1.));
#4642 = PCURVE('',#1447,#4643);
#4643 = DEFINITIONAL_REPRESENTATION('',(#4644),#4648);
#4644 = LINE('',#4645,#4646);
#4645 = CARTESIAN_POINT('',(-6.28318530718,0.));
#4646 = VECTOR('',#4647,1.);
#4647 = DIRECTION('',(-0.,-1.));
#4648 = ( GEOMETRIC_REPRESENTATION_CONTEXT(2) 
PARAMETRIC_REPRESENTATION_CONTEXT() REPRESENTATION_CONTEXT('2D SPACE',''
  ) );
#4649 = PCURVE('',#1447,#4650);
#4650 = DEFINITIONAL_REPRESENTATION('',(#4651),#4655);
#4651 = LINE('',#4652,#4653);
#4652 = CARTESIAN_POINT('',(-0.,0.));
#4653 = VECTOR('',#4654,1.);
#4654 = DIRECTION('',(-0.,-1.));
#4655 = ( GEOMETRIC_REPRESENTATION_CONTEXT(2) 
PARAMETRIC_REPRESENTATION_CONTEXT() REPRESENTATION_CONTEXT('2D SPACE',''
  ) );
#4656 = ORIENTED_EDGE('',*,*,#4657,.T.);
#4657 = EDGE_CURVE('',#4635,#4635,#4658,.T.);
#4658 = SURFACE_CURVE('',#4659,(#4664,#4671),.PCURVE_S1.);
#4659 = CIRCLE('',#4660,3.5);
#4660 = AXIS2_PLACEMENT_3D('',#4661,#4662,#4663);
#4661 = CARTESIAN_POINT('',(-46.2,48.65,10.6));
#4662 = DIRECTION('',(0.,0.,1.));
#4663 = DIRECTION('',(1.,0.,0.));
#4664 = PCURVE('',#1447,#4665);
#4665 = DEFINITIONAL_REPRESENTATION('',(#4666),#4670);
#4666 = LINE('',#4667,#4668);
#4667 = CARTESIAN_POINT('',(-0.,-10.6));
#4668 = VECTOR('',#4669,1.);
#4669 = DIRECTION('',(-1.,0.));
#4670 = ( GEOMETRIC_REPRESENTATION_CONTEXT(2) 
PARAMETRIC_REPRESENTATION_CONTEXT() REPRESENTATION_CONTEXT('2D SPACE',''
  ) );
#4671 = PCURVE('',#4672,#4677);
#4672 = PLANE('',#4673);
#4673 = AXIS2_PLACEMENT_3D('',#4674,#4675,#4676);
#4674 = CARTESIAN_POINT('',(-46.2,48.65,10.6));
#4675 = DIRECTION('',(0.,0.,1.));
#4676 = DIRECTION('',(1.,0.,-0.));
#4677 = DEFINITIONAL_REPRESENTATION('',(#4678),#4682);
#4678 = CIRCLE('',#4679,3.5);
#4679 = AXIS2_PLACEMENT_2D('',#4680,#4681);
#4680 = CARTESIAN_POINT('',(0.,-7.105427357601E-15));
#4681 = DIRECTION('',(1.,0.));
#4682 = ( GEOMETRIC_REPRESENTATION_CONTEXT(2) 
PARAMETRIC_REPRESENTATION_CONTEXT() REPRESENTATION_CONTEXT('2D SPACE',''
  ) );
#4683 = ORIENTED_EDGE('',*,*,#4634,.F.);
#4684 = ORIENTED_EDGE('',*,*,#4685,.T.);
#4685 = EDGE_CURVE('',#4607,#2351,#4686,.T.);
#4686 = SURFACE_CURVE('',#4687,(#4692,#4699),.PCURVE_S1.);
#4687 = CIRCLE('',#4688,3.5);
#4688 = AXIS2_PLACEMENT_3D('',#4689,#4690,#4691);
#4689 = CARTESIAN_POINT('',(-46.2,48.65,1.4));
#4690 = DIRECTION('',(0.,0.,-1.));
#4691 = DIRECTION('',(1.,0.,0.));
#4692 = PCURVE('',#1447,#4693);
#4693 = DEFINITIONAL_REPRESENTATION('',(#4694),#4698);
#4694 = LINE('',#4695,#4696);
#4695 = CARTESIAN_POINT('',(-6.28318530718,-1.4));
#4696 = VECTOR('',#4697,1.);
#4697 = DIRECTION('',(1.,-0.));
#4698 = ( GEOMETRIC_REPRESENTATION_CONTEXT(2) 
PARAMETRIC_REPRESENTATION_CONTEXT() REPRESENTATION_CONTEXT('2D SPACE',''
  ) );
#4699 = PCURVE('',#2366,#4700);
#4700 = DEFINITIONAL_REPRESENTATION('',(#4701),#4709);
#4701 = ( BOUNDED_CURVE() B_SPLINE_CURVE(2,(#4702,#4703,#4704,#4705,
#4706,#4707,#4708),.UNSPECIFIED.,.T.,.F.) B_SPLINE_CURVE_WITH_KNOTS((1,2
    ,2,2,2,1),(-2.094395102393,0.,2.094395102393,4.188790204786,
6.28318530718,8.377580409573),.UNSPECIFIED.) CURVE() 
GEOMETRIC_REPRESENTATION_ITEM() RATIONAL_B_SPLINE_CURVE((1.,0.5,1.,0.5,
1.,0.5,1.)) REPRESENTATION_ITEM('') );
#4702 = CARTESIAN_POINT('',(13.628359660517,0.585395899204));
#4703 = CARTESIAN_POINT('',(9.446142677774,4.973910580648));
#4704 = CARTESIAN_POINT('',(15.337816368157,6.40155939112));
#4705 = CARTESIAN_POINT('',(21.22949005854,7.829208201593));
#4706 = CARTESIAN_POINT('',(19.520033350901,2.013044709676));
#4707 = CARTESIAN_POINT('',(17.810576643261,-3.803118782241));
#4708 = CARTESIAN_POINT('',(13.628359660517,0.585395899204));
#4709 = ( GEOMETRIC_REPRESENTATION_CONTEXT(2) 
PARAMETRIC_REPRESENTATION_CONTEXT() REPRESENTATION_CONTEXT('2D SPACE',''
  ) );
#4710 = ORIENTED_EDGE('',*,*,#2378,.T.);
#4711 = ORIENTED_EDGE('',*,*,#1430,.F.);
#4712 = ORIENTED_EDGE('',*,*,#4558,.F.);
#4713 = ORIENTED_EDGE('',*,*,#4714,.T.);
#4714 = EDGE_CURVE('',#4559,#4715,#4717,.T.);
#4715 = VERTEX_POINT('',#4716);
#4716 = CARTESIAN_POINT('',(-43.45,50.815063509461,1.4));
#4717 = SURFACE_CURVE('',#4718,(#4723,#4730),.PCURVE_S1.);
#4718 = CIRCLE('',#4719,3.5);
#4719 = AXIS2_PLACEMENT_3D('',#4720,#4721,#4722);
#4720 = CARTESIAN_POINT('',(-46.2,48.65,1.4));
#4721 = DIRECTION('',(0.,0.,-1.));
#4722 = DIRECTION('',(1.,0.,0.));
#4723 = PCURVE('',#1447,#4724);
#4724 = DEFINITIONAL_REPRESENTATION('',(#4725),#4729);
#4725 = LINE('',#4726,#4727);
#4726 = CARTESIAN_POINT('',(-6.28318530718,-1.4));
#4727 = VECTOR('',#4728,1.);
#4728 = DIRECTION('',(1.,-0.));
#4729 = ( GEOMETRIC_REPRESENTATION_CONTEXT(2) 
PARAMETRIC_REPRESENTATION_CONTEXT() REPRESENTATION_CONTEXT('2D SPACE',''
  ) );
#4730 = PCURVE('',#2439,#4731);
#4731 = DEFINITIONAL_REPRESENTATION('',(#4732),#4740);
#4732 = ( BOUNDED_CURVE() B_SPLINE_CURVE(2,(#4733,#4734,#4735,#4736,
#4737,#4738,#4739),.UNSPECIFIED.,.T.,.F.) B_SPLINE_CURVE_WITH_KNOTS((1,2
    ,2,2,2,1),(-2.094395102393,0.,2.094395102393,4.188790204786,
6.28318530718,8.377580409573),.UNSPECIFIED.) CURVE() 
GEOMETRIC_REPRESENTATION_ITEM() RATIONAL_B_SPLINE_CURVE((1.,0.5,1.,0.5,
1.,0.5,1.)) REPRESENTATION_ITEM('') );
#4733 = CARTESIAN_POINT('',(-53.49763434162,-65.02253758755));
#4734 = CARTESIAN_POINT('',(-49.31541735888,-60.6340229061));
#4735 = CARTESIAN_POINT('',(-47.60596065124,-66.45018639802));
#4736 = CARTESIAN_POINT('',(-45.8965039436,-72.26634988994));
#4737 = CARTESIAN_POINT('',(-51.78817763398,-70.83870107946));
#4738 = CARTESIAN_POINT('',(-57.67985132436,-69.41105226899));
#4739 = CARTESIAN_POINT('',(-53.49763434162,-65.02253758755));
#4740 = ( GEOMETRIC_REPRESENTATION_CONTEXT(2) 
PARAMETRIC_REPRESENTATION_CONTEXT() REPRESENTATION_CONTEXT('2D SPACE',''
  ) );
#4741 = ORIENTED_EDGE('',*,*,#4742,.T.);
#4742 = EDGE_CURVE('',#4715,#1680,#4743,.T.);
#4743 = SURFACE_CURVE('',#4744,(#4748,#4754),.PCURVE_S1.);
#4744 = LINE('',#4745,#4746);
#4745 = CARTESIAN_POINT('',(-43.45,50.815063509461,0.));
#4746 = VECTOR('',#4747,1.);
#4747 = DIRECTION('',(-0.,-0.,-1.));
#4748 = PCURVE('',#1447,#4749);
#4749 = DEFINITIONAL_REPRESENTATION('',(#4750),#4753);
#4750 = B_SPLINE_CURVE_WITH_KNOTS('',1,(#4751,#4752),.UNSPECIFIED.,.F.,
  .F.,(2,2),(-1.54,6.E-07),.PIECEWISE_BEZIER_KNOTS.);
#4751 = CARTESIAN_POINT('',(-0.666946344504,-1.54));
#4752 = CARTESIAN_POINT('',(-0.666946344504,6.E-07));
#4753 = ( GEOMETRIC_REPRESENTATION_CONTEXT(2) 
PARAMETRIC_REPRESENTATION_CONTEXT() REPRESENTATION_CONTEXT('2D SPACE',''
  ) );
#4754 = PCURVE('',#1719,#4755);
#4755 = DEFINITIONAL_REPRESENTATION('',(#4756),#4759);
#4756 = B_SPLINE_CURVE_WITH_KNOTS('',1,(#4757,#4758),.UNSPECIFIED.,.F.,
  .F.,(2,2),(-1.54,6.E-07),.PIECEWISE_BEZIER_KNOTS.);
#4757 = CARTESIAN_POINT('',(1.54,2.165063509461));
#4758 = CARTESIAN_POINT('',(-6.E-07,2.165063509461));
#4759 = ( GEOMETRIC_REPRESENTATION_CONTEXT(2) 
PARAMETRIC_REPRESENTATION_CONTEXT() REPRESENTATION_CONTEXT('2D SPACE',''
  ) );
#4760 = ORIENTED_EDGE('',*,*,#1679,.F.);
#4761 = ORIENTED_EDGE('',*,*,#4762,.F.);
#4762 = EDGE_CURVE('',#4605,#1652,#4763,.T.);
#4763 = SURFACE_CURVE('',#4764,(#4768,#4774),.PCURVE_S1.);
#4764 = LINE('',#4765,#4766);
#4765 = CARTESIAN_POINT('',(-42.82527908495,49.578040271526,0.));
#4766 = VECTOR('',#4767,1.);
#4767 = DIRECTION('',(-0.,-0.,-1.));
#4768 = PCURVE('',#1447,#4769);
#4769 = DEFINITIONAL_REPRESENTATION('',(#4770),#4773);
#4770 = B_SPLINE_CURVE_WITH_KNOTS('',1,(#4771,#4772),.UNSPECIFIED.,.F.,
  .F.,(2,2),(-1.54,6.E-07),.PIECEWISE_BEZIER_KNOTS.);
#4771 = CARTESIAN_POINT('',(-0.268364012487,-1.54));
#4772 = CARTESIAN_POINT('',(-0.268364012487,6.E-07));
#4773 = ( GEOMETRIC_REPRESENTATION_CONTEXT(2) 
PARAMETRIC_REPRESENTATION_CONTEXT() REPRESENTATION_CONTEXT('2D SPACE',''
  ) );
#4774 = PCURVE('',#1667,#4775);
#4775 = DEFINITIONAL_REPRESENTATION('',(#4776),#4779);
#4776 = B_SPLINE_CURVE_WITH_KNOTS('',1,(#4777,#4778),.UNSPECIFIED.,.F.,
  .F.,(2,2),(-1.54,6.E-07),.PIECEWISE_BEZIER_KNOTS.);
#4777 = CARTESIAN_POINT('',(1.54,14.35929415546));
#4778 = CARTESIAN_POINT('',(-6.E-07,14.35929415546));
#4779 = ( GEOMETRIC_REPRESENTATION_CONTEXT(2) 
PARAMETRIC_REPRESENTATION_CONTEXT() REPRESENTATION_CONTEXT('2D SPACE',''
  ) );
#4780 = ADVANCED_FACE('',(#4781),#1501,.T.);
#4781 = FACE_BOUND('',#4782,.T.);
#4782 = EDGE_LOOP('',(#4783,#4784,#4785,#4808));
#4783 = ORIENTED_EDGE('',*,*,#1483,.F.);
#4784 = ORIENTED_EDGE('',*,*,#4104,.F.);
#4785 = ORIENTED_EDGE('',*,*,#4786,.T.);
#4786 = EDGE_CURVE('',#4105,#4787,#4789,.T.);
#4787 = VERTEX_POINT('',#4788);
#4788 = CARTESIAN_POINT('',(43.45,53.,1.4));
#4789 = SURFACE_CURVE('',#4790,(#4794,#4801),.PCURVE_S1.);
#4790 = LINE('',#4791,#4792);
#4791 = CARTESIAN_POINT('',(43.45,48.65,1.4));
#4792 = VECTOR('',#4793,1.);
#4793 = DIRECTION('',(1.110223024625E-16,1.,0.));
#4794 = PCURVE('',#1501,#4795);
#4795 = DEFINITIONAL_REPRESENTATION('',(#4796),#4800);
#4796 = LINE('',#4797,#4798);
#4797 = CARTESIAN_POINT('',(1.4,0.));
#4798 = VECTOR('',#4799,1.);
#4799 = DIRECTION('',(0.,1.));
#4800 = ( GEOMETRIC_REPRESENTATION_CONTEXT(2) 
PARAMETRIC_REPRESENTATION_CONTEXT() REPRESENTATION_CONTEXT('2D SPACE',''
  ) );
#4801 = PCURVE('',#2439,#4802);
#4802 = DEFINITIONAL_REPRESENTATION('',(#4803),#4807);
#4803 = LINE('',#4804,#4805);
#4804 = CARTESIAN_POINT('',(-115.8630994644,-5.58878236366));
#4805 = VECTOR('',#4806,1.);
#4806 = DIRECTION('',(-0.689886885942,-0.723917180764));
#4807 = ( GEOMETRIC_REPRESENTATION_CONTEXT(2) 
PARAMETRIC_REPRESENTATION_CONTEXT() REPRESENTATION_CONTEXT('2D SPACE',''
  ) );
#4808 = ORIENTED_EDGE('',*,*,#4809,.F.);
#4809 = EDGE_CURVE('',#1486,#4787,#4810,.T.);
#4810 = SURFACE_CURVE('',#4811,(#4815,#4821),.PCURVE_S1.);
#4811 = LINE('',#4812,#4813);
#4812 = CARTESIAN_POINT('',(43.45,53.,-0.1));
#4813 = VECTOR('',#4814,1.);
#4814 = DIRECTION('',(0.,-0.,1.));
#4815 = PCURVE('',#1501,#4816);
#4816 = DEFINITIONAL_REPRESENTATION('',(#4817),#4820);
#4817 = B_SPLINE_CURVE_WITH_KNOTS('',1,(#4818,#4819),.UNSPECIFIED.,.F.,
  .F.,(2,2),(0.1,1.5),.PIECEWISE_BEZIER_KNOTS.);
#4818 = CARTESIAN_POINT('',(0.,4.35));
#4819 = CARTESIAN_POINT('',(1.4,4.35));
#4820 = ( GEOMETRIC_REPRESENTATION_CONTEXT(2) 
PARAMETRIC_REPRESENTATION_CONTEXT() REPRESENTATION_CONTEXT('2D SPACE',''
  ) );
#4821 = PCURVE('',#1745,#4822);
#4822 = DEFINITIONAL_REPRESENTATION('',(#4823),#4826);
#4823 = B_SPLINE_CURVE_WITH_KNOTS('',1,(#4824,#4825),.UNSPECIFIED.,.F.,
  .F.,(2,2),(0.1,1.5),.PIECEWISE_BEZIER_KNOTS.);
#4824 = CARTESIAN_POINT('',(89.95,-0.2));
#4825 = CARTESIAN_POINT('',(89.95,-1.6));
#4826 = ( GEOMETRIC_REPRESENTATION_CONTEXT(2) 
PARAMETRIC_REPRESENTATION_CONTEXT() REPRESENTATION_CONTEXT('2D SPACE',''
  ) );
#4827 = ADVANCED_FACE('',(#4828),#1553,.T.);
#4828 = FACE_BOUND('',#4829,.T.);
#4829 = EDGE_LOOP('',(#4830,#4831,#4850,#4851,#4874,#4895));
#4830 = ORIENTED_EDGE('',*,*,#1537,.F.);
#4831 = ORIENTED_EDGE('',*,*,#4832,.F.);
#4832 = EDGE_CURVE('',#2087,#1538,#4833,.T.);
#4833 = SURFACE_CURVE('',#4834,(#4838,#4844),.PCURVE_S1.);
#4834 = LINE('',#4835,#4836);
#4835 = CARTESIAN_POINT('',(32.720084445726,39.947876149523,0.));
#4836 = VECTOR('',#4837,1.);
#4837 = DIRECTION('',(-0.,-0.,-1.));
#4838 = PCURVE('',#1553,#4839);
#4839 = DEFINITIONAL_REPRESENTATION('',(#4840),#4843);
#4840 = B_SPLINE_CURVE_WITH_KNOTS('',1,(#4841,#4842),.UNSPECIFIED.,.F.,
  .F.,(2,2),(-1.0000006,6.E-07),.PIECEWISE_BEZIER_KNOTS.);
#4841 = CARTESIAN_POINT('',(1.0000006,0.400246203918));
#4842 = CARTESIAN_POINT('',(-6.E-07,0.400246203918));
#4843 = ( GEOMETRIC_REPRESENTATION_CONTEXT(2) 
PARAMETRIC_REPRESENTATION_CONTEXT() REPRESENTATION_CONTEXT('2D SPACE',''
  ) );
#4844 = PCURVE('',#1582,#4845);
#4845 = DEFINITIONAL_REPRESENTATION('',(#4846),#4849);
#4846 = B_SPLINE_CURVE_WITH_KNOTS('',1,(#4847,#4848),.UNSPECIFIED.,.F.,
  .F.,(2,2),(-1.0000006,6.E-07),.PIECEWISE_BEZIER_KNOTS.);
#4847 = CARTESIAN_POINT('',(-1.426276893809,-1.0000006));
#4848 = CARTESIAN_POINT('',(-1.426276893809,6.E-07));
#4849 = ( GEOMETRIC_REPRESENTATION_CONTEXT(2) 
PARAMETRIC_REPRESENTATION_CONTEXT() REPRESENTATION_CONTEXT('2D SPACE',''
  ) );
#4850 = ORIENTED_EDGE('',*,*,#2086,.T.);
#4851 = ORIENTED_EDGE('',*,*,#4852,.T.);
#4852 = EDGE_CURVE('',#2061,#4853,#4855,.T.);
#4853 = VERTEX_POINT('',#4854);
#4854 = CARTESIAN_POINT('',(32.430339342174,39.671751542292,1.4));
#4855 = SURFACE_CURVE('',#4856,(#4860,#4867),.PCURVE_S1.);
#4856 = LINE('',#4857,#4858);
#4857 = CARTESIAN_POINT('',(32.430339342174,39.671751542292,0.));
#4858 = VECTOR('',#4859,1.);
#4859 = DIRECTION('',(0.,0.,1.));
#4860 = PCURVE('',#1553,#4861);
#4861 = DEFINITIONAL_REPRESENTATION('',(#4862),#4866);
#4862 = LINE('',#4863,#4864);
#4863 = CARTESIAN_POINT('',(0.,0.));
#4864 = VECTOR('',#4865,1.);
#4865 = DIRECTION('',(1.,0.));
#4866 = ( GEOMETRIC_REPRESENTATION_CONTEXT(2) 
PARAMETRIC_REPRESENTATION_CONTEXT() REPRESENTATION_CONTEXT('2D SPACE',''
  ) );
#4867 = PCURVE('',#2075,#4868);
#4868 = DEFINITIONAL_REPRESENTATION('',(#4869),#4873);
#4869 = LINE('',#4870,#4871);
#4870 = CARTESIAN_POINT('',(0.,-6.));
#4871 = VECTOR('',#4872,1.);
#4872 = DIRECTION('',(1.,0.));
#4873 = ( GEOMETRIC_REPRESENTATION_CONTEXT(2) 
PARAMETRIC_REPRESENTATION_CONTEXT() REPRESENTATION_CONTEXT('2D SPACE',''
  ) );
#4874 = ORIENTED_EDGE('',*,*,#4875,.T.);
#4875 = EDGE_CURVE('',#4853,#4057,#4876,.T.);
#4876 = SURFACE_CURVE('',#4877,(#4881,#4888),.PCURVE_S1.);
#4877 = LINE('',#4878,#4879);
#4878 = CARTESIAN_POINT('',(32.430339342174,39.671751542292,1.4));
#4879 = VECTOR('',#4880,1.);
#4880 = DIRECTION('',(0.723917180764,0.689886885942,0.));
#4881 = PCURVE('',#1553,#4882);
#4882 = DEFINITIONAL_REPRESENTATION('',(#4883),#4887);
#4883 = LINE('',#4884,#4885);
#4884 = CARTESIAN_POINT('',(1.4,0.));
#4885 = VECTOR('',#4886,1.);
#4886 = DIRECTION('',(0.,1.));
#4887 = ( GEOMETRIC_REPRESENTATION_CONTEXT(2) 
PARAMETRIC_REPRESENTATION_CONTEXT() REPRESENTATION_CONTEXT('2D SPACE',''
  ) );
#4888 = PCURVE('',#3968,#4889);
#4889 = DEFINITIONAL_REPRESENTATION('',(#4890),#4894);
#4890 = LINE('',#4891,#4892);
#4891 = CARTESIAN_POINT('',(-46.95375965562,-44.74653163762));
#4892 = VECTOR('',#4893,1.);
#4893 = DIRECTION('',(-4.811216921089E-02,-0.998841939034));
#4894 = ( GEOMETRIC_REPRESENTATION_CONTEXT(2) 
PARAMETRIC_REPRESENTATION_CONTEXT() REPRESENTATION_CONTEXT('2D SPACE',''
  ) );
#4895 = ORIENTED_EDGE('',*,*,#4084,.T.);
#4896 = ADVANCED_FACE('',(#4897),#1582,.T.);
#4897 = FACE_BOUND('',#4898,.F.);
#4898 = EDGE_LOOP('',(#4899,#4900,#4901,#4902));
#4899 = ORIENTED_EDGE('',*,*,#1565,.F.);
#4900 = ORIENTED_EDGE('',*,*,#4832,.F.);
#4901 = ORIENTED_EDGE('',*,*,#2107,.T.);
#4902 = ORIENTED_EDGE('',*,*,#4903,.F.);
#4903 = EDGE_CURVE('',#1566,#2108,#4904,.T.);
#4904 = SURFACE_CURVE('',#4905,(#4909,#4916),.PCURVE_S1.);
#4905 = LINE('',#4906,#4907);
#4906 = CARTESIAN_POINT('',(32.,40.,0.));
#4907 = VECTOR('',#4908,1.);
#4908 = DIRECTION('',(0.,0.,1.));
#4909 = PCURVE('',#1582,#4910);
#4910 = DEFINITIONAL_REPRESENTATION('',(#4911),#4915);
#4911 = LINE('',#4912,#4913);
#4912 = CARTESIAN_POINT('',(-1.570796326795,0.));
#4913 = VECTOR('',#4914,1.);
#4914 = DIRECTION('',(-0.,-1.));
#4915 = ( GEOMETRIC_REPRESENTATION_CONTEXT(2) 
PARAMETRIC_REPRESENTATION_CONTEXT() REPRESENTATION_CONTEXT('2D SPACE',''
  ) );
#4916 = PCURVE('',#1610,#4917);
#4917 = DEFINITIONAL_REPRESENTATION('',(#4918),#4922);
#4918 = LINE('',#4919,#4920);
#4919 = CARTESIAN_POINT('',(64.,0.));
#4920 = VECTOR('',#4921,1.);
#4921 = DIRECTION('',(0.,-1.));
#4922 = ( GEOMETRIC_REPRESENTATION_CONTEXT(2) 
PARAMETRIC_REPRESENTATION_CONTEXT() REPRESENTATION_CONTEXT('2D SPACE',''
  ) );
#4923 = ADVANCED_FACE('',(#4924),#1610,.T.);
#4924 = FACE_BOUND('',#4925,.T.);
#4925 = EDGE_LOOP('',(#4926,#4947,#4948,#4949));
#4926 = ORIENTED_EDGE('',*,*,#4927,.T.);
#4927 = EDGE_CURVE('',#1595,#2132,#4928,.T.);
#4928 = SURFACE_CURVE('',#4929,(#4933,#4940),.PCURVE_S1.);
#4929 = LINE('',#4930,#4931);
#4930 = CARTESIAN_POINT('',(-32.,40.,0.));
#4931 = VECTOR('',#4932,1.);
#4932 = DIRECTION('',(0.,0.,1.));
#4933 = PCURVE('',#1610,#4934);
#4934 = DEFINITIONAL_REPRESENTATION('',(#4935),#4939);
#4935 = LINE('',#4936,#4937);
#4936 = CARTESIAN_POINT('',(0.,0.));
#4937 = VECTOR('',#4938,1.);
#4938 = DIRECTION('',(0.,-1.));
#4939 = ( GEOMETRIC_REPRESENTATION_CONTEXT(2) 
PARAMETRIC_REPRESENTATION_CONTEXT() REPRESENTATION_CONTEXT('2D SPACE',''
  ) );
#4940 = PCURVE('',#1639,#4941);
#4941 = DEFINITIONAL_REPRESENTATION('',(#4942),#4946);
#4942 = LINE('',#4943,#4944);
#4943 = CARTESIAN_POINT('',(-1.570796326795,0.));
#4944 = VECTOR('',#4945,1.);
#4945 = DIRECTION('',(-0.,-1.));
#4946 = ( GEOMETRIC_REPRESENTATION_CONTEXT(2) 
PARAMETRIC_REPRESENTATION_CONTEXT() REPRESENTATION_CONTEXT('2D SPACE',''
  ) );
#4947 = ORIENTED_EDGE('',*,*,#2131,.T.);
#4948 = ORIENTED_EDGE('',*,*,#4903,.F.);
#4949 = ORIENTED_EDGE('',*,*,#1594,.F.);
#4950 = ADVANCED_FACE('',(#4951),#1639,.T.);
#4951 = FACE_BOUND('',#4952,.F.);
#4952 = EDGE_LOOP('',(#4953,#4954,#4955,#4956));
#4953 = ORIENTED_EDGE('',*,*,#1622,.F.);
#4954 = ORIENTED_EDGE('',*,*,#4927,.T.);
#4955 = ORIENTED_EDGE('',*,*,#2154,.T.);
#4956 = ORIENTED_EDGE('',*,*,#4957,.T.);
#4957 = EDGE_CURVE('',#2155,#1623,#4958,.T.);
#4958 = SURFACE_CURVE('',#4959,(#4963,#4969),.PCURVE_S1.);
#4959 = LINE('',#4960,#4961);
#4960 = CARTESIAN_POINT('',(-32.72008444572,39.947876149523,0.));
#4961 = VECTOR('',#4962,1.);
#4962 = DIRECTION('',(-0.,-0.,-1.));
#4963 = PCURVE('',#1639,#4964);
#4964 = DEFINITIONAL_REPRESENTATION('',(#4965),#4968);
#4965 = B_SPLINE_CURVE_WITH_KNOTS('',1,(#4966,#4967),.UNSPECIFIED.,.F.,
  .F.,(2,2),(-1.0000006,6.E-07),.PIECEWISE_BEZIER_KNOTS.);
#4966 = CARTESIAN_POINT('',(-1.715315759781,-1.0000006));
#4967 = CARTESIAN_POINT('',(-1.715315759781,6.E-07));
#4968 = ( GEOMETRIC_REPRESENTATION_CONTEXT(2) 
PARAMETRIC_REPRESENTATION_CONTEXT() REPRESENTATION_CONTEXT('2D SPACE',''
  ) );
#4969 = PCURVE('',#1667,#4970);
#4970 = DEFINITIONAL_REPRESENTATION('',(#4971),#4974);
#4971 = B_SPLINE_CURVE_WITH_KNOTS('',1,(#4972,#4973),.UNSPECIFIED.,.F.,
  .F.,(2,2),(-1.0000006,6.E-07),.PIECEWISE_BEZIER_KNOTS.);
#4972 = CARTESIAN_POINT('',(1.0000006,0.400246203918));
#4973 = CARTESIAN_POINT('',(-6.E-07,0.400246203918));
#4974 = ( GEOMETRIC_REPRESENTATION_CONTEXT(2) 
PARAMETRIC_REPRESENTATION_CONTEXT() REPRESENTATION_CONTEXT('2D SPACE',''
  ) );
#4975 = ADVANCED_FACE('',(#4976),#1667,.F.);
#4976 = FACE_BOUND('',#4977,.F.);
#4977 = EDGE_LOOP('',(#4978,#4979,#4980,#4981,#5004,#5025));
#4978 = ORIENTED_EDGE('',*,*,#1651,.F.);
#4979 = ORIENTED_EDGE('',*,*,#4957,.F.);
#4980 = ORIENTED_EDGE('',*,*,#2178,.T.);
#4981 = ORIENTED_EDGE('',*,*,#4982,.T.);
#4982 = EDGE_CURVE('',#2179,#4983,#4985,.T.);
#4983 = VERTEX_POINT('',#4984);
#4984 = CARTESIAN_POINT('',(-32.43033934217,39.671751542292,1.4));
#4985 = SURFACE_CURVE('',#4986,(#4990,#4997),.PCURVE_S1.);
#4986 = LINE('',#4987,#4988);
#4987 = CARTESIAN_POINT('',(-32.43033934217,39.671751542292,0.));
#4988 = VECTOR('',#4989,1.);
#4989 = DIRECTION('',(0.,0.,1.));
#4990 = PCURVE('',#1667,#4991);
#4991 = DEFINITIONAL_REPRESENTATION('',(#4992),#4996);
#4992 = LINE('',#4993,#4994);
#4993 = CARTESIAN_POINT('',(0.,0.));
#4994 = VECTOR('',#4995,1.);
#4995 = DIRECTION('',(1.,0.));
#4996 = ( GEOMETRIC_REPRESENTATION_CONTEXT(2) 
PARAMETRIC_REPRESENTATION_CONTEXT() REPRESENTATION_CONTEXT('2D SPACE',''
  ) );
#4997 = PCURVE('',#2214,#4998);
#4998 = DEFINITIONAL_REPRESENTATION('',(#4999),#5003);
#4999 = LINE('',#5000,#5001);
#5000 = CARTESIAN_POINT('',(0.,0.));
#5001 = VECTOR('',#5002,1.);
#5002 = DIRECTION('',(1.,0.));
#5003 = ( GEOMETRIC_REPRESENTATION_CONTEXT(2) 
PARAMETRIC_REPRESENTATION_CONTEXT() REPRESENTATION_CONTEXT('2D SPACE',''
  ) );
#5004 = ORIENTED_EDGE('',*,*,#5005,.T.);
#5005 = EDGE_CURVE('',#4983,#4605,#5006,.T.);
#5006 = SURFACE_CURVE('',#5007,(#5011,#5018),.PCURVE_S1.);
#5007 = LINE('',#5008,#5009);
#5008 = CARTESIAN_POINT('',(-32.43033934217,39.671751542292,1.4));
#5009 = VECTOR('',#5010,1.);
#5010 = DIRECTION('',(-0.723917180764,0.689886885942,0.));
#5011 = PCURVE('',#1667,#5012);
#5012 = DEFINITIONAL_REPRESENTATION('',(#5013),#5017);
#5013 = LINE('',#5014,#5015);
#5014 = CARTESIAN_POINT('',(1.4,0.));
#5015 = VECTOR('',#5016,1.);
#5016 = DIRECTION('',(0.,1.));
#5017 = ( GEOMETRIC_REPRESENTATION_CONTEXT(2) 
PARAMETRIC_REPRESENTATION_CONTEXT() REPRESENTATION_CONTEXT('2D SPACE',''
  ) );
#5018 = PCURVE('',#2366,#5019);
#5019 = DEFINITIONAL_REPRESENTATION('',(#5020),#5024);
#5020 = LINE('',#5021,#5022);
#5021 = CARTESIAN_POINT('',(0.,0.));
#5022 = VECTOR('',#5023,1.);
#5023 = DIRECTION('',(1.,0.));
#5024 = ( GEOMETRIC_REPRESENTATION_CONTEXT(2) 
PARAMETRIC_REPRESENTATION_CONTEXT() REPRESENTATION_CONTEXT('2D SPACE',''
  ) );
#5025 = ORIENTED_EDGE('',*,*,#4762,.T.);
#5026 = ADVANCED_FACE('',(#5027),#1719,.F.);
#5027 = FACE_BOUND('',#5028,.F.);
#5028 = EDGE_LOOP('',(#5029,#5030,#5031,#5054));
#5029 = ORIENTED_EDGE('',*,*,#1703,.F.);
#5030 = ORIENTED_EDGE('',*,*,#4742,.F.);
#5031 = ORIENTED_EDGE('',*,*,#5032,.T.);
#5032 = EDGE_CURVE('',#4715,#5033,#5035,.T.);
#5033 = VERTEX_POINT('',#5034);
#5034 = CARTESIAN_POINT('',(-43.45,53.,1.4));
#5035 = SURFACE_CURVE('',#5036,(#5040,#5047),.PCURVE_S1.);
#5036 = LINE('',#5037,#5038);
#5037 = CARTESIAN_POINT('',(-43.45,48.65,1.4));
#5038 = VECTOR('',#5039,1.);
#5039 = DIRECTION('',(1.110223024625E-16,1.,0.));
#5040 = PCURVE('',#1719,#5041);
#5041 = DEFINITIONAL_REPRESENTATION('',(#5042),#5046);
#5042 = LINE('',#5043,#5044);
#5043 = CARTESIAN_POINT('',(1.4,0.));
#5044 = VECTOR('',#5045,1.);
#5045 = DIRECTION('',(0.,1.));
#5046 = ( GEOMETRIC_REPRESENTATION_CONTEXT(2) 
PARAMETRIC_REPRESENTATION_CONTEXT() REPRESENTATION_CONTEXT('2D SPACE',''
  ) );
#5047 = PCURVE('',#2439,#5048);
#5048 = DEFINITIONAL_REPRESENTATION('',(#5049),#5053);
#5049 = LINE('',#5050,#5051);
#5050 = CARTESIAN_POINT('',(-52.95469645605,-65.539952752));
#5051 = VECTOR('',#5052,1.);
#5052 = DIRECTION('',(-0.689886885942,-0.723917180764));
#5053 = ( GEOMETRIC_REPRESENTATION_CONTEXT(2) 
PARAMETRIC_REPRESENTATION_CONTEXT() REPRESENTATION_CONTEXT('2D SPACE',''
  ) );
#5054 = ORIENTED_EDGE('',*,*,#5055,.F.);
#5055 = EDGE_CURVE('',#1704,#5033,#5056,.T.);
#5056 = SURFACE_CURVE('',#5057,(#5061,#5067),.PCURVE_S1.);
#5057 = LINE('',#5058,#5059);
#5058 = CARTESIAN_POINT('',(-43.45,53.,-0.1));
#5059 = VECTOR('',#5060,1.);
#5060 = DIRECTION('',(0.,-0.,1.));
#5061 = PCURVE('',#1719,#5062);
#5062 = DEFINITIONAL_REPRESENTATION('',(#5063),#5066);
#5063 = B_SPLINE_CURVE_WITH_KNOTS('',1,(#5064,#5065),.UNSPECIFIED.,.F.,
  .F.,(2,2),(0.1,1.5),.PIECEWISE_BEZIER_KNOTS.);
#5064 = CARTESIAN_POINT('',(0.,4.35));
#5065 = CARTESIAN_POINT('',(1.4,4.35));
#5066 = ( GEOMETRIC_REPRESENTATION_CONTEXT(2) 
PARAMETRIC_REPRESENTATION_CONTEXT() REPRESENTATION_CONTEXT('2D SPACE',''
  ) );
#5067 = PCURVE('',#1745,#5068);
#5068 = DEFINITIONAL_REPRESENTATION('',(#5069),#5072);
#5069 = B_SPLINE_CURVE_WITH_KNOTS('',1,(#5070,#5071),.UNSPECIFIED.,.F.,
  .F.,(2,2),(0.1,1.5),.PIECEWISE_BEZIER_KNOTS.);
#5070 = CARTESIAN_POINT('',(3.05,-0.2));
#5071 = CARTESIAN_POINT('',(3.05,-1.6));
#5072 = ( GEOMETRIC_REPRESENTATION_CONTEXT(2) 
PARAMETRIC_REPRESENTATION_CONTEXT() REPRESENTATION_CONTEXT('2D SPACE',''
  ) );
#5073 = ADVANCED_FACE('',(#5074),#1745,.F.);
#5074 = FACE_BOUND('',#5075,.F.);
#5075 = EDGE_LOOP('',(#5076,#5077,#5078,#5079));
#5076 = ORIENTED_EDGE('',*,*,#4809,.F.);
#5077 = ORIENTED_EDGE('',*,*,#1731,.T.);
#5078 = ORIENTED_EDGE('',*,*,#5055,.T.);
#5079 = ORIENTED_EDGE('',*,*,#5080,.F.);
#5080 = EDGE_CURVE('',#4787,#5033,#5081,.T.);
#5081 = SURFACE_CURVE('',#5082,(#5086,#5092),.PCURVE_S1.);
#5082 = LINE('',#5083,#5084);
#5083 = CARTESIAN_POINT('',(-23.25,53.,1.4));
#5084 = VECTOR('',#5085,1.);
#5085 = DIRECTION('',(-1.,0.,0.));
#5086 = PCURVE('',#1745,#5087);
#5087 = DEFINITIONAL_REPRESENTATION('',(#5088),#5091);
#5088 = B_SPLINE_CURVE_WITH_KNOTS('',1,(#5089,#5090),.UNSPECIFIED.,.F.,
  .F.,(2,2),(-69.75,23.25),.PIECEWISE_BEZIER_KNOTS.);
#5089 = CARTESIAN_POINT('',(93.,-1.6));
#5090 = CARTESIAN_POINT('',(0.,-1.6));
#5091 = ( GEOMETRIC_REPRESENTATION_CONTEXT(2) 
PARAMETRIC_REPRESENTATION_CONTEXT() REPRESENTATION_CONTEXT('2D SPACE',''
  ) );
#5092 = PCURVE('',#2439,#5093);
#5093 = DEFINITIONAL_REPRESENTATION('',(#5094),#5098);
#5094 = LINE('',#5095,#5096);
#5095 = CARTESIAN_POINT('',(-70.57883146133,-54.7532773923));
#5096 = VECTOR('',#5097,1.);
#5097 = DIRECTION('',(0.723917180764,-0.689886885942));
#5098 = ( GEOMETRIC_REPRESENTATION_CONTEXT(2) 
PARAMETRIC_REPRESENTATION_CONTEXT() REPRESENTATION_CONTEXT('2D SPACE',''
  ) );
#5099 = ADVANCED_FACE('',(#5100),#2214,.F.);
#5100 = FACE_BOUND('',#5101,.F.);
#5101 = EDGE_LOOP('',(#5102,#5103,#5104,#5105));
#5102 = ORIENTED_EDGE('',*,*,#4982,.F.);
#5103 = ORIENTED_EDGE('',*,*,#2199,.T.);
#5104 = ORIENTED_EDGE('',*,*,#2327,.T.);
#5105 = ORIENTED_EDGE('',*,*,#5106,.F.);
#5106 = EDGE_CURVE('',#4983,#2328,#5107,.T.);
#5107 = SURFACE_CURVE('',#5108,(#5112,#5119),.PCURVE_S1.);
#5108 = LINE('',#5109,#5110);
#5109 = CARTESIAN_POINT('',(-32.43033934217,39.671751542292,1.4));
#5110 = VECTOR('',#5111,1.);
#5111 = DIRECTION('',(-0.689886885942,-0.723917180764,0.));
#5112 = PCURVE('',#2214,#5113);
#5113 = DEFINITIONAL_REPRESENTATION('',(#5114),#5118);
#5114 = LINE('',#5115,#5116);
#5115 = CARTESIAN_POINT('',(1.4,0.));
#5116 = VECTOR('',#5117,1.);
#5117 = DIRECTION('',(0.,-1.));
#5118 = ( GEOMETRIC_REPRESENTATION_CONTEXT(2) 
PARAMETRIC_REPRESENTATION_CONTEXT() REPRESENTATION_CONTEXT('2D SPACE',''
  ) );
#5119 = PCURVE('',#2366,#5120);
#5120 = DEFINITIONAL_REPRESENTATION('',(#5121),#5125);
#5121 = LINE('',#5122,#5123);
#5122 = CARTESIAN_POINT('',(0.,0.));
#5123 = VECTOR('',#5124,1.);
#5124 = DIRECTION('',(0.,1.));
#5125 = ( GEOMETRIC_REPRESENTATION_CONTEXT(2) 
PARAMETRIC_REPRESENTATION_CONTEXT() REPRESENTATION_CONTEXT('2D SPACE',''
  ) );
#5126 = ADVANCED_FACE('',(#5127),#2075,.F.);
#5127 = FACE_BOUND('',#5128,.F.);
#5128 = EDGE_LOOP('',(#5129,#5130,#5131,#5132));
#5129 = ORIENTED_EDGE('',*,*,#3929,.F.);
#5130 = ORIENTED_EDGE('',*,*,#2060,.T.);
#5131 = ORIENTED_EDGE('',*,*,#4852,.T.);
#5132 = ORIENTED_EDGE('',*,*,#5133,.F.);
#5133 = EDGE_CURVE('',#3930,#4853,#5134,.T.);
#5134 = SURFACE_CURVE('',#5135,(#5139,#5146),.PCURVE_S1.);
#5135 = LINE('',#5136,#5137);
#5136 = CARTESIAN_POINT('',(36.569660657826,35.328248457708,1.4));
#5137 = VECTOR('',#5138,1.);
#5138 = DIRECTION('',(-0.689886885942,0.723917180764,0.));
#5139 = PCURVE('',#2075,#5140);
#5140 = DEFINITIONAL_REPRESENTATION('',(#5141),#5145);
#5141 = LINE('',#5142,#5143);
#5142 = CARTESIAN_POINT('',(1.4,0.));
#5143 = VECTOR('',#5144,1.);
#5144 = DIRECTION('',(0.,-1.));
#5145 = ( GEOMETRIC_REPRESENTATION_CONTEXT(2) 
PARAMETRIC_REPRESENTATION_CONTEXT() REPRESENTATION_CONTEXT('2D SPACE',''
  ) );
#5146 = PCURVE('',#3968,#5147);
#5147 = DEFINITIONAL_REPRESENTATION('',(#5148),#5152);
#5148 = LINE('',#5149,#5150);
#5149 = CARTESIAN_POINT('',(-52.94681128982,-44.45785862235));
#5150 = VECTOR('',#5151,1.);
#5151 = DIRECTION('',(0.998841939034,-4.811216921089E-02));
#5152 = ( GEOMETRIC_REPRESENTATION_CONTEXT(2) 
PARAMETRIC_REPRESENTATION_CONTEXT() REPRESENTATION_CONTEXT('2D SPACE',''
  ) );
#5153 = ADVANCED_FACE('',(#5154),#1936,.F.);
#5154 = FACE_BOUND('',#5155,.F.);
#5155 = EDGE_LOOP('',(#5156,#5157,#5158,#5159));
#5156 = ORIENTED_EDGE('',*,*,#3412,.F.);
#5157 = ORIENTED_EDGE('',*,*,#1921,.T.);
#5158 = ORIENTED_EDGE('',*,*,#3799,.T.);
#5159 = ORIENTED_EDGE('',*,*,#5160,.F.);
#5160 = EDGE_CURVE('',#3413,#3800,#5161,.T.);
#5161 = SURFACE_CURVE('',#5162,(#5166,#5173),.PCURVE_S1.);
#5162 = LINE('',#5163,#5164);
#5163 = CARTESIAN_POINT('',(32.430339342174,-39.67175154229,1.4));
#5164 = VECTOR('',#5165,1.);
#5165 = DIRECTION('',(0.689886885942,0.723917180764,0.));
#5166 = PCURVE('',#1936,#5167);
#5167 = DEFINITIONAL_REPRESENTATION('',(#5168),#5172);
#5168 = LINE('',#5169,#5170);
#5169 = CARTESIAN_POINT('',(1.4,0.));
#5170 = VECTOR('',#5171,1.);
#5171 = DIRECTION('',(0.,-1.));
#5172 = ( GEOMETRIC_REPRESENTATION_CONTEXT(2) 
PARAMETRIC_REPRESENTATION_CONTEXT() REPRESENTATION_CONTEXT('2D SPACE',''
  ) );
#5173 = PCURVE('',#3451,#5174);
#5174 = DEFINITIONAL_REPRESENTATION('',(#5175),#5179);
#5175 = LINE('',#5176,#5177);
#5176 = CARTESIAN_POINT('',(-46.95375965562,50.746531637621));
#5177 = VECTOR('',#5178,1.);
#5178 = DIRECTION('',(-0.998841939034,-4.811216921089E-02));
#5179 = ( GEOMETRIC_REPRESENTATION_CONTEXT(2) 
PARAMETRIC_REPRESENTATION_CONTEXT() REPRESENTATION_CONTEXT('2D SPACE',''
  ) );
#5180 = ADVANCED_FACE('',(#5181),#1797,.F.);
#5181 = FACE_BOUND('',#5182,.F.);
#5182 = EDGE_LOOP('',(#5183,#5184,#5185,#5186));
#5183 = ORIENTED_EDGE('',*,*,#2251,.F.);
#5184 = ORIENTED_EDGE('',*,*,#1782,.T.);
#5185 = ORIENTED_EDGE('',*,*,#3282,.T.);
#5186 = ORIENTED_EDGE('',*,*,#5187,.F.);
#5187 = EDGE_CURVE('',#2252,#3283,#5188,.T.);
#5188 = SURFACE_CURVE('',#5189,(#5193,#5200),.PCURVE_S1.);
#5189 = LINE('',#5190,#5191);
#5190 = CARTESIAN_POINT('',(-36.56966065782,-35.3282484577,1.4));
#5191 = VECTOR('',#5192,1.);
#5192 = DIRECTION('',(0.689886885942,-0.723917180764,0.));
#5193 = PCURVE('',#1797,#5194);
#5194 = DEFINITIONAL_REPRESENTATION('',(#5195),#5199);
#5195 = LINE('',#5196,#5197);
#5196 = CARTESIAN_POINT('',(1.4,0.));
#5197 = VECTOR('',#5198,1.);
#5198 = DIRECTION('',(0.,-1.));
#5199 = ( GEOMETRIC_REPRESENTATION_CONTEXT(2) 
PARAMETRIC_REPRESENTATION_CONTEXT() REPRESENTATION_CONTEXT('2D SPACE',''
  ) );
#5200 = PCURVE('',#2290,#5201);
#5201 = DEFINITIONAL_REPRESENTATION('',(#5202),#5206);
#5202 = LINE('',#5203,#5204);
#5203 = CARTESIAN_POINT('',(0.,0.));
#5204 = VECTOR('',#5205,1.);
#5205 = DIRECTION('',(0.,1.));
#5206 = ( GEOMETRIC_REPRESENTATION_CONTEXT(2) 
PARAMETRIC_REPRESENTATION_CONTEXT() REPRESENTATION_CONTEXT('2D SPACE',''
  ) );
#5207 = ADVANCED_FACE('',(#5208),#2290,.T.);
#5208 = FACE_BOUND('',#5209,.T.);
#5209 = EDGE_LOOP('',(#5210,#5211,#5212,#5213,#5214));
#5210 = ORIENTED_EDGE('',*,*,#3305,.F.);
#5211 = ORIENTED_EDGE('',*,*,#5187,.F.);
#5212 = ORIENTED_EDGE('',*,*,#2274,.T.);
#5213 = ORIENTED_EDGE('',*,*,#3081,.T.);
#5214 = ORIENTED_EDGE('',*,*,#3160,.T.);
#5215 = ADVANCED_FACE('',(#5216),#2366,.T.);
#5216 = FACE_BOUND('',#5217,.T.);
#5217 = EDGE_LOOP('',(#5218,#5219,#5220,#5221,#5222));
#5218 = ORIENTED_EDGE('',*,*,#2350,.F.);
#5219 = ORIENTED_EDGE('',*,*,#5106,.F.);
#5220 = ORIENTED_EDGE('',*,*,#5005,.T.);
#5221 = ORIENTED_EDGE('',*,*,#4604,.T.);
#5222 = ORIENTED_EDGE('',*,*,#4685,.T.);
#5223 = ADVANCED_FACE('',(#5224,#5307),#2439,.T.);
#5224 = FACE_BOUND('',#5225,.T.);
#5225 = EDGE_LOOP('',(#5226,#5227,#5228,#5229,#5252,#5280,#5301,#5302,
    #5303,#5304,#5305,#5306));
#5226 = ORIENTED_EDGE('',*,*,#2423,.F.);
#5227 = ORIENTED_EDGE('',*,*,#2477,.T.);
#5228 = ORIENTED_EDGE('',*,*,#2527,.T.);
#5229 = ORIENTED_EDGE('',*,*,#5230,.T.);
#5230 = EDGE_CURVE('',#2528,#5231,#5233,.T.);
#5231 = VERTEX_POINT('',#5232);
#5232 = CARTESIAN_POINT('',(-28.,-53.2,1.4));
#5233 = SURFACE_CURVE('',#5234,(#5238,#5245),.PCURVE_S1.);
#5234 = LINE('',#5235,#5236);
#5235 = CARTESIAN_POINT('',(-28.,-55.,1.4));
#5236 = VECTOR('',#5237,1.);
#5237 = DIRECTION('',(0.,1.,0.));
#5238 = PCURVE('',#2439,#5239);
#5239 = DEFINITIONAL_REPRESENTATION('',(#5240),#5244);
#5240 = LINE('',#5241,#5242);
#5241 = CARTESIAN_POINT('',(7.367558829016,20.152815421994));
#5242 = VECTOR('',#5243,1.);
#5243 = DIRECTION('',(-0.689886885942,-0.723917180764));
#5244 = ( GEOMETRIC_REPRESENTATION_CONTEXT(2) 
PARAMETRIC_REPRESENTATION_CONTEXT() REPRESENTATION_CONTEXT('2D SPACE',''
  ) );
#5245 = PCURVE('',#2566,#5246);
#5246 = DEFINITIONAL_REPRESENTATION('',(#5247),#5251);
#5247 = LINE('',#5248,#5249);
#5248 = CARTESIAN_POINT('',(0.,0.));
#5249 = VECTOR('',#5250,1.);
#5250 = DIRECTION('',(0.,-1.));
#5251 = ( GEOMETRIC_REPRESENTATION_CONTEXT(2) 
PARAMETRIC_REPRESENTATION_CONTEXT() REPRESENTATION_CONTEXT('2D SPACE',''
  ) );
#5252 = ORIENTED_EDGE('',*,*,#5253,.T.);
#5253 = EDGE_CURVE('',#5231,#5254,#5256,.T.);
#5254 = VERTEX_POINT('',#5255);
#5255 = CARTESIAN_POINT('',(-8.,-53.2,1.4));
#5256 = SURFACE_CURVE('',#5257,(#5261,#5268),.PCURVE_S1.);
#5257 = LINE('',#5258,#5259);
#5258 = CARTESIAN_POINT('',(-28.,-53.2,1.4));
#5259 = VECTOR('',#5260,1.);
#5260 = DIRECTION('',(1.,0.,0.));
#5261 = PCURVE('',#2439,#5262);
#5262 = DEFINITIONAL_REPRESENTATION('',(#5263),#5267);
#5263 = LINE('',#5264,#5265);
#5264 = CARTESIAN_POINT('',(6.125762434321,18.849764496618));
#5265 = VECTOR('',#5266,1.);
#5266 = DIRECTION('',(-0.723917180764,0.689886885942));
#5267 = ( GEOMETRIC_REPRESENTATION_CONTEXT(2) 
PARAMETRIC_REPRESENTATION_CONTEXT() REPRESENTATION_CONTEXT('2D SPACE',''
  ) );
#5268 = PCURVE('',#5269,#5274);
#5269 = PLANE('',#5270);
#5270 = AXIS2_PLACEMENT_3D('',#5271,#5272,#5273);
#5271 = CARTESIAN_POINT('',(-28.,-53.2,1.4));
#5272 = DIRECTION('',(0.,1.,0.));
#5273 = DIRECTION('',(0.,0.,1.));
#5274 = DEFINITIONAL_REPRESENTATION('',(#5275),#5279);
#5275 = LINE('',#5276,#5277);
#5276 = CARTESIAN_POINT('',(0.,0.));
#5277 = VECTOR('',#5278,1.);
#5278 = DIRECTION('',(0.,1.));
#5279 = ( GEOMETRIC_REPRESENTATION_CONTEXT(2) 
PARAMETRIC_REPRESENTATION_CONTEXT() REPRESENTATION_CONTEXT('2D SPACE',''
  ) );
#5280 = ORIENTED_EDGE('',*,*,#5281,.F.);
#5281 = EDGE_CURVE('',#2607,#5254,#5282,.T.);
#5282 = SURFACE_CURVE('',#5283,(#5287,#5294),.PCURVE_S1.);
#5283 = LINE('',#5284,#5285);
#5284 = CARTESIAN_POINT('',(-8.,-55.,1.4));
#5285 = VECTOR('',#5286,1.);
#5286 = DIRECTION('',(0.,1.,0.));
#5287 = PCURVE('',#2439,#5288);
#5288 = DEFINITIONAL_REPRESENTATION('',(#5289),#5293);
#5289 = LINE('',#5290,#5291);
#5290 = CARTESIAN_POINT('',(-7.110784786266,33.950553140831));
#5291 = VECTOR('',#5292,1.);
#5292 = DIRECTION('',(-0.689886885942,-0.723917180764));
#5293 = ( GEOMETRIC_REPRESENTATION_CONTEXT(2) 
PARAMETRIC_REPRESENTATION_CONTEXT() REPRESENTATION_CONTEXT('2D SPACE',''
  ) );
#5294 = PCURVE('',#2622,#5295);
#5295 = DEFINITIONAL_REPRESENTATION('',(#5296),#5300);
#5296 = LINE('',#5297,#5298);
#5297 = CARTESIAN_POINT('',(0.,0.));
#5298 = VECTOR('',#5299,1.);
#5299 = DIRECTION('',(0.,-1.));
#5300 = ( GEOMETRIC_REPRESENTATION_CONTEXT(2) 
PARAMETRIC_REPRESENTATION_CONTEXT() REPRESENTATION_CONTEXT('2D SPACE',''
  ) );
#5301 = ORIENTED_EDGE('',*,*,#2634,.T.);
#5302 = ORIENTED_EDGE('',*,*,#2789,.T.);
#5303 = ORIENTED_EDGE('',*,*,#2839,.T.);
#5304 = ORIENTED_EDGE('',*,*,#2888,.T.);
#5305 = ORIENTED_EDGE('',*,*,#2960,.F.);
#5306 = ORIENTED_EDGE('',*,*,#2987,.T.);
#5307 = FACE_BOUND('',#5308,.T.);
#5308 = EDGE_LOOP('',(#5309,#5310,#5311,#5312,#5313,#5314,#5315,#5316,
    #5317,#5318,#5319,#5320,#5321,#5322,#5323,#5324,#5325,#5326,#5327,
    #5328));
#5309 = ORIENTED_EDGE('',*,*,#3036,.F.);
#5310 = ORIENTED_EDGE('',*,*,#3209,.T.);
#5311 = ORIENTED_EDGE('',*,*,#4358,.T.);
#5312 = ORIENTED_EDGE('',*,*,#4428,.T.);
#5313 = ORIENTED_EDGE('',*,*,#4459,.F.);
#5314 = ORIENTED_EDGE('',*,*,#4528,.T.);
#5315 = ORIENTED_EDGE('',*,*,#4579,.F.);
#5316 = ORIENTED_EDGE('',*,*,#4714,.T.);
#5317 = ORIENTED_EDGE('',*,*,#5032,.T.);
#5318 = ORIENTED_EDGE('',*,*,#5080,.F.);
#5319 = ORIENTED_EDGE('',*,*,#4786,.F.);
#5320 = ORIENTED_EDGE('',*,*,#4125,.T.);
#5321 = ORIENTED_EDGE('',*,*,#4177,.T.);
#5322 = ORIENTED_EDGE('',*,*,#4247,.T.);
#5323 = ORIENTED_EDGE('',*,*,#4300,.T.);
#5324 = ORIENTED_EDGE('',*,*,#4327,.T.);
#5325 = ORIENTED_EDGE('',*,*,#3733,.F.);
#5326 = ORIENTED_EDGE('',*,*,#3559,.T.);
#5327 = ORIENTED_EDGE('',*,*,#3660,.T.);
#5328 = ORIENTED_EDGE('',*,*,#3708,.T.);
#5329 = ADVANCED_FACE('',(#5330),#2566,.F.);
#5330 = FACE_BOUND('',#5331,.F.);
#5331 = EDGE_LOOP('',(#5332,#5333,#5334,#5357));
#5332 = ORIENTED_EDGE('',*,*,#2550,.F.);
#5333 = ORIENTED_EDGE('',*,*,#5230,.T.);
#5334 = ORIENTED_EDGE('',*,*,#5335,.T.);
#5335 = EDGE_CURVE('',#5231,#5336,#5338,.T.);
#5336 = VERTEX_POINT('',#5337);
#5337 = CARTESIAN_POINT('',(-28.,-53.2,10.3));
#5338 = SURFACE_CURVE('',#5339,(#5343,#5350),.PCURVE_S1.);
#5339 = LINE('',#5340,#5341);
#5340 = CARTESIAN_POINT('',(-28.,-53.2,1.4));
#5341 = VECTOR('',#5342,1.);
#5342 = DIRECTION('',(0.,0.,1.));
#5343 = PCURVE('',#2566,#5344);
#5344 = DEFINITIONAL_REPRESENTATION('',(#5345),#5349);
#5345 = LINE('',#5346,#5347);
#5346 = CARTESIAN_POINT('',(0.,-1.8));
#5347 = VECTOR('',#5348,1.);
#5348 = DIRECTION('',(1.,0.));
#5349 = ( GEOMETRIC_REPRESENTATION_CONTEXT(2) 
PARAMETRIC_REPRESENTATION_CONTEXT() REPRESENTATION_CONTEXT('2D SPACE',''
  ) );
#5350 = PCURVE('',#5269,#5351);
#5351 = DEFINITIONAL_REPRESENTATION('',(#5352),#5356);
#5352 = LINE('',#5353,#5354);
#5353 = CARTESIAN_POINT('',(0.,0.));
#5354 = VECTOR('',#5355,1.);
#5355 = DIRECTION('',(1.,0.));
#5356 = ( GEOMETRIC_REPRESENTATION_CONTEXT(2) 
PARAMETRIC_REPRESENTATION_CONTEXT() REPRESENTATION_CONTEXT('2D SPACE',''
  ) );
#5357 = ORIENTED_EDGE('',*,*,#5358,.F.);
#5358 = EDGE_CURVE('',#2551,#5336,#5359,.T.);
#5359 = SURFACE_CURVE('',#5360,(#5364,#5371),.PCURVE_S1.);
#5360 = LINE('',#5361,#5362);
#5361 = CARTESIAN_POINT('',(-28.,-55.,10.3));
#5362 = VECTOR('',#5363,1.);
#5363 = DIRECTION('',(0.,1.,0.));
#5364 = PCURVE('',#2566,#5365);
#5365 = DEFINITIONAL_REPRESENTATION('',(#5366),#5370);
#5366 = LINE('',#5367,#5368);
#5367 = CARTESIAN_POINT('',(8.9,0.));
#5368 = VECTOR('',#5369,1.);
#5369 = DIRECTION('',(0.,-1.));
#5370 = ( GEOMETRIC_REPRESENTATION_CONTEXT(2) 
PARAMETRIC_REPRESENTATION_CONTEXT() REPRESENTATION_CONTEXT('2D SPACE',''
  ) );
#5371 = PCURVE('',#2594,#5372);
#5372 = DEFINITIONAL_REPRESENTATION('',(#5373),#5377);
#5373 = LINE('',#5374,#5375);
#5374 = CARTESIAN_POINT('',(0.,0.));
#5375 = VECTOR('',#5376,1.);
#5376 = DIRECTION('',(0.,1.));
#5377 = ( GEOMETRIC_REPRESENTATION_CONTEXT(2) 
PARAMETRIC_REPRESENTATION_CONTEXT() REPRESENTATION_CONTEXT('2D SPACE',''
  ) );
#5378 = ADVANCED_FACE('',(#5379),#2594,.T.);
#5379 = FACE_BOUND('',#5380,.T.);
#5380 = EDGE_LOOP('',(#5381,#5382,#5383,#5406));
#5381 = ORIENTED_EDGE('',*,*,#5358,.F.);
#5382 = ORIENTED_EDGE('',*,*,#2578,.T.);
#5383 = ORIENTED_EDGE('',*,*,#5384,.T.);
#5384 = EDGE_CURVE('',#2579,#5385,#5387,.T.);
#5385 = VERTEX_POINT('',#5386);
#5386 = CARTESIAN_POINT('',(-8.,-53.2,10.3));
#5387 = SURFACE_CURVE('',#5388,(#5392,#5399),.PCURVE_S1.);
#5388 = LINE('',#5389,#5390);
#5389 = CARTESIAN_POINT('',(-8.,-55.,10.3));
#5390 = VECTOR('',#5391,1.);
#5391 = DIRECTION('',(0.,1.,0.));
#5392 = PCURVE('',#2594,#5393);
#5393 = DEFINITIONAL_REPRESENTATION('',(#5394),#5398);
#5394 = LINE('',#5395,#5396);
#5395 = CARTESIAN_POINT('',(20.,0.));
#5396 = VECTOR('',#5397,1.);
#5397 = DIRECTION('',(0.,1.));
#5398 = ( GEOMETRIC_REPRESENTATION_CONTEXT(2) 
PARAMETRIC_REPRESENTATION_CONTEXT() REPRESENTATION_CONTEXT('2D SPACE',''
  ) );
#5399 = PCURVE('',#2622,#5400);
#5400 = DEFINITIONAL_REPRESENTATION('',(#5401),#5405);
#5401 = LINE('',#5402,#5403);
#5402 = CARTESIAN_POINT('',(8.9,0.));
#5403 = VECTOR('',#5404,1.);
#5404 = DIRECTION('',(0.,-1.));
#5405 = ( GEOMETRIC_REPRESENTATION_CONTEXT(2) 
PARAMETRIC_REPRESENTATION_CONTEXT() REPRESENTATION_CONTEXT('2D SPACE',''
  ) );
#5406 = ORIENTED_EDGE('',*,*,#5407,.F.);
#5407 = EDGE_CURVE('',#5336,#5385,#5408,.T.);
#5408 = SURFACE_CURVE('',#5409,(#5413,#5420),.PCURVE_S1.);
#5409 = LINE('',#5410,#5411);
#5410 = CARTESIAN_POINT('',(-28.,-53.2,10.3));
#5411 = VECTOR('',#5412,1.);
#5412 = DIRECTION('',(1.,0.,0.));
#5413 = PCURVE('',#2594,#5414);
#5414 = DEFINITIONAL_REPRESENTATION('',(#5415),#5419);
#5415 = LINE('',#5416,#5417);
#5416 = CARTESIAN_POINT('',(0.,1.8));
#5417 = VECTOR('',#5418,1.);
#5418 = DIRECTION('',(1.,0.));
#5419 = ( GEOMETRIC_REPRESENTATION_CONTEXT(2) 
PARAMETRIC_REPRESENTATION_CONTEXT() REPRESENTATION_CONTEXT('2D SPACE',''
  ) );
#5420 = PCURVE('',#5269,#5421);
#5421 = DEFINITIONAL_REPRESENTATION('',(#5422),#5426);
#5422 = LINE('',#5423,#5424);
#5423 = CARTESIAN_POINT('',(8.9,0.));
#5424 = VECTOR('',#5425,1.);
#5425 = DIRECTION('',(0.,1.));
#5426 = ( GEOMETRIC_REPRESENTATION_CONTEXT(2) 
PARAMETRIC_REPRESENTATION_CONTEXT() REPRESENTATION_CONTEXT('2D SPACE',''
  ) );
#5427 = ADVANCED_FACE('',(#5428),#2622,.T.);
#5428 = FACE_BOUND('',#5429,.T.);
#5429 = EDGE_LOOP('',(#5430,#5431,#5432,#5453));
#5430 = ORIENTED_EDGE('',*,*,#2606,.F.);
#5431 = ORIENTED_EDGE('',*,*,#5281,.T.);
#5432 = ORIENTED_EDGE('',*,*,#5433,.T.);
#5433 = EDGE_CURVE('',#5254,#5385,#5434,.T.);
#5434 = SURFACE_CURVE('',#5435,(#5439,#5446),.PCURVE_S1.);
#5435 = LINE('',#5436,#5437);
#5436 = CARTESIAN_POINT('',(-8.,-53.2,1.4));
#5437 = VECTOR('',#5438,1.);
#5438 = DIRECTION('',(0.,0.,1.));
#5439 = PCURVE('',#2622,#5440);
#5440 = DEFINITIONAL_REPRESENTATION('',(#5441),#5445);
#5441 = LINE('',#5442,#5443);
#5442 = CARTESIAN_POINT('',(0.,-1.8));
#5443 = VECTOR('',#5444,1.);
#5444 = DIRECTION('',(1.,0.));
#5445 = ( GEOMETRIC_REPRESENTATION_CONTEXT(2) 
PARAMETRIC_REPRESENTATION_CONTEXT() REPRESENTATION_CONTEXT('2D SPACE',''
  ) );
#5446 = PCURVE('',#5269,#5447);
#5447 = DEFINITIONAL_REPRESENTATION('',(#5448),#5452);
#5448 = LINE('',#5449,#5450);
#5449 = CARTESIAN_POINT('',(0.,20.));
#5450 = VECTOR('',#5451,1.);
#5451 = DIRECTION('',(1.,0.));
#5452 = ( GEOMETRIC_REPRESENTATION_CONTEXT(2) 
PARAMETRIC_REPRESENTATION_CONTEXT() REPRESENTATION_CONTEXT('2D SPACE',''
  ) );
#5453 = ORIENTED_EDGE('',*,*,#5384,.F.);
#5454 = ADVANCED_FACE('',(#5455),#2698,.F.);
#5455 = FACE_BOUND('',#5456,.F.);
#5456 = EDGE_LOOP('',(#5457,#5480,#5481,#5504));
#5457 = ORIENTED_EDGE('',*,*,#5458,.F.);
#5458 = EDGE_CURVE('',#2682,#5459,#5461,.T.);
#5459 = VERTEX_POINT('',#5460);
#5460 = CARTESIAN_POINT('',(-24.,-53.2,9.25));
#5461 = SURFACE_CURVE('',#5462,(#5466,#5473),.PCURVE_S1.);
#5462 = LINE('',#5463,#5464);
#5463 = CARTESIAN_POINT('',(-24.,-55.5,9.25));
#5464 = VECTOR('',#5465,1.);
#5465 = DIRECTION('',(0.,1.,0.));
#5466 = PCURVE('',#2698,#5467);
#5467 = DEFINITIONAL_REPRESENTATION('',(#5468),#5472);
#5468 = LINE('',#5469,#5470);
#5469 = CARTESIAN_POINT('',(0.,0.));
#5470 = VECTOR('',#5471,1.);
#5471 = DIRECTION('',(0.,1.));
#5472 = ( GEOMETRIC_REPRESENTATION_CONTEXT(2) 
PARAMETRIC_REPRESENTATION_CONTEXT() REPRESENTATION_CONTEXT('2D SPACE',''
  ) );
#5473 = PCURVE('',#2724,#5474);
#5474 = DEFINITIONAL_REPRESENTATION('',(#5475),#5479);
#5475 = LINE('',#5476,#5477);
#5476 = CARTESIAN_POINT('',(5.5,0.));
#5477 = VECTOR('',#5478,1.);
#5478 = DIRECTION('',(0.,-1.));
#5479 = ( GEOMETRIC_REPRESENTATION_CONTEXT(2) 
PARAMETRIC_REPRESENTATION_CONTEXT() REPRESENTATION_CONTEXT('2D SPACE',''
  ) );
#5480 = ORIENTED_EDGE('',*,*,#2681,.T.);
#5481 = ORIENTED_EDGE('',*,*,#5482,.T.);
#5482 = EDGE_CURVE('',#2684,#5483,#5485,.T.);
#5483 = VERTEX_POINT('',#5484);
#5484 = CARTESIAN_POINT('',(-12.,-53.2,9.25));
#5485 = SURFACE_CURVE('',#5486,(#5490,#5497),.PCURVE_S1.);
#5486 = LINE('',#5487,#5488);
#5487 = CARTESIAN_POINT('',(-12.,-55.5,9.25));
#5488 = VECTOR('',#5489,1.);
#5489 = DIRECTION('',(0.,1.,0.));
#5490 = PCURVE('',#2698,#5491);
#5491 = DEFINITIONAL_REPRESENTATION('',(#5492),#5496);
#5492 = LINE('',#5493,#5494);
#5493 = CARTESIAN_POINT('',(12.,0.));
#5494 = VECTOR('',#5495,1.);
#5495 = DIRECTION('',(0.,1.));
#5496 = ( GEOMETRIC_REPRESENTATION_CONTEXT(2) 
PARAMETRIC_REPRESENTATION_CONTEXT() REPRESENTATION_CONTEXT('2D SPACE',''
  ) );
#5497 = PCURVE('',#2774,#5498);
#5498 = DEFINITIONAL_REPRESENTATION('',(#5499),#5503);
#5499 = LINE('',#5500,#5501);
#5500 = CARTESIAN_POINT('',(5.5,0.));
#5501 = VECTOR('',#5502,1.);
#5502 = DIRECTION('',(0.,-1.));
#5503 = ( GEOMETRIC_REPRESENTATION_CONTEXT(2) 
PARAMETRIC_REPRESENTATION_CONTEXT() REPRESENTATION_CONTEXT('2D SPACE',''
  ) );
#5504 = ORIENTED_EDGE('',*,*,#5505,.F.);
#5505 = EDGE_CURVE('',#5459,#5483,#5506,.T.);
#5506 = SURFACE_CURVE('',#5507,(#5511,#5517),.PCURVE_S1.);
#5507 = LINE('',#5508,#5509);
#5508 = CARTESIAN_POINT('',(-26.,-53.2,9.25));
#5509 = VECTOR('',#5510,1.);
#5510 = DIRECTION('',(1.,0.,0.));
#5511 = PCURVE('',#2698,#5512);
#5512 = DEFINITIONAL_REPRESENTATION('',(#5513),#5516);
#5513 = B_SPLINE_CURVE_WITH_KNOTS('',1,(#5514,#5515),.UNSPECIFIED.,.F.,
  .F.,(2,2),(2.,14.),.PIECEWISE_BEZIER_KNOTS.);
#5514 = CARTESIAN_POINT('',(0.,2.3));
#5515 = CARTESIAN_POINT('',(12.,2.3));
#5516 = ( GEOMETRIC_REPRESENTATION_CONTEXT(2) 
PARAMETRIC_REPRESENTATION_CONTEXT() REPRESENTATION_CONTEXT('2D SPACE',''
  ) );
#5517 = PCURVE('',#5269,#5518);
#5518 = DEFINITIONAL_REPRESENTATION('',(#5519),#5522);
#5519 = B_SPLINE_CURVE_WITH_KNOTS('',1,(#5520,#5521),.UNSPECIFIED.,.F.,
  .F.,(2,2),(2.,14.),.PIECEWISE_BEZIER_KNOTS.);
#5520 = CARTESIAN_POINT('',(7.85,4.));
#5521 = CARTESIAN_POINT('',(7.85,16.));
#5522 = ( GEOMETRIC_REPRESENTATION_CONTEXT(2) 
PARAMETRIC_REPRESENTATION_CONTEXT() REPRESENTATION_CONTEXT('2D SPACE',''
  ) );
#5523 = ADVANCED_FACE('',(#5524),#2774,.F.);
#5524 = FACE_BOUND('',#5525,.F.);
#5525 = EDGE_LOOP('',(#5526,#5527,#5528,#5551));
#5526 = ORIENTED_EDGE('',*,*,#5482,.F.);
#5527 = ORIENTED_EDGE('',*,*,#2761,.T.);
#5528 = ORIENTED_EDGE('',*,*,#5529,.T.);
#5529 = EDGE_CURVE('',#2736,#5530,#5532,.T.);
#5530 = VERTEX_POINT('',#5531);
#5531 = CARTESIAN_POINT('',(-12.,-53.2,3.75));
#5532 = SURFACE_CURVE('',#5533,(#5537,#5544),.PCURVE_S1.);
#5533 = LINE('',#5534,#5535);
#5534 = CARTESIAN_POINT('',(-12.,-55.5,3.75));
#5535 = VECTOR('',#5536,1.);
#5536 = DIRECTION('',(0.,1.,0.));
#5537 = PCURVE('',#2774,#5538);
#5538 = DEFINITIONAL_REPRESENTATION('',(#5539),#5543);
#5539 = LINE('',#5540,#5541);
#5540 = CARTESIAN_POINT('',(0.,0.));
#5541 = VECTOR('',#5542,1.);
#5542 = DIRECTION('',(0.,-1.));
#5543 = ( GEOMETRIC_REPRESENTATION_CONTEXT(2) 
PARAMETRIC_REPRESENTATION_CONTEXT() REPRESENTATION_CONTEXT('2D SPACE',''
  ) );
#5544 = PCURVE('',#2750,#5545);
#5545 = DEFINITIONAL_REPRESENTATION('',(#5546),#5550);
#5546 = LINE('',#5547,#5548);
#5547 = CARTESIAN_POINT('',(12.,0.));
#5548 = VECTOR('',#5549,1.);
#5549 = DIRECTION('',(0.,1.));
#5550 = ( GEOMETRIC_REPRESENTATION_CONTEXT(2) 
PARAMETRIC_REPRESENTATION_CONTEXT() REPRESENTATION_CONTEXT('2D SPACE',''
  ) );
#5551 = ORIENTED_EDGE('',*,*,#5552,.F.);
#5552 = EDGE_CURVE('',#5483,#5530,#5553,.T.);
#5553 = SURFACE_CURVE('',#5554,(#5558,#5564),.PCURVE_S1.);
#5554 = LINE('',#5555,#5556);
#5555 = CARTESIAN_POINT('',(-12.,-53.2,2.575));
#5556 = VECTOR('',#5557,1.);
#5557 = DIRECTION('',(0.,0.,-1.));
#5558 = PCURVE('',#2774,#5559);
#5559 = DEFINITIONAL_REPRESENTATION('',(#5560),#5563);
#5560 = B_SPLINE_CURVE_WITH_KNOTS('',1,(#5561,#5562),.UNSPECIFIED.,.F.,
  .F.,(2,2),(-6.675,-1.175),.PIECEWISE_BEZIER_KNOTS.);
#5561 = CARTESIAN_POINT('',(5.5,-2.3));
#5562 = CARTESIAN_POINT('',(0.,-2.3));
#5563 = ( GEOMETRIC_REPRESENTATION_CONTEXT(2) 
PARAMETRIC_REPRESENTATION_CONTEXT() REPRESENTATION_CONTEXT('2D SPACE',''
  ) );
#5564 = PCURVE('',#5269,#5565);
#5565 = DEFINITIONAL_REPRESENTATION('',(#5566),#5569);
#5566 = B_SPLINE_CURVE_WITH_KNOTS('',1,(#5567,#5568),.UNSPECIFIED.,.F.,
  .F.,(2,2),(-6.675,-1.175),.PIECEWISE_BEZIER_KNOTS.);
#5567 = CARTESIAN_POINT('',(7.85,16.));
#5568 = CARTESIAN_POINT('',(2.35,16.));
#5569 = ( GEOMETRIC_REPRESENTATION_CONTEXT(2) 
PARAMETRIC_REPRESENTATION_CONTEXT() REPRESENTATION_CONTEXT('2D SPACE',''
  ) );
#5570 = ADVANCED_FACE('',(#5571),#2750,.T.);
#5571 = FACE_BOUND('',#5572,.T.);
#5572 = EDGE_LOOP('',(#5573,#5596,#5597,#5598));
#5573 = ORIENTED_EDGE('',*,*,#5574,.F.);
#5574 = EDGE_CURVE('',#2710,#5575,#5577,.T.);
#5575 = VERTEX_POINT('',#5576);
#5576 = CARTESIAN_POINT('',(-24.,-53.2,3.75));
#5577 = SURFACE_CURVE('',#5578,(#5582,#5589),.PCURVE_S1.);
#5578 = LINE('',#5579,#5580);
#5579 = CARTESIAN_POINT('',(-24.,-55.5,3.75));
#5580 = VECTOR('',#5581,1.);
#5581 = DIRECTION('',(0.,1.,0.));
#5582 = PCURVE('',#2750,#5583);
#5583 = DEFINITIONAL_REPRESENTATION('',(#5584),#5588);
#5584 = LINE('',#5585,#5586);
#5585 = CARTESIAN_POINT('',(0.,0.));
#5586 = VECTOR('',#5587,1.);
#5587 = DIRECTION('',(0.,1.));
#5588 = ( GEOMETRIC_REPRESENTATION_CONTEXT(2) 
PARAMETRIC_REPRESENTATION_CONTEXT() REPRESENTATION_CONTEXT('2D SPACE',''
  ) );
#5589 = PCURVE('',#2724,#5590);
#5590 = DEFINITIONAL_REPRESENTATION('',(#5591),#5595);
#5591 = LINE('',#5592,#5593);
#5592 = CARTESIAN_POINT('',(0.,0.));
#5593 = VECTOR('',#5594,1.);
#5594 = DIRECTION('',(0.,-1.));
#5595 = ( GEOMETRIC_REPRESENTATION_CONTEXT(2) 
PARAMETRIC_REPRESENTATION_CONTEXT() REPRESENTATION_CONTEXT('2D SPACE',''
  ) );
#5596 = ORIENTED_EDGE('',*,*,#2735,.T.);
#5597 = ORIENTED_EDGE('',*,*,#5529,.T.);
#5598 = ORIENTED_EDGE('',*,*,#5599,.F.);
#5599 = EDGE_CURVE('',#5575,#5530,#5600,.T.);
#5600 = SURFACE_CURVE('',#5601,(#5605,#5611),.PCURVE_S1.);
#5601 = LINE('',#5602,#5603);
#5602 = CARTESIAN_POINT('',(-26.,-53.2,3.75));
#5603 = VECTOR('',#5604,1.);
#5604 = DIRECTION('',(1.,0.,0.));
#5605 = PCURVE('',#2750,#5606);
#5606 = DEFINITIONAL_REPRESENTATION('',(#5607),#5610);
#5607 = B_SPLINE_CURVE_WITH_KNOTS('',1,(#5608,#5609),.UNSPECIFIED.,.F.,
  .F.,(2,2),(2.,14.),.PIECEWISE_BEZIER_KNOTS.);
#5608 = CARTESIAN_POINT('',(0.,2.3));
#5609 = CARTESIAN_POINT('',(12.,2.3));
#5610 = ( GEOMETRIC_REPRESENTATION_CONTEXT(2) 
PARAMETRIC_REPRESENTATION_CONTEXT() REPRESENTATION_CONTEXT('2D SPACE',''
  ) );
#5611 = PCURVE('',#5269,#5612);
#5612 = DEFINITIONAL_REPRESENTATION('',(#5613),#5616);
#5613 = B_SPLINE_CURVE_WITH_KNOTS('',1,(#5614,#5615),.UNSPECIFIED.,.F.,
  .F.,(2,2),(2.,14.),.PIECEWISE_BEZIER_KNOTS.);
#5614 = CARTESIAN_POINT('',(2.35,4.));
#5615 = CARTESIAN_POINT('',(2.35,16.));
#5616 = ( GEOMETRIC_REPRESENTATION_CONTEXT(2) 
PARAMETRIC_REPRESENTATION_CONTEXT() REPRESENTATION_CONTEXT('2D SPACE',''
  ) );
#5617 = ADVANCED_FACE('',(#5618),#2724,.T.);
#5618 = FACE_BOUND('',#5619,.T.);
#5619 = EDGE_LOOP('',(#5620,#5621,#5622,#5623));
#5620 = ORIENTED_EDGE('',*,*,#5458,.F.);
#5621 = ORIENTED_EDGE('',*,*,#2709,.T.);
#5622 = ORIENTED_EDGE('',*,*,#5574,.T.);
#5623 = ORIENTED_EDGE('',*,*,#5624,.F.);
#5624 = EDGE_CURVE('',#5459,#5575,#5625,.T.);
#5625 = SURFACE_CURVE('',#5626,(#5630,#5636),.PCURVE_S1.);
#5626 = LINE('',#5627,#5628);
#5627 = CARTESIAN_POINT('',(-24.,-53.2,2.575));
#5628 = VECTOR('',#5629,1.);
#5629 = DIRECTION('',(0.,0.,-1.));
#5630 = PCURVE('',#2724,#5631);
#5631 = DEFINITIONAL_REPRESENTATION('',(#5632),#5635);
#5632 = B_SPLINE_CURVE_WITH_KNOTS('',1,(#5633,#5634),.UNSPECIFIED.,.F.,
  .F.,(2,2),(-6.675,-1.175),.PIECEWISE_BEZIER_KNOTS.);
#5633 = CARTESIAN_POINT('',(5.5,-2.3));
#5634 = CARTESIAN_POINT('',(0.,-2.3));
#5635 = ( GEOMETRIC_REPRESENTATION_CONTEXT(2) 
PARAMETRIC_REPRESENTATION_CONTEXT() REPRESENTATION_CONTEXT('2D SPACE',''
  ) );
#5636 = PCURVE('',#5269,#5637);
#5637 = DEFINITIONAL_REPRESENTATION('',(#5638),#5641);
#5638 = B_SPLINE_CURVE_WITH_KNOTS('',1,(#5639,#5640),.UNSPECIFIED.,.F.,
  .F.,(2,2),(-6.675,-1.175),.PIECEWISE_BEZIER_KNOTS.);
#5639 = CARTESIAN_POINT('',(7.85,4.));
#5640 = CARTESIAN_POINT('',(2.35,4.));
#5641 = ( GEOMETRIC_REPRESENTATION_CONTEXT(2) 
PARAMETRIC_REPRESENTATION_CONTEXT() REPRESENTATION_CONTEXT('2D SPACE',''
  ) );
#5642 = ADVANCED_FACE('',(#5643,#5646),#3147,.T.);
#5643 = FACE_BOUND('',#5644,.T.);
#5644 = EDGE_LOOP('',(#5645));
#5645 = ORIENTED_EDGE('',*,*,#3132,.T.);
#5646 = FACE_BOUND('',#5647,.T.);
#5647 = EDGE_LOOP('',(#5648));
#5648 = ORIENTED_EDGE('',*,*,#5649,.F.);
#5649 = EDGE_CURVE('',#5650,#5650,#5652,.T.);
#5650 = VERTEX_POINT('',#5651);
#5651 = CARTESIAN_POINT('',(-45.1,-48.65,10.6));
#5652 = SURFACE_CURVE('',#5653,(#5658,#5665),.PCURVE_S1.);
#5653 = CIRCLE('',#5654,1.1);
#5654 = AXIS2_PLACEMENT_3D('',#5655,#5656,#5657);
#5655 = CARTESIAN_POINT('',(-46.2,-48.65,10.6));
#5656 = DIRECTION('',(0.,0.,1.));
#5657 = DIRECTION('',(1.,0.,0.));
#5658 = PCURVE('',#3147,#5659);
#5659 = DEFINITIONAL_REPRESENTATION('',(#5660),#5664);
#5660 = CIRCLE('',#5661,1.1);
#5661 = AXIS2_PLACEMENT_2D('',#5662,#5663);
#5662 = CARTESIAN_POINT('',(0.,7.105427357601E-15));
#5663 = DIRECTION('',(1.,0.));
#5664 = ( GEOMETRIC_REPRESENTATION_CONTEXT(2) 
PARAMETRIC_REPRESENTATION_CONTEXT() REPRESENTATION_CONTEXT('2D SPACE',''
  ) );
#5665 = PCURVE('',#5666,#5671);
#5666 = CYLINDRICAL_SURFACE('',#5667,1.1);
#5667 = AXIS2_PLACEMENT_3D('',#5668,#5669,#5670);
#5668 = CARTESIAN_POINT('',(-46.2,-48.65,2.2));
#5669 = DIRECTION('',(-0.,-0.,-1.));
#5670 = DIRECTION('',(1.,0.,0.));
#5671 = DEFINITIONAL_REPRESENTATION('',(#5672),#5676);
#5672 = LINE('',#5673,#5674);
#5673 = CARTESIAN_POINT('',(-0.,-8.4));
#5674 = VECTOR('',#5675,1.);
#5675 = DIRECTION('',(-1.,0.));
#5676 = ( GEOMETRIC_REPRESENTATION_CONTEXT(2) 
PARAMETRIC_REPRESENTATION_CONTEXT() REPRESENTATION_CONTEXT('2D SPACE',''
  ) );
#5677 = ADVANCED_FACE('',(#5678),#3451,.T.);
#5678 = FACE_BOUND('',#5679,.T.);
#5679 = EDGE_LOOP('',(#5680,#5681,#5682,#5683));
#5680 = ORIENTED_EDGE('',*,*,#3435,.T.);
#5681 = ORIENTED_EDGE('',*,*,#3608,.T.);
#5682 = ORIENTED_EDGE('',*,*,#3822,.F.);
#5683 = ORIENTED_EDGE('',*,*,#5160,.F.);
#5684 = ADVANCED_FACE('',(#5685,#5688),#3524,.T.);
#5685 = FACE_BOUND('',#5686,.T.);
#5686 = EDGE_LOOP('',(#5687));
#5687 = ORIENTED_EDGE('',*,*,#3509,.T.);
#5688 = FACE_BOUND('',#5689,.T.);
#5689 = EDGE_LOOP('',(#5690));
#5690 = ORIENTED_EDGE('',*,*,#5691,.F.);
#5691 = EDGE_CURVE('',#5692,#5692,#5694,.T.);
#5692 = VERTEX_POINT('',#5693);
#5693 = CARTESIAN_POINT('',(47.3,-48.65,10.6));
#5694 = SURFACE_CURVE('',#5695,(#5700,#5707),.PCURVE_S1.);
#5695 = CIRCLE('',#5696,1.1);
#5696 = AXIS2_PLACEMENT_3D('',#5697,#5698,#5699);
#5697 = CARTESIAN_POINT('',(46.2,-48.65,10.6));
#5698 = DIRECTION('',(0.,0.,1.));
#5699 = DIRECTION('',(1.,0.,0.));
#5700 = PCURVE('',#3524,#5701);
#5701 = DEFINITIONAL_REPRESENTATION('',(#5702),#5706);
#5702 = CIRCLE('',#5703,1.1);
#5703 = AXIS2_PLACEMENT_2D('',#5704,#5705);
#5704 = CARTESIAN_POINT('',(-7.105427357601E-15,7.105427357601E-15));
#5705 = DIRECTION('',(1.,0.));
#5706 = ( GEOMETRIC_REPRESENTATION_CONTEXT(2) 
PARAMETRIC_REPRESENTATION_CONTEXT() REPRESENTATION_CONTEXT('2D SPACE',''
  ) );
#5707 = PCURVE('',#5708,#5713);
#5708 = CYLINDRICAL_SURFACE('',#5709,1.1);
#5709 = AXIS2_PLACEMENT_3D('',#5710,#5711,#5712);
#5710 = CARTESIAN_POINT('',(46.2,-48.65,2.2));
#5711 = DIRECTION('',(-0.,-0.,-1.));
#5712 = DIRECTION('',(1.,0.,0.));
#5713 = DEFINITIONAL_REPRESENTATION('',(#5714),#5718);
#5714 = LINE('',#5715,#5716);
#5715 = CARTESIAN_POINT('',(-0.,-8.4));
#5716 = VECTOR('',#5717,1.);
#5717 = DIRECTION('',(-1.,0.));
#5718 = ( GEOMETRIC_REPRESENTATION_CONTEXT(2) 
PARAMETRIC_REPRESENTATION_CONTEXT() REPRESENTATION_CONTEXT('2D SPACE',''
  ) );
#5719 = ADVANCED_FACE('',(#5720),#3968,.T.);
#5720 = FACE_BOUND('',#5721,.T.);
#5721 = EDGE_LOOP('',(#5722,#5723,#5724,#5725));
#5722 = ORIENTED_EDGE('',*,*,#4056,.T.);
#5723 = ORIENTED_EDGE('',*,*,#4875,.F.);
#5724 = ORIENTED_EDGE('',*,*,#5133,.F.);
#5725 = ORIENTED_EDGE('',*,*,#3952,.T.);
#5726 = ADVANCED_FACE('',(#5727,#5730),#4041,.T.);
#5727 = FACE_BOUND('',#5728,.T.);
#5728 = EDGE_LOOP('',(#5729));
#5729 = ORIENTED_EDGE('',*,*,#4026,.T.);
#5730 = FACE_BOUND('',#5731,.T.);
#5731 = EDGE_LOOP('',(#5732));
#5732 = ORIENTED_EDGE('',*,*,#5733,.F.);
#5733 = EDGE_CURVE('',#5734,#5734,#5736,.T.);
#5734 = VERTEX_POINT('',#5735);
#5735 = CARTESIAN_POINT('',(47.3,48.65,10.6));
#5736 = SURFACE_CURVE('',#5737,(#5742,#5749),.PCURVE_S1.);
#5737 = CIRCLE('',#5738,1.1);
#5738 = AXIS2_PLACEMENT_3D('',#5739,#5740,#5741);
#5739 = CARTESIAN_POINT('',(46.2,48.65,10.6));
#5740 = DIRECTION('',(0.,0.,1.));
#5741 = DIRECTION('',(1.,0.,0.));
#5742 = PCURVE('',#4041,#5743);
#5743 = DEFINITIONAL_REPRESENTATION('',(#5744),#5748);
#5744 = CIRCLE('',#5745,1.1);
#5745 = AXIS2_PLACEMENT_2D('',#5746,#5747);
#5746 = CARTESIAN_POINT('',(-7.105427357601E-15,-7.105427357601E-15));
#5747 = DIRECTION('',(1.,0.));
#5748 = ( GEOMETRIC_REPRESENTATION_CONTEXT(2) 
PARAMETRIC_REPRESENTATION_CONTEXT() REPRESENTATION_CONTEXT('2D SPACE',''
  ) );
#5749 = PCURVE('',#5750,#5755);
#5750 = CYLINDRICAL_SURFACE('',#5751,1.1);
#5751 = AXIS2_PLACEMENT_3D('',#5752,#5753,#5754);
#5752 = CARTESIAN_POINT('',(46.2,48.65,2.2));
#5753 = DIRECTION('',(-0.,-0.,-1.));
#5754 = DIRECTION('',(1.,0.,0.));
#5755 = DEFINITIONAL_REPRESENTATION('',(#5756),#5760);
#5756 = LINE('',#5757,#5758);
#5757 = CARTESIAN_POINT('',(-0.,-8.4));
#5758 = VECTOR('',#5759,1.);
#5759 = DIRECTION('',(-1.,0.));
#5760 = ( GEOMETRIC_REPRESENTATION_CONTEXT(2) 
PARAMETRIC_REPRESENTATION_CONTEXT() REPRESENTATION_CONTEXT('2D SPACE',''
  ) );
#5761 = ADVANCED_FACE('',(#5762,#5765),#4672,.T.);
#5762 = FACE_BOUND('',#5763,.T.);
#5763 = EDGE_LOOP('',(#5764));
#5764 = ORIENTED_EDGE('',*,*,#4657,.T.);
#5765 = FACE_BOUND('',#5766,.T.);
#5766 = EDGE_LOOP('',(#5767));
#5767 = ORIENTED_EDGE('',*,*,#5768,.F.);
#5768 = EDGE_CURVE('',#5769,#5769,#5771,.T.);
#5769 = VERTEX_POINT('',#5770);
#5770 = CARTESIAN_POINT('',(-45.1,48.65,10.6));
#5771 = SURFACE_CURVE('',#5772,(#5777,#5784),.PCURVE_S1.);
#5772 = CIRCLE('',#5773,1.1);
#5773 = AXIS2_PLACEMENT_3D('',#5774,#5775,#5776);
#5774 = CARTESIAN_POINT('',(-46.2,48.65,10.6));
#5775 = DIRECTION('',(0.,0.,1.));
#5776 = DIRECTION('',(1.,0.,0.));
#5777 = PCURVE('',#4672,#5778);
#5778 = DEFINITIONAL_REPRESENTATION('',(#5779),#5783);
#5779 = CIRCLE('',#5780,1.1);
#5780 = AXIS2_PLACEMENT_2D('',#5781,#5782);
#5781 = CARTESIAN_POINT('',(0.,-7.105427357601E-15));
#5782 = DIRECTION('',(1.,0.));
#5783 = ( GEOMETRIC_REPRESENTATION_CONTEXT(2) 
PARAMETRIC_REPRESENTATION_CONTEXT() REPRESENTATION_CONTEXT('2D SPACE',''
  ) );
#5784 = PCURVE('',#5785,#5790);
#5785 = CYLINDRICAL_SURFACE('',#5786,1.1);
#5786 = AXIS2_PLACEMENT_3D('',#5787,#5788,#5789);
#5787 = CARTESIAN_POINT('',(-46.2,48.65,2.2));
#5788 = DIRECTION('',(-0.,-0.,-1.));
#5789 = DIRECTION('',(1.,0.,0.));
#5790 = DEFINITIONAL_REPRESENTATION('',(#5791),#5795);
#5791 = LINE('',#5792,#5793);
#5792 = CARTESIAN_POINT('',(-0.,-8.4));
#5793 = VECTOR('',#5794,1.);
#5794 = DIRECTION('',(-1.,0.));
#5795 = ( GEOMETRIC_REPRESENTATION_CONTEXT(2) 
PARAMETRIC_REPRESENTATION_CONTEXT() REPRESENTATION_CONTEXT('2D SPACE',''
  ) );
#5796 = ADVANCED_FACE('',(#5797,#5803),#5269,.T.);
#5797 = FACE_BOUND('',#5798,.T.);
#5798 = EDGE_LOOP('',(#5799,#5800,#5801,#5802));
#5799 = ORIENTED_EDGE('',*,*,#5253,.F.);
#5800 = ORIENTED_EDGE('',*,*,#5335,.T.);
#5801 = ORIENTED_EDGE('',*,*,#5407,.T.);
#5802 = ORIENTED_EDGE('',*,*,#5433,.F.);
#5803 = FACE_BOUND('',#5804,.T.);
#5804 = EDGE_LOOP('',(#5805,#5806,#5807,#5808));
#5805 = ORIENTED_EDGE('',*,*,#5505,.F.);
#5806 = ORIENTED_EDGE('',*,*,#5624,.T.);
#5807 = ORIENTED_EDGE('',*,*,#5599,.T.);
#5808 = ORIENTED_EDGE('',*,*,#5552,.F.);
#5809 = ADVANCED_FACE('',(#5810),#5666,.F.);
#5810 = FACE_BOUND('',#5811,.T.);
#5811 = EDGE_LOOP('',(#5812,#5835,#5836,#5837));
#5812 = ORIENTED_EDGE('',*,*,#5813,.T.);
#5813 = EDGE_CURVE('',#5814,#5650,#5816,.T.);
#5814 = VERTEX_POINT('',#5815);
#5815 = CARTESIAN_POINT('',(-45.1,-48.65,2.2));
#5816 = SEAM_CURVE('',#5817,(#5821,#5828),.PCURVE_S1.);
#5817 = LINE('',#5818,#5819);
#5818 = CARTESIAN_POINT('',(-45.1,-48.65,2.2));
#5819 = VECTOR('',#5820,1.);
#5820 = DIRECTION('',(0.,0.,1.));
#5821 = PCURVE('',#5666,#5822);
#5822 = DEFINITIONAL_REPRESENTATION('',(#5823),#5827);
#5823 = LINE('',#5824,#5825);
#5824 = CARTESIAN_POINT('',(-0.,0.));
#5825 = VECTOR('',#5826,1.);
#5826 = DIRECTION('',(-0.,-1.));
#5827 = ( GEOMETRIC_REPRESENTATION_CONTEXT(2) 
PARAMETRIC_REPRESENTATION_CONTEXT() REPRESENTATION_CONTEXT('2D SPACE',''
  ) );
#5828 = PCURVE('',#5666,#5829);
#5829 = DEFINITIONAL_REPRESENTATION('',(#5830),#5834);
#5830 = LINE('',#5831,#5832);
#5831 = CARTESIAN_POINT('',(-6.28318530718,0.));
#5832 = VECTOR('',#5833,1.);
#5833 = DIRECTION('',(-0.,-1.));
#5834 = ( GEOMETRIC_REPRESENTATION_CONTEXT(2) 
PARAMETRIC_REPRESENTATION_CONTEXT() REPRESENTATION_CONTEXT('2D SPACE',''
  ) );
#5835 = ORIENTED_EDGE('',*,*,#5649,.T.);
#5836 = ORIENTED_EDGE('',*,*,#5813,.F.);
#5837 = ORIENTED_EDGE('',*,*,#5838,.F.);
#5838 = EDGE_CURVE('',#5814,#5814,#5839,.T.);
#5839 = SURFACE_CURVE('',#5840,(#5845,#5852),.PCURVE_S1.);
#5840 = CIRCLE('',#5841,1.1);
#5841 = AXIS2_PLACEMENT_3D('',#5842,#5843,#5844);
#5842 = CARTESIAN_POINT('',(-46.2,-48.65,2.2));
#5843 = DIRECTION('',(0.,0.,1.));
#5844 = DIRECTION('',(1.,0.,0.));
#5845 = PCURVE('',#5666,#5846);
#5846 = DEFINITIONAL_REPRESENTATION('',(#5847),#5851);
#5847 = LINE('',#5848,#5849);
#5848 = CARTESIAN_POINT('',(-0.,0.));
#5849 = VECTOR('',#5850,1.);
#5850 = DIRECTION('',(-1.,0.));
#5851 = ( GEOMETRIC_REPRESENTATION_CONTEXT(2) 
PARAMETRIC_REPRESENTATION_CONTEXT() REPRESENTATION_CONTEXT('2D SPACE',''
  ) );
#5852 = PCURVE('',#5853,#5858);
#5853 = PLANE('',#5854);
#5854 = AXIS2_PLACEMENT_3D('',#5855,#5856,#5857);
#5855 = CARTESIAN_POINT('',(-46.2,-48.65,2.2));
#5856 = DIRECTION('',(0.,0.,1.));
#5857 = DIRECTION('',(1.,0.,-0.));
#5858 = DEFINITIONAL_REPRESENTATION('',(#5859),#5863);
#5859 = CIRCLE('',#5860,1.1);
#5860 = AXIS2_PLACEMENT_2D('',#5861,#5862);
#5861 = CARTESIAN_POINT('',(-7.105427357601E-15,-7.105427357601E-15));
#5862 = DIRECTION('',(1.,0.));
#5863 = ( GEOMETRIC_REPRESENTATION_CONTEXT(2) 
PARAMETRIC_REPRESENTATION_CONTEXT() REPRESENTATION_CONTEXT('2D SPACE',''
  ) );
#5864 = ADVANCED_FACE('',(#5865),#5708,.F.);
#5865 = FACE_BOUND('',#5866,.T.);
#5866 = EDGE_LOOP('',(#5867,#5890,#5891,#5892));
#5867 = ORIENTED_EDGE('',*,*,#5868,.T.);
#5868 = EDGE_CURVE('',#5869,#5692,#5871,.T.);
#5869 = VERTEX_POINT('',#5870);
#5870 = CARTESIAN_POINT('',(47.3,-48.65,2.2));
#5871 = SEAM_CURVE('',#5872,(#5876,#5883),.PCURVE_S1.);
#5872 = LINE('',#5873,#5874);
#5873 = CARTESIAN_POINT('',(47.3,-48.65,2.2));
#5874 = VECTOR('',#5875,1.);
#5875 = DIRECTION('',(0.,0.,1.));
#5876 = PCURVE('',#5708,#5877);
#5877 = DEFINITIONAL_REPRESENTATION('',(#5878),#5882);
#5878 = LINE('',#5879,#5880);
#5879 = CARTESIAN_POINT('',(-0.,0.));
#5880 = VECTOR('',#5881,1.);
#5881 = DIRECTION('',(-0.,-1.));
#5882 = ( GEOMETRIC_REPRESENTATION_CONTEXT(2) 
PARAMETRIC_REPRESENTATION_CONTEXT() REPRESENTATION_CONTEXT('2D SPACE',''
  ) );
#5883 = PCURVE('',#5708,#5884);
#5884 = DEFINITIONAL_REPRESENTATION('',(#5885),#5889);
#5885 = LINE('',#5886,#5887);
#5886 = CARTESIAN_POINT('',(-6.28318530718,0.));
#5887 = VECTOR('',#5888,1.);
#5888 = DIRECTION('',(-0.,-1.));
#5889 = ( GEOMETRIC_REPRESENTATION_CONTEXT(2) 
PARAMETRIC_REPRESENTATION_CONTEXT() REPRESENTATION_CONTEXT('2D SPACE',''
  ) );
#5890 = ORIENTED_EDGE('',*,*,#5691,.T.);
#5891 = ORIENTED_EDGE('',*,*,#5868,.F.);
#5892 = ORIENTED_EDGE('',*,*,#5893,.F.);
#5893 = EDGE_CURVE('',#5869,#5869,#5894,.T.);
#5894 = SURFACE_CURVE('',#5895,(#5900,#5907),.PCURVE_S1.);
#5895 = CIRCLE('',#5896,1.1);
#5896 = AXIS2_PLACEMENT_3D('',#5897,#5898,#5899);
#5897 = CARTESIAN_POINT('',(46.2,-48.65,2.2));
#5898 = DIRECTION('',(0.,0.,1.));
#5899 = DIRECTION('',(1.,0.,0.));
#5900 = PCURVE('',#5708,#5901);
#5901 = DEFINITIONAL_REPRESENTATION('',(#5902),#5906);
#5902 = LINE('',#5903,#5904);
#5903 = CARTESIAN_POINT('',(-0.,0.));
#5904 = VECTOR('',#5905,1.);
#5905 = DIRECTION('',(-1.,0.));
#5906 = ( GEOMETRIC_REPRESENTATION_CONTEXT(2) 
PARAMETRIC_REPRESENTATION_CONTEXT() REPRESENTATION_CONTEXT('2D SPACE',''
  ) );
#5907 = PCURVE('',#5908,#5913);
#5908 = PLANE('',#5909);
#5909 = AXIS2_PLACEMENT_3D('',#5910,#5911,#5912);
#5910 = CARTESIAN_POINT('',(46.2,-48.65,2.2));
#5911 = DIRECTION('',(0.,0.,1.));
#5912 = DIRECTION('',(1.,0.,-0.));
#5913 = DEFINITIONAL_REPRESENTATION('',(#5914),#5918);
#5914 = CIRCLE('',#5915,1.1);
#5915 = AXIS2_PLACEMENT_2D('',#5916,#5917);
#5916 = CARTESIAN_POINT('',(-7.105427357601E-15,-7.105427357601E-15));
#5917 = DIRECTION('',(1.,0.));
#5918 = ( GEOMETRIC_REPRESENTATION_CONTEXT(2) 
PARAMETRIC_REPRESENTATION_CONTEXT() REPRESENTATION_CONTEXT('2D SPACE',''
  ) );
#5919 = ADVANCED_FACE('',(#5920),#5750,.F.);
#5920 = FACE_BOUND('',#5921,.T.);
#5921 = EDGE_LOOP('',(#5922,#5945,#5946,#5947));
#5922 = ORIENTED_EDGE('',*,*,#5923,.T.);
#5923 = EDGE_CURVE('',#5924,#5734,#5926,.T.);
#5924 = VERTEX_POINT('',#5925);
#5925 = CARTESIAN_POINT('',(47.3,48.65,2.2));
#5926 = SEAM_CURVE('',#5927,(#5931,#5938),.PCURVE_S1.);
#5927 = LINE('',#5928,#5929);
#5928 = CARTESIAN_POINT('',(47.3,48.65,2.2));
#5929 = VECTOR('',#5930,1.);
#5930 = DIRECTION('',(0.,0.,1.));
#5931 = PCURVE('',#5750,#5932);
#5932 = DEFINITIONAL_REPRESENTATION('',(#5933),#5937);
#5933 = LINE('',#5934,#5935);
#5934 = CARTESIAN_POINT('',(-0.,0.));
#5935 = VECTOR('',#5936,1.);
#5936 = DIRECTION('',(-0.,-1.));
#5937 = ( GEOMETRIC_REPRESENTATION_CONTEXT(2) 
PARAMETRIC_REPRESENTATION_CONTEXT() REPRESENTATION_CONTEXT('2D SPACE',''
  ) );
#5938 = PCURVE('',#5750,#5939);
#5939 = DEFINITIONAL_REPRESENTATION('',(#5940),#5944);
#5940 = LINE('',#5941,#5942);
#5941 = CARTESIAN_POINT('',(-6.28318530718,0.));
#5942 = VECTOR('',#5943,1.);
#5943 = DIRECTION('',(-0.,-1.));
#5944 = ( GEOMETRIC_REPRESENTATION_CONTEXT(2) 
PARAMETRIC_REPRESENTATION_CONTEXT() REPRESENTATION_CONTEXT('2D SPACE',''
  ) );
#5945 = ORIENTED_EDGE('',*,*,#5733,.T.);
#5946 = ORIENTED_EDGE('',*,*,#5923,.F.);
#5947 = ORIENTED_EDGE('',*,*,#5948,.F.);
#5948 = EDGE_CURVE('',#5924,#5924,#5949,.T.);
#5949 = SURFACE_CURVE('',#5950,(#5955,#5962),.PCURVE_S1.);
#5950 = CIRCLE('',#5951,1.1);
#5951 = AXIS2_PLACEMENT_3D('',#5952,#5953,#5954);
#5952 = CARTESIAN_POINT('',(46.2,48.65,2.2));
#5953 = DIRECTION('',(0.,0.,1.));
#5954 = DIRECTION('',(1.,0.,0.));
#5955 = PCURVE('',#5750,#5956);
#5956 = DEFINITIONAL_REPRESENTATION('',(#5957),#5961);
#5957 = LINE('',#5958,#5959);
#5958 = CARTESIAN_POINT('',(-0.,0.));
#5959 = VECTOR('',#5960,1.);
#5960 = DIRECTION('',(-1.,0.));
#5961 = ( GEOMETRIC_REPRESENTATION_CONTEXT(2) 
PARAMETRIC_REPRESENTATION_CONTEXT() REPRESENTATION_CONTEXT('2D SPACE',''
  ) );
#5962 = PCURVE('',#5963,#5968);
#5963 = PLANE('',#5964);
#5964 = AXIS2_PLACEMENT_3D('',#5965,#5966,#5967);
#5965 = CARTESIAN_POINT('',(46.2,48.65,2.2));
#5966 = DIRECTION('',(0.,0.,1.));
#5967 = DIRECTION('',(1.,0.,-0.));
#5968 = DEFINITIONAL_REPRESENTATION('',(#5969),#5973);
#5969 = CIRCLE('',#5970,1.1);
#5970 = AXIS2_PLACEMENT_2D('',#5971,#5972);
#5971 = CARTESIAN_POINT('',(-7.105427357601E-15,0.));
#5972 = DIRECTION('',(1.,0.));
#5973 = ( GEOMETRIC_REPRESENTATION_CONTEXT(2) 
PARAMETRIC_REPRESENTATION_CONTEXT() REPRESENTATION_CONTEXT('2D SPACE',''
  ) );
#5974 = ADVANCED_FACE('',(#5975),#5785,.F.);
#5975 = FACE_BOUND('',#5976,.T.);
#5976 = EDGE_LOOP('',(#5977,#6000,#6001,#6002));
#5977 = ORIENTED_EDGE('',*,*,#5978,.T.);
#5978 = EDGE_CURVE('',#5979,#5769,#5981,.T.);
#5979 = VERTEX_POINT('',#5980);
#5980 = CARTESIAN_POINT('',(-45.1,48.65,2.2));
#5981 = SEAM_CURVE('',#5982,(#5986,#5993),.PCURVE_S1.);
#5982 = LINE('',#5983,#5984);
#5983 = CARTESIAN_POINT('',(-45.1,48.65,2.2));
#5984 = VECTOR('',#5985,1.);
#5985 = DIRECTION('',(0.,0.,1.));
#5986 = PCURVE('',#5785,#5987);
#5987 = DEFINITIONAL_REPRESENTATION('',(#5988),#5992);
#5988 = LINE('',#5989,#5990);
#5989 = CARTESIAN_POINT('',(-0.,0.));
#5990 = VECTOR('',#5991,1.);
#5991 = DIRECTION('',(-0.,-1.));
#5992 = ( GEOMETRIC_REPRESENTATION_CONTEXT(2) 
PARAMETRIC_REPRESENTATION_CONTEXT() REPRESENTATION_CONTEXT('2D SPACE',''
  ) );
#5993 = PCURVE('',#5785,#5994);
#5994 = DEFINITIONAL_REPRESENTATION('',(#5995),#5999);
#5995 = LINE('',#5996,#5997);
#5996 = CARTESIAN_POINT('',(-6.28318530718,0.));
#5997 = VECTOR('',#5998,1.);
#5998 = DIRECTION('',(-0.,-1.));
#5999 = ( GEOMETRIC_REPRESENTATION_CONTEXT(2) 
PARAMETRIC_REPRESENTATION_CONTEXT() REPRESENTATION_CONTEXT('2D SPACE',''
  ) );
#6000 = ORIENTED_EDGE('',*,*,#5768,.T.);
#6001 = ORIENTED_EDGE('',*,*,#5978,.F.);
#6002 = ORIENTED_EDGE('',*,*,#6003,.F.);
#6003 = EDGE_CURVE('',#5979,#5979,#6004,.T.);
#6004 = SURFACE_CURVE('',#6005,(#6010,#6017),.PCURVE_S1.);
#6005 = CIRCLE('',#6006,1.1);
#6006 = AXIS2_PLACEMENT_3D('',#6007,#6008,#6009);
#6007 = CARTESIAN_POINT('',(-46.2,48.65,2.2));
#6008 = DIRECTION('',(0.,0.,1.));
#6009 = DIRECTION('',(1.,0.,0.));
#6010 = PCURVE('',#5785,#6011);
#6011 = DEFINITIONAL_REPRESENTATION('',(#6012),#6016);
#6012 = LINE('',#6013,#6014);
#6013 = CARTESIAN_POINT('',(-0.,0.));
#6014 = VECTOR('',#6015,1.);
#6015 = DIRECTION('',(-1.,0.));
#6016 = ( GEOMETRIC_REPRESENTATION_CONTEXT(2) 
PARAMETRIC_REPRESENTATION_CONTEXT() REPRESENTATION_CONTEXT('2D SPACE',''
  ) );
#6017 = PCURVE('',#6018,#6023);
#6018 = PLANE('',#6019);
#6019 = AXIS2_PLACEMENT_3D('',#6020,#6021,#6022);
#6020 = CARTESIAN_POINT('',(-46.2,48.65,2.2));
#6021 = DIRECTION('',(0.,0.,1.));
#6022 = DIRECTION('',(1.,0.,-0.));
#6023 = DEFINITIONAL_REPRESENTATION('',(#6024),#6028);
#6024 = CIRCLE('',#6025,1.1);
#6025 = AXIS2_PLACEMENT_2D('',#6026,#6027);
#6026 = CARTESIAN_POINT('',(-7.105427357601E-15,0.));
#6027 = DIRECTION('',(1.,0.));
#6028 = ( GEOMETRIC_REPRESENTATION_CONTEXT(2) 
PARAMETRIC_REPRESENTATION_CONTEXT() REPRESENTATION_CONTEXT('2D SPACE',''
  ) );
#6029 = ADVANCED_FACE('',(#6030),#5853,.T.);
#6030 = FACE_BOUND('',#6031,.T.);
#6031 = EDGE_LOOP('',(#6032));
#6032 = ORIENTED_EDGE('',*,*,#5838,.T.);
#6033 = ADVANCED_FACE('',(#6034),#5908,.T.);
#6034 = FACE_BOUND('',#6035,.T.);
#6035 = EDGE_LOOP('',(#6036));
#6036 = ORIENTED_EDGE('',*,*,#5893,.T.);
#6037 = ADVANCED_FACE('',(#6038),#5963,.T.);
#6038 = FACE_BOUND('',#6039,.T.);
#6039 = EDGE_LOOP('',(#6040));
#6040 = ORIENTED_EDGE('',*,*,#5948,.T.);
#6041 = ADVANCED_FACE('',(#6042),#6018,.T.);
#6042 = FACE_BOUND('',#6043,.T.);
#6043 = EDGE_LOOP('',(#6044));
#6044 = ORIENTED_EDGE('',*,*,#6003,.T.);
#6045 = ( GEOMETRIC_REPRESENTATION_CONTEXT(3) 
GLOBAL_UNCERTAINTY_ASSIGNED_CONTEXT((#6049)) 
GLOBAL_UNIT_ASSIGNED_CONTEXT((#6046,#6047,#6048)) REPRESENTATION_CONTEXT
('Context #1','3D Context with UNIT and UNCERTAINTY') );
#6046 = ( LENGTH_UNIT() NAMED_UNIT(*) SI_UNIT(.MILLI.,.METRE.) );
#6047 = ( NAMED_UNIT(*) PLANE_ANGLE_UNIT() SI_UNIT($,.RADIAN.) );
#6048 = ( NAMED_UNIT(*) SI_UNIT($,.STERADIAN.) SOLID_ANGLE_UNIT() );
#6049 = UNCERTAINTY_MEASURE_WITH_UNIT(LENGTH_MEASURE(1.E-07),#6046,
  'distance_accuracy_value','confusion accuracy');
#6050 = CONTEXT_DEPENDENT_SHAPE_REPRESENTATION(#6051,#6053);
#6051 = ( REPRESENTATION_RELATIONSHIP('','',#44,#10) 
REPRESENTATION_RELATIONSHIP_WITH_TRANSFORMATION(#6052) 
SHAPE_REPRESENTATION_RELATIONSHIP() );
#6052 = ITEM_DEFINED_TRANSFORMATION('','',#11,#15);
#6053 = PRODUCT_DEFINITION_SHAPE('Placement','Placement of an item',
  #6054);
#6054 = NEXT_ASSEMBLY_USAGE_OCCURRENCE('1','bottom','',#5,#39,$);
#6055 = PRODUCT_RELATED_PRODUCT_CATEGORY('part',$,(#41));
#6056 = SHAPE_DEFINITION_REPRESENTATION(#6057,#6063);
#6057 = PRODUCT_DEFINITION_SHAPE('','',#6058);
#6058 = PRODUCT_DEFINITION('design','',#6059,#6062);
#6059 = PRODUCT_DEFINITION_FORMATION('','',#6060);
#6060 = PRODUCT('top_bumper','top_bumper','',(#6061));
#6061 = PRODUCT_CONTEXT('',#2,'mechanical');
#6062 = PRODUCT_DEFINITION_CONTEXT('part definition',#2,'design');
#6063 = ADVANCED_BREP_SHAPE_REPRESENTATION('',(#11,#6064),#10002);
#6064 = MANIFOLD_SOLID_BREP('',#6065);
#6065 = CLOSED_SHELL('',(#6066,#6188,#6295,#6396,#7294,#7363,#7388,#7443
    ,#8037,#8064,#8111,#8138,#8165,#8192,#8219,#8246,#8273,#8280,#8335,
    #8390,#8445,#8470,#8546,#8573,#8621,#8646,#8715,#8791,#8818,#8866,
    #8893,#8962,#8987,#9012,#9088,#9159,#9187,#9242,#9281,#9308,#9335,
    #9362,#9401,#9435,#9474,#9512,#9550,#9588,#9627,#9654,#9713,#9772,
    #9822,#9877,#9927,#9981,#9988,#9995));
#6066 = ADVANCED_FACE('',(#6067),#6082,.T.);
#6067 = FACE_BOUND('',#6068,.F.);
#6068 = EDGE_LOOP('',(#6069,#6105,#6131,#6164));
#6069 = ORIENTED_EDGE('',*,*,#6070,.F.);
#6070 = EDGE_CURVE('',#6071,#6073,#6075,.T.);
#6071 = VERTEX_POINT('',#6072);
#6072 = CARTESIAN_POINT('',(48.95,-52.21195171219,24.8));
#6073 = VERTEX_POINT('',#6074);
#6074 = CARTESIAN_POINT('',(43.45,-52.21195171219,24.8));
#6075 = SURFACE_CURVE('',#6076,(#6081,#6093),.PCURVE_S1.);
#6076 = CIRCLE('',#6077,4.5);
#6077 = AXIS2_PLACEMENT_3D('',#6078,#6079,#6080);
#6078 = CARTESIAN_POINT('',(46.2,-48.65,24.8));
#6079 = DIRECTION('',(-0.,0.,1.));
#6080 = DIRECTION('',(0.611111111111,-0.791544824932,0.));
#6081 = PCURVE('',#6082,#6087);
#6082 = CYLINDRICAL_SURFACE('',#6083,4.5);
#6083 = AXIS2_PLACEMENT_3D('',#6084,#6085,#6086);
#6084 = CARTESIAN_POINT('',(46.2,-48.65,24.8));
#6085 = DIRECTION('',(-0.,-0.,-1.));
#6086 = DIRECTION('',(1.,0.,0.));
#6087 = DEFINITIONAL_REPRESENTATION('',(#6088),#6092);
#6088 = LINE('',#6089,#6090);
#6089 = CARTESIAN_POINT('',(-5.369852536766,0.));
#6090 = VECTOR('',#6091,1.);
#6091 = DIRECTION('',(-1.,0.));
#6092 = ( GEOMETRIC_REPRESENTATION_CONTEXT(2) 
PARAMETRIC_REPRESENTATION_CONTEXT() REPRESENTATION_CONTEXT('2D SPACE',''
  ) );
#6093 = PCURVE('',#6094,#6099);
#6094 = PLANE('',#6095);
#6095 = AXIS2_PLACEMENT_3D('',#6096,#6097,#6098);
#6096 = CARTESIAN_POINT('',(46.2,-48.65,24.8));
#6097 = DIRECTION('',(0.,0.,1.));
#6098 = DIRECTION('',(1.,0.,-0.));
#6099 = DEFINITIONAL_REPRESENTATION('',(#6100),#6104);
#6100 = CIRCLE('',#6101,4.5);
#6101 = AXIS2_PLACEMENT_2D('',#6102,#6103);
#6102 = CARTESIAN_POINT('',(-7.105427357601E-15,0.));
#6103 = DIRECTION('',(0.611111111111,-0.791544824932));
#6104 = ( GEOMETRIC_REPRESENTATION_CONTEXT(2) 
PARAMETRIC_REPRESENTATION_CONTEXT() REPRESENTATION_CONTEXT('2D SPACE',''
  ) );
#6105 = ORIENTED_EDGE('',*,*,#6106,.F.);
#6106 = EDGE_CURVE('',#6107,#6071,#6109,.T.);
#6107 = VERTEX_POINT('',#6108);
#6108 = CARTESIAN_POINT('',(48.95,-52.21195171219,26.8));
#6109 = SURFACE_CURVE('',#6110,(#6114,#6120),.PCURVE_S1.);
#6110 = LINE('',#6111,#6112);
#6111 = CARTESIAN_POINT('',(48.95,-52.21195171219,24.8));
#6112 = VECTOR('',#6113,1.);
#6113 = DIRECTION('',(-0.,-0.,-1.));
#6114 = PCURVE('',#6082,#6115);
#6115 = DEFINITIONAL_REPRESENTATION('',(#6116),#6119);
#6116 = B_SPLINE_CURVE_WITH_KNOTS('',1,(#6117,#6118),.UNSPECIFIED.,.F.,
  .F.,(2,2),(-2.,0.),.PIECEWISE_BEZIER_KNOTS.);
#6117 = CARTESIAN_POINT('',(-5.369852536766,-2.));
#6118 = CARTESIAN_POINT('',(-5.369852536766,0.));
#6119 = ( GEOMETRIC_REPRESENTATION_CONTEXT(2) 
PARAMETRIC_REPRESENTATION_CONTEXT() REPRESENTATION_CONTEXT('2D SPACE',''
  ) );
#6120 = PCURVE('',#6121,#6126);
#6121 = PLANE('',#6122);
#6122 = AXIS2_PLACEMENT_3D('',#6123,#6124,#6125);
#6123 = CARTESIAN_POINT('',(48.95,-48.65,24.8));
#6124 = DIRECTION('',(1.,1.110223024625E-16,0.));
#6125 = DIRECTION('',(0.,0.,1.));
#6126 = DEFINITIONAL_REPRESENTATION('',(#6127),#6130);
#6127 = B_SPLINE_CURVE_WITH_KNOTS('',1,(#6128,#6129),.UNSPECIFIED.,.F.,
  .F.,(2,2),(-2.0000006,5.999999999062E-07),.PIECEWISE_BEZIER_KNOTS.);
#6128 = CARTESIAN_POINT('',(2.0000006,3.561951712194));
#6129 = CARTESIAN_POINT('',(-5.999999999062E-07,3.561951712194));
#6130 = ( GEOMETRIC_REPRESENTATION_CONTEXT(2) 
PARAMETRIC_REPRESENTATION_CONTEXT() REPRESENTATION_CONTEXT('2D SPACE',''
  ) );
#6131 = ORIENTED_EDGE('',*,*,#6132,.F.);
#6132 = EDGE_CURVE('',#6133,#6107,#6135,.T.);
#6133 = VERTEX_POINT('',#6134);
#6134 = CARTESIAN_POINT('',(43.45,-52.21195171219,26.8));
#6135 = SURFACE_CURVE('',#6136,(#6141,#6148),.PCURVE_S1.);
#6136 = CIRCLE('',#6137,4.5);
#6137 = AXIS2_PLACEMENT_3D('',#6138,#6139,#6140);
#6138 = CARTESIAN_POINT('',(46.2,-48.65,26.8));
#6139 = DIRECTION('',(-0.,0.,-1.));
#6140 = DIRECTION('',(-0.611111111111,-0.791544824932,0.));
#6141 = PCURVE('',#6082,#6142);
#6142 = DEFINITIONAL_REPRESENTATION('',(#6143),#6147);
#6143 = LINE('',#6144,#6145);
#6144 = CARTESIAN_POINT('',(-10.33811073118,-2.));
#6145 = VECTOR('',#6146,1.);
#6146 = DIRECTION('',(1.,-0.));
#6147 = ( GEOMETRIC_REPRESENTATION_CONTEXT(2) 
PARAMETRIC_REPRESENTATION_CONTEXT() REPRESENTATION_CONTEXT('2D SPACE',''
  ) );
#6148 = PCURVE('',#6149,#6154);
#6149 = PLANE('',#6150);
#6150 = AXIS2_PLACEMENT_3D('',#6151,#6152,#6153);
#6151 = CARTESIAN_POINT('',(46.2,-48.65,26.8));
#6152 = DIRECTION('',(0.,0.,1.));
#6153 = DIRECTION('',(1.,0.,-0.));
#6154 = DEFINITIONAL_REPRESENTATION('',(#6155),#6163);
#6155 = ( BOUNDED_CURVE() B_SPLINE_CURVE(2,(#6156,#6157,#6158,#6159,
#6160,#6161,#6162),.UNSPECIFIED.,.T.,.F.) B_SPLINE_CURVE_WITH_KNOTS((1,2
    ,2,2,2,1),(-2.094395102393,0.,2.094395102393,4.188790204786,
6.28318530718,8.377580409573),.UNSPECIFIED.) CURVE() 
GEOMETRIC_REPRESENTATION_ITEM() RATIONAL_B_SPLINE_CURVE((1.,0.5,1.,0.5,
1.,0.5,1.)) REPRESENTATION_ITEM('') );
#6156 = CARTESIAN_POINT('',(-2.75,-3.561951712194));
#6157 = CARTESIAN_POINT('',(-8.919481339627,1.201188008621));
#6158 = CARTESIAN_POINT('',(-1.709740669813,4.162545716504));
#6159 = CARTESIAN_POINT('',(5.5,7.123903424388));
#6160 = CARTESIAN_POINT('',(4.459740669813,-0.60059400431));
#6161 = CARTESIAN_POINT('',(3.419481339627,-8.325091433008));
#6162 = CARTESIAN_POINT('',(-2.75,-3.561951712194));
#6163 = ( GEOMETRIC_REPRESENTATION_CONTEXT(2) 
PARAMETRIC_REPRESENTATION_CONTEXT() REPRESENTATION_CONTEXT('2D SPACE',''
  ) );
#6164 = ORIENTED_EDGE('',*,*,#6165,.T.);
#6165 = EDGE_CURVE('',#6133,#6073,#6166,.T.);
#6166 = SURFACE_CURVE('',#6167,(#6171,#6177),.PCURVE_S1.);
#6167 = LINE('',#6168,#6169);
#6168 = CARTESIAN_POINT('',(43.45,-52.21195171219,24.8));
#6169 = VECTOR('',#6170,1.);
#6170 = DIRECTION('',(-0.,-0.,-1.));
#6171 = PCURVE('',#6082,#6172);
#6172 = DEFINITIONAL_REPRESENTATION('',(#6173),#6176);
#6173 = B_SPLINE_CURVE_WITH_KNOTS('',1,(#6174,#6175),.UNSPECIFIED.,.F.,
  .F.,(2,2),(-2.,0.),.PIECEWISE_BEZIER_KNOTS.);
#6174 = CARTESIAN_POINT('',(-10.33811073118,-2.));
#6175 = CARTESIAN_POINT('',(-10.33811073118,0.));
#6176 = ( GEOMETRIC_REPRESENTATION_CONTEXT(2) 
PARAMETRIC_REPRESENTATION_CONTEXT() REPRESENTATION_CONTEXT('2D SPACE',''
  ) );
#6177 = PCURVE('',#6178,#6183);
#6178 = PLANE('',#6179);
#6179 = AXIS2_PLACEMENT_3D('',#6180,#6181,#6182);
#6180 = CARTESIAN_POINT('',(43.45,-48.65,24.8));
#6181 = DIRECTION('',(1.,1.110223024625E-16,0.));
#6182 = DIRECTION('',(0.,0.,1.));
#6183 = DEFINITIONAL_REPRESENTATION('',(#6184),#6187);
#6184 = B_SPLINE_CURVE_WITH_KNOTS('',1,(#6185,#6186),.UNSPECIFIED.,.F.,
  .F.,(2,2),(-2.0000006,5.999999999062E-07),.PIECEWISE_BEZIER_KNOTS.);
#6185 = CARTESIAN_POINT('',(2.0000006,3.561951712194));
#6186 = CARTESIAN_POINT('',(-5.999999999062E-07,3.561951712194));
#6187 = ( GEOMETRIC_REPRESENTATION_CONTEXT(2) 
PARAMETRIC_REPRESENTATION_CONTEXT() REPRESENTATION_CONTEXT('2D SPACE',''
  ) );
#6188 = ADVANCED_FACE('',(#6189,#6264),#6094,.F.);
#6189 = FACE_BOUND('',#6190,.F.);
#6190 = EDGE_LOOP('',(#6191,#6192,#6215,#6243));
#6191 = ORIENTED_EDGE('',*,*,#6070,.T.);
#6192 = ORIENTED_EDGE('',*,*,#6193,.T.);
#6193 = EDGE_CURVE('',#6073,#6194,#6196,.T.);
#6194 = VERTEX_POINT('',#6195);
#6195 = CARTESIAN_POINT('',(43.45,-54.3,24.8));
#6196 = SURFACE_CURVE('',#6197,(#6201,#6208),.PCURVE_S1.);
#6197 = LINE('',#6198,#6199);
#6198 = CARTESIAN_POINT('',(43.45,-48.65,24.8));
#6199 = VECTOR('',#6200,1.);
#6200 = DIRECTION('',(1.110223024625E-16,-1.,0.));
#6201 = PCURVE('',#6094,#6202);
#6202 = DEFINITIONAL_REPRESENTATION('',(#6203),#6207);
#6203 = LINE('',#6204,#6205);
#6204 = CARTESIAN_POINT('',(-2.75,0.));
#6205 = VECTOR('',#6206,1.);
#6206 = DIRECTION('',(1.110223024625E-16,-1.));
#6207 = ( GEOMETRIC_REPRESENTATION_CONTEXT(2) 
PARAMETRIC_REPRESENTATION_CONTEXT() REPRESENTATION_CONTEXT('2D SPACE',''
  ) );
#6208 = PCURVE('',#6178,#6209);
#6209 = DEFINITIONAL_REPRESENTATION('',(#6210),#6214);
#6210 = LINE('',#6211,#6212);
#6211 = CARTESIAN_POINT('',(0.,0.));
#6212 = VECTOR('',#6213,1.);
#6213 = DIRECTION('',(0.,1.));
#6214 = ( GEOMETRIC_REPRESENTATION_CONTEXT(2) 
PARAMETRIC_REPRESENTATION_CONTEXT() REPRESENTATION_CONTEXT('2D SPACE',''
  ) );
#6215 = ORIENTED_EDGE('',*,*,#6216,.T.);
#6216 = EDGE_CURVE('',#6194,#6217,#6219,.T.);
#6217 = VERTEX_POINT('',#6218);
#6218 = CARTESIAN_POINT('',(48.95,-54.3,24.8));
#6219 = SURFACE_CURVE('',#6220,(#6224,#6231),.PCURVE_S1.);
#6220 = LINE('',#6221,#6222);
#6221 = CARTESIAN_POINT('',(43.45,-54.3,24.8));
#6222 = VECTOR('',#6223,1.);
#6223 = DIRECTION('',(1.,1.110223024625E-16,0.));
#6224 = PCURVE('',#6094,#6225);
#6225 = DEFINITIONAL_REPRESENTATION('',(#6226),#6230);
#6226 = LINE('',#6227,#6228);
#6227 = CARTESIAN_POINT('',(-2.75,-5.65));
#6228 = VECTOR('',#6229,1.);
#6229 = DIRECTION('',(1.,1.110223024625E-16));
#6230 = ( GEOMETRIC_REPRESENTATION_CONTEXT(2) 
PARAMETRIC_REPRESENTATION_CONTEXT() REPRESENTATION_CONTEXT('2D SPACE',''
  ) );
#6231 = PCURVE('',#6232,#6237);
#6232 = PLANE('',#6233);
#6233 = AXIS2_PLACEMENT_3D('',#6234,#6235,#6236);
#6234 = CARTESIAN_POINT('',(43.45,-54.3,24.8));
#6235 = DIRECTION('',(1.110223024625E-16,-1.,0.));
#6236 = DIRECTION('',(0.,0.,1.));
#6237 = DEFINITIONAL_REPRESENTATION('',(#6238),#6242);
#6238 = LINE('',#6239,#6240);
#6239 = CARTESIAN_POINT('',(0.,0.));
#6240 = VECTOR('',#6241,1.);
#6241 = DIRECTION('',(0.,-1.));
#6242 = ( GEOMETRIC_REPRESENTATION_CONTEXT(2) 
PARAMETRIC_REPRESENTATION_CONTEXT() REPRESENTATION_CONTEXT('2D SPACE',''
  ) );
#6243 = ORIENTED_EDGE('',*,*,#6244,.F.);
#6244 = EDGE_CURVE('',#6071,#6217,#6245,.T.);
#6245 = SURFACE_CURVE('',#6246,(#6250,#6257),.PCURVE_S1.);
#6246 = LINE('',#6247,#6248);
#6247 = CARTESIAN_POINT('',(48.95,-48.65,24.8));
#6248 = VECTOR('',#6249,1.);
#6249 = DIRECTION('',(1.110223024625E-16,-1.,0.));
#6250 = PCURVE('',#6094,#6251);
#6251 = DEFINITIONAL_REPRESENTATION('',(#6252),#6256);
#6252 = LINE('',#6253,#6254);
#6253 = CARTESIAN_POINT('',(2.75,7.105427357601E-15));
#6254 = VECTOR('',#6255,1.);
#6255 = DIRECTION('',(1.110223024625E-16,-1.));
#6256 = ( GEOMETRIC_REPRESENTATION_CONTEXT(2) 
PARAMETRIC_REPRESENTATION_CONTEXT() REPRESENTATION_CONTEXT('2D SPACE',''
  ) );
#6257 = PCURVE('',#6121,#6258);
#6258 = DEFINITIONAL_REPRESENTATION('',(#6259),#6263);
#6259 = LINE('',#6260,#6261);
#6260 = CARTESIAN_POINT('',(0.,0.));
#6261 = VECTOR('',#6262,1.);
#6262 = DIRECTION('',(0.,1.));
#6263 = ( GEOMETRIC_REPRESENTATION_CONTEXT(2) 
PARAMETRIC_REPRESENTATION_CONTEXT() REPRESENTATION_CONTEXT('2D SPACE',''
  ) );
#6264 = FACE_BOUND('',#6265,.F.);
#6265 = EDGE_LOOP('',(#6266));
#6266 = ORIENTED_EDGE('',*,*,#6267,.F.);
#6267 = EDGE_CURVE('',#6268,#6268,#6270,.T.);
#6268 = VERTEX_POINT('',#6269);
#6269 = CARTESIAN_POINT('',(49.1,-48.65,24.8));
#6270 = SURFACE_CURVE('',#6271,(#6276,#6283),.PCURVE_S1.);
#6271 = CIRCLE('',#6272,2.9);
#6272 = AXIS2_PLACEMENT_3D('',#6273,#6274,#6275);
#6273 = CARTESIAN_POINT('',(46.2,-48.65,24.8));
#6274 = DIRECTION('',(0.,0.,1.));
#6275 = DIRECTION('',(1.,0.,0.));
#6276 = PCURVE('',#6094,#6277);
#6277 = DEFINITIONAL_REPRESENTATION('',(#6278),#6282);
#6278 = CIRCLE('',#6279,2.9);
#6279 = AXIS2_PLACEMENT_2D('',#6280,#6281);
#6280 = CARTESIAN_POINT('',(-7.105427357601E-15,0.));
#6281 = DIRECTION('',(1.,0.));
#6282 = ( GEOMETRIC_REPRESENTATION_CONTEXT(2) 
PARAMETRIC_REPRESENTATION_CONTEXT() REPRESENTATION_CONTEXT('2D SPACE',''
  ) );
#6283 = PCURVE('',#6284,#6289);
#6284 = CYLINDRICAL_SURFACE('',#6285,2.9);
#6285 = AXIS2_PLACEMENT_3D('',#6286,#6287,#6288);
#6286 = CARTESIAN_POINT('',(46.2,-48.65,11.9));
#6287 = DIRECTION('',(-0.,-0.,-1.));
#6288 = DIRECTION('',(1.,0.,0.));
#6289 = DEFINITIONAL_REPRESENTATION('',(#6290),#6294);
#6290 = LINE('',#6291,#6292);
#6291 = CARTESIAN_POINT('',(-0.,-12.9));
#6292 = VECTOR('',#6293,1.);
#6293 = DIRECTION('',(-1.,0.));
#6294 = ( GEOMETRIC_REPRESENTATION_CONTEXT(2) 
PARAMETRIC_REPRESENTATION_CONTEXT() REPRESENTATION_CONTEXT('2D SPACE',''
  ) );
#6295 = ADVANCED_FACE('',(#6296),#6121,.T.);
#6296 = FACE_BOUND('',#6297,.T.);
#6297 = EDGE_LOOP('',(#6298,#6299,#6300,#6323,#6349,#6375));
#6298 = ORIENTED_EDGE('',*,*,#6244,.F.);
#6299 = ORIENTED_EDGE('',*,*,#6106,.F.);
#6300 = ORIENTED_EDGE('',*,*,#6301,.T.);
#6301 = EDGE_CURVE('',#6107,#6302,#6304,.T.);
#6302 = VERTEX_POINT('',#6303);
#6303 = CARTESIAN_POINT('',(48.95,-53.10407428263,26.8));
#6304 = SURFACE_CURVE('',#6305,(#6309,#6316),.PCURVE_S1.);
#6305 = LINE('',#6306,#6307);
#6306 = CARTESIAN_POINT('',(48.95,-48.65,26.8));
#6307 = VECTOR('',#6308,1.);
#6308 = DIRECTION('',(1.110223024625E-16,-1.,0.));
#6309 = PCURVE('',#6121,#6310);
#6310 = DEFINITIONAL_REPRESENTATION('',(#6311),#6315);
#6311 = LINE('',#6312,#6313);
#6312 = CARTESIAN_POINT('',(2.,0.));
#6313 = VECTOR('',#6314,1.);
#6314 = DIRECTION('',(0.,1.));
#6315 = ( GEOMETRIC_REPRESENTATION_CONTEXT(2) 
PARAMETRIC_REPRESENTATION_CONTEXT() REPRESENTATION_CONTEXT('2D SPACE',''
  ) );
#6316 = PCURVE('',#6149,#6317);
#6317 = DEFINITIONAL_REPRESENTATION('',(#6318),#6322);
#6318 = LINE('',#6319,#6320);
#6319 = CARTESIAN_POINT('',(2.75,7.105427357601E-15));
#6320 = VECTOR('',#6321,1.);
#6321 = DIRECTION('',(1.110223024625E-16,-1.));
#6322 = ( GEOMETRIC_REPRESENTATION_CONTEXT(2) 
PARAMETRIC_REPRESENTATION_CONTEXT() REPRESENTATION_CONTEXT('2D SPACE',''
  ) );
#6323 = ORIENTED_EDGE('',*,*,#6324,.T.);
#6324 = EDGE_CURVE('',#6302,#6325,#6327,.T.);
#6325 = VERTEX_POINT('',#6326);
#6326 = CARTESIAN_POINT('',(48.95,-53.10407428263,25.8));
#6327 = SURFACE_CURVE('',#6328,(#6332,#6338),.PCURVE_S1.);
#6328 = LINE('',#6329,#6330);
#6329 = CARTESIAN_POINT('',(48.95,-53.10407428263,25.6));
#6330 = VECTOR('',#6331,1.);
#6331 = DIRECTION('',(-0.,-0.,-1.));
#6332 = PCURVE('',#6121,#6333);
#6333 = DEFINITIONAL_REPRESENTATION('',(#6334),#6337);
#6334 = B_SPLINE_CURVE_WITH_KNOTS('',1,(#6335,#6336),.UNSPECIFIED.,.F.,
  .F.,(2,2),(-1.2000006,-0.1999994),.PIECEWISE_BEZIER_KNOTS.);
#6335 = CARTESIAN_POINT('',(2.0000006,4.454074282633));
#6336 = CARTESIAN_POINT('',(0.9999994,4.454074282633));
#6337 = ( GEOMETRIC_REPRESENTATION_CONTEXT(2) 
PARAMETRIC_REPRESENTATION_CONTEXT() REPRESENTATION_CONTEXT('2D SPACE',''
  ) );
#6338 = PCURVE('',#6339,#6344);
#6339 = CYLINDRICAL_SURFACE('',#6340,5.);
#6340 = AXIS2_PLACEMENT_3D('',#6341,#6342,#6343);
#6341 = CARTESIAN_POINT('',(47.,-48.5,25.6));
#6342 = DIRECTION('',(-0.,-0.,-1.));
#6343 = DIRECTION('',(1.,0.,0.));
#6344 = DEFINITIONAL_REPRESENTATION('',(#6345),#6348);
#6345 = B_SPLINE_CURVE_WITH_KNOTS('',1,(#6346,#6347),.UNSPECIFIED.,.F.,
  .F.,(2,2),(-1.2000006,-0.1999994),.PIECEWISE_BEZIER_KNOTS.);
#6346 = CARTESIAN_POINT('',(-5.113020573086,-1.2000006));
#6347 = CARTESIAN_POINT('',(-5.113020573086,-0.1999994));
#6348 = ( GEOMETRIC_REPRESENTATION_CONTEXT(2) 
PARAMETRIC_REPRESENTATION_CONTEXT() REPRESENTATION_CONTEXT('2D SPACE',''
  ) );
#6349 = ORIENTED_EDGE('',*,*,#6350,.F.);
#6350 = EDGE_CURVE('',#6351,#6325,#6353,.T.);
#6351 = VERTEX_POINT('',#6352);
#6352 = CARTESIAN_POINT('',(48.95,-54.3,25.8));
#6353 = SURFACE_CURVE('',#6354,(#6358,#6364),.PCURVE_S1.);
#6354 = LINE('',#6355,#6356);
#6355 = CARTESIAN_POINT('',(48.95,-24.325,25.8));
#6356 = VECTOR('',#6357,1.);
#6357 = DIRECTION('',(-1.110223024625E-16,1.,0.));
#6358 = PCURVE('',#6121,#6359);
#6359 = DEFINITIONAL_REPRESENTATION('',(#6360),#6363);
#6360 = B_SPLINE_CURVE_WITH_KNOTS('',1,(#6361,#6362),.UNSPECIFIED.,.F.,
  .F.,(2,2),(-29.975,-24.325),.PIECEWISE_BEZIER_KNOTS.);
#6361 = CARTESIAN_POINT('',(1.,5.65));
#6362 = CARTESIAN_POINT('',(1.,0.));
#6363 = ( GEOMETRIC_REPRESENTATION_CONTEXT(2) 
PARAMETRIC_REPRESENTATION_CONTEXT() REPRESENTATION_CONTEXT('2D SPACE',''
  ) );
#6364 = PCURVE('',#6365,#6370);
#6365 = PLANE('',#6366);
#6366 = AXIS2_PLACEMENT_3D('',#6367,#6368,#6369);
#6367 = CARTESIAN_POINT('',(0.,0.,25.8));
#6368 = DIRECTION('',(0.,0.,1.));
#6369 = DIRECTION('',(1.,0.,0.));
#6370 = DEFINITIONAL_REPRESENTATION('',(#6371),#6374);
#6371 = B_SPLINE_CURVE_WITH_KNOTS('',1,(#6372,#6373),.UNSPECIFIED.,.F.,
  .F.,(2,2),(-29.975,-24.325),.PIECEWISE_BEZIER_KNOTS.);
#6372 = CARTESIAN_POINT('',(48.95,-54.3));
#6373 = CARTESIAN_POINT('',(48.95,-48.65));
#6374 = ( GEOMETRIC_REPRESENTATION_CONTEXT(2) 
PARAMETRIC_REPRESENTATION_CONTEXT() REPRESENTATION_CONTEXT('2D SPACE',''
  ) );
#6375 = ORIENTED_EDGE('',*,*,#6376,.F.);
#6376 = EDGE_CURVE('',#6217,#6351,#6377,.T.);
#6377 = SURFACE_CURVE('',#6378,(#6382,#6389),.PCURVE_S1.);
#6378 = LINE('',#6379,#6380);
#6379 = CARTESIAN_POINT('',(48.95,-54.3,24.8));
#6380 = VECTOR('',#6381,1.);
#6381 = DIRECTION('',(0.,0.,1.));
#6382 = PCURVE('',#6121,#6383);
#6383 = DEFINITIONAL_REPRESENTATION('',(#6384),#6388);
#6384 = LINE('',#6385,#6386);
#6385 = CARTESIAN_POINT('',(0.,5.65));
#6386 = VECTOR('',#6387,1.);
#6387 = DIRECTION('',(1.,0.));
#6388 = ( GEOMETRIC_REPRESENTATION_CONTEXT(2) 
PARAMETRIC_REPRESENTATION_CONTEXT() REPRESENTATION_CONTEXT('2D SPACE',''
  ) );
#6389 = PCURVE('',#6232,#6390);
#6390 = DEFINITIONAL_REPRESENTATION('',(#6391),#6395);
#6391 = LINE('',#6392,#6393);
#6392 = CARTESIAN_POINT('',(0.,-5.5));
#6393 = VECTOR('',#6394,1.);
#6394 = DIRECTION('',(1.,0.));
#6395 = ( GEOMETRIC_REPRESENTATION_CONTEXT(2) 
PARAMETRIC_REPRESENTATION_CONTEXT() REPRESENTATION_CONTEXT('2D SPACE',''
  ) );
#6396 = ADVANCED_FACE('',(#6397,#6627,#6662,#6697,#6732,#7259),#6149,.T.
  );
#6397 = FACE_BOUND('',#6398,.T.);
#6398 = EDGE_LOOP('',(#6399,#6429,#6458,#6486,#6515,#6543,#6572,#6600));
#6399 = ORIENTED_EDGE('',*,*,#6400,.F.);
#6400 = EDGE_CURVE('',#6401,#6403,#6405,.T.);
#6401 = VERTEX_POINT('',#6402);
#6402 = CARTESIAN_POINT('',(-53.5,-48.5,26.8));
#6403 = VERTEX_POINT('',#6404);
#6404 = CARTESIAN_POINT('',(-53.5,48.5,26.8));
#6405 = SURFACE_CURVE('',#6406,(#6410,#6417),.PCURVE_S1.);
#6406 = LINE('',#6407,#6408);
#6407 = CARTESIAN_POINT('',(-53.5,0.,26.8));
#6408 = VECTOR('',#6409,1.);
#6409 = DIRECTION('',(0.,1.,0.));
#6410 = PCURVE('',#6149,#6411);
#6411 = DEFINITIONAL_REPRESENTATION('',(#6412),#6416);
#6412 = LINE('',#6413,#6414);
#6413 = CARTESIAN_POINT('',(-99.7,48.65));
#6414 = VECTOR('',#6415,1.);
#6415 = DIRECTION('',(0.,1.));
#6416 = ( GEOMETRIC_REPRESENTATION_CONTEXT(2) 
PARAMETRIC_REPRESENTATION_CONTEXT() REPRESENTATION_CONTEXT('2D SPACE',''
  ) );
#6417 = PCURVE('',#6418,#6423);
#6418 = PLANE('',#6419);
#6419 = AXIS2_PLACEMENT_3D('',#6420,#6421,#6422);
#6420 = CARTESIAN_POINT('',(-53.5,-48.5,25.8));
#6421 = DIRECTION('',(-1.,0.,0.));
#6422 = DIRECTION('',(0.,1.,0.));
#6423 = DEFINITIONAL_REPRESENTATION('',(#6424),#6428);
#6424 = LINE('',#6425,#6426);
#6425 = CARTESIAN_POINT('',(48.5,-1.));
#6426 = VECTOR('',#6427,1.);
#6427 = DIRECTION('',(1.,0.));
#6428 = ( GEOMETRIC_REPRESENTATION_CONTEXT(2) 
PARAMETRIC_REPRESENTATION_CONTEXT() REPRESENTATION_CONTEXT('2D SPACE',''
  ) );
#6429 = ORIENTED_EDGE('',*,*,#6430,.T.);
#6430 = EDGE_CURVE('',#6401,#6431,#6433,.T.);
#6431 = VERTEX_POINT('',#6432);
#6432 = CARTESIAN_POINT('',(-47.,-55.,26.8));
#6433 = SURFACE_CURVE('',#6434,(#6439,#6446),.PCURVE_S1.);
#6434 = CIRCLE('',#6435,6.5);
#6435 = AXIS2_PLACEMENT_3D('',#6436,#6437,#6438);
#6436 = CARTESIAN_POINT('',(-47.,-48.5,26.8));
#6437 = DIRECTION('',(0.,0.,1.));
#6438 = DIRECTION('',(1.,0.,0.));
#6439 = PCURVE('',#6149,#6440);
#6440 = DEFINITIONAL_REPRESENTATION('',(#6441),#6445);
#6441 = CIRCLE('',#6442,6.5);
#6442 = AXIS2_PLACEMENT_2D('',#6443,#6444);
#6443 = CARTESIAN_POINT('',(-93.2,0.15));
#6444 = DIRECTION('',(1.,0.));
#6445 = ( GEOMETRIC_REPRESENTATION_CONTEXT(2) 
PARAMETRIC_REPRESENTATION_CONTEXT() REPRESENTATION_CONTEXT('2D SPACE',''
  ) );
#6446 = PCURVE('',#6447,#6452);
#6447 = CYLINDRICAL_SURFACE('',#6448,6.5);
#6448 = AXIS2_PLACEMENT_3D('',#6449,#6450,#6451);
#6449 = CARTESIAN_POINT('',(-47.,-48.5,25.8));
#6450 = DIRECTION('',(-0.,-0.,-1.));
#6451 = DIRECTION('',(1.,0.,0.));
#6452 = DEFINITIONAL_REPRESENTATION('',(#6453),#6457);
#6453 = LINE('',#6454,#6455);
#6454 = CARTESIAN_POINT('',(-0.,-1.));
#6455 = VECTOR('',#6456,1.);
#6456 = DIRECTION('',(-1.,0.));
#6457 = ( GEOMETRIC_REPRESENTATION_CONTEXT(2) 
PARAMETRIC_REPRESENTATION_CONTEXT() REPRESENTATION_CONTEXT('2D SPACE',''
  ) );
#6458 = ORIENTED_EDGE('',*,*,#6459,.T.);
#6459 = EDGE_CURVE('',#6431,#6460,#6462,.T.);
#6460 = VERTEX_POINT('',#6461);
#6461 = CARTESIAN_POINT('',(47.,-55.,26.8));
#6462 = SURFACE_CURVE('',#6463,(#6467,#6474),.PCURVE_S1.);
#6463 = LINE('',#6464,#6465);
#6464 = CARTESIAN_POINT('',(0.,-55.,26.8));
#6465 = VECTOR('',#6466,1.);
#6466 = DIRECTION('',(1.,0.,0.));
#6467 = PCURVE('',#6149,#6468);
#6468 = DEFINITIONAL_REPRESENTATION('',(#6469),#6473);
#6469 = LINE('',#6470,#6471);
#6470 = CARTESIAN_POINT('',(-46.2,-6.35));
#6471 = VECTOR('',#6472,1.);
#6472 = DIRECTION('',(1.,0.));
#6473 = ( GEOMETRIC_REPRESENTATION_CONTEXT(2) 
PARAMETRIC_REPRESENTATION_CONTEXT() REPRESENTATION_CONTEXT('2D SPACE',''
  ) );
#6474 = PCURVE('',#6475,#6480);
#6475 = PLANE('',#6476);
#6476 = AXIS2_PLACEMENT_3D('',#6477,#6478,#6479);
#6477 = CARTESIAN_POINT('',(-47.,-55.,25.8));
#6478 = DIRECTION('',(0.,1.,0.));
#6479 = DIRECTION('',(1.,0.,0.));
#6480 = DEFINITIONAL_REPRESENTATION('',(#6481),#6485);
#6481 = LINE('',#6482,#6483);
#6482 = CARTESIAN_POINT('',(47.,-1.));
#6483 = VECTOR('',#6484,1.);
#6484 = DIRECTION('',(1.,0.));
#6485 = ( GEOMETRIC_REPRESENTATION_CONTEXT(2) 
PARAMETRIC_REPRESENTATION_CONTEXT() REPRESENTATION_CONTEXT('2D SPACE',''
  ) );
#6486 = ORIENTED_EDGE('',*,*,#6487,.T.);
#6487 = EDGE_CURVE('',#6460,#6488,#6490,.T.);
#6488 = VERTEX_POINT('',#6489);
#6489 = CARTESIAN_POINT('',(53.5,-48.5,26.8));
#6490 = SURFACE_CURVE('',#6491,(#6496,#6503),.PCURVE_S1.);
#6491 = CIRCLE('',#6492,6.5);
#6492 = AXIS2_PLACEMENT_3D('',#6493,#6494,#6495);
#6493 = CARTESIAN_POINT('',(47.,-48.5,26.8));
#6494 = DIRECTION('',(0.,0.,1.));
#6495 = DIRECTION('',(1.,0.,0.));
#6496 = PCURVE('',#6149,#6497);
#6497 = DEFINITIONAL_REPRESENTATION('',(#6498),#6502);
#6498 = CIRCLE('',#6499,6.5);
#6499 = AXIS2_PLACEMENT_2D('',#6500,#6501);
#6500 = CARTESIAN_POINT('',(0.8,0.15));
#6501 = DIRECTION('',(1.,0.));
#6502 = ( GEOMETRIC_REPRESENTATION_CONTEXT(2) 
PARAMETRIC_REPRESENTATION_CONTEXT() REPRESENTATION_CONTEXT('2D SPACE',''
  ) );
#6503 = PCURVE('',#6504,#6509);
#6504 = CYLINDRICAL_SURFACE('',#6505,6.5);
#6505 = AXIS2_PLACEMENT_3D('',#6506,#6507,#6508);
#6506 = CARTESIAN_POINT('',(47.,-48.5,25.8));
#6507 = DIRECTION('',(-0.,-0.,-1.));
#6508 = DIRECTION('',(1.,0.,0.));
#6509 = DEFINITIONAL_REPRESENTATION('',(#6510),#6514);
#6510 = LINE('',#6511,#6512);
#6511 = CARTESIAN_POINT('',(-0.,-1.));
#6512 = VECTOR('',#6513,1.);
#6513 = DIRECTION('',(-1.,0.));
#6514 = ( GEOMETRIC_REPRESENTATION_CONTEXT(2) 
PARAMETRIC_REPRESENTATION_CONTEXT() REPRESENTATION_CONTEXT('2D SPACE',''
  ) );
#6515 = ORIENTED_EDGE('',*,*,#6516,.T.);
#6516 = EDGE_CURVE('',#6488,#6517,#6519,.T.);
#6517 = VERTEX_POINT('',#6518);
#6518 = CARTESIAN_POINT('',(53.5,48.5,26.8));
#6519 = SURFACE_CURVE('',#6520,(#6524,#6531),.PCURVE_S1.);
#6520 = LINE('',#6521,#6522);
#6521 = CARTESIAN_POINT('',(53.5,0.,26.8));
#6522 = VECTOR('',#6523,1.);
#6523 = DIRECTION('',(0.,1.,0.));
#6524 = PCURVE('',#6149,#6525);
#6525 = DEFINITIONAL_REPRESENTATION('',(#6526),#6530);
#6526 = LINE('',#6527,#6528);
#6527 = CARTESIAN_POINT('',(7.3,48.65));
#6528 = VECTOR('',#6529,1.);
#6529 = DIRECTION('',(0.,1.));
#6530 = ( GEOMETRIC_REPRESENTATION_CONTEXT(2) 
PARAMETRIC_REPRESENTATION_CONTEXT() REPRESENTATION_CONTEXT('2D SPACE',''
  ) );
#6531 = PCURVE('',#6532,#6537);
#6532 = PLANE('',#6533);
#6533 = AXIS2_PLACEMENT_3D('',#6534,#6535,#6536);
#6534 = CARTESIAN_POINT('',(53.5,-48.5,25.8));
#6535 = DIRECTION('',(-1.,0.,0.));
#6536 = DIRECTION('',(0.,1.,0.));
#6537 = DEFINITIONAL_REPRESENTATION('',(#6538),#6542);
#6538 = LINE('',#6539,#6540);
#6539 = CARTESIAN_POINT('',(48.5,-1.));
#6540 = VECTOR('',#6541,1.);
#6541 = DIRECTION('',(1.,0.));
#6542 = ( GEOMETRIC_REPRESENTATION_CONTEXT(2) 
PARAMETRIC_REPRESENTATION_CONTEXT() REPRESENTATION_CONTEXT('2D SPACE',''
  ) );
#6543 = ORIENTED_EDGE('',*,*,#6544,.T.);
#6544 = EDGE_CURVE('',#6517,#6545,#6547,.T.);
#6545 = VERTEX_POINT('',#6546);
#6546 = CARTESIAN_POINT('',(47.,55.,26.8));
#6547 = SURFACE_CURVE('',#6548,(#6553,#6560),.PCURVE_S1.);
#6548 = CIRCLE('',#6549,6.5);
#6549 = AXIS2_PLACEMENT_3D('',#6550,#6551,#6552);
#6550 = CARTESIAN_POINT('',(47.,48.5,26.8));
#6551 = DIRECTION('',(0.,0.,1.));
#6552 = DIRECTION('',(1.,0.,0.));
#6553 = PCURVE('',#6149,#6554);
#6554 = DEFINITIONAL_REPRESENTATION('',(#6555),#6559);
#6555 = CIRCLE('',#6556,6.5);
#6556 = AXIS2_PLACEMENT_2D('',#6557,#6558);
#6557 = CARTESIAN_POINT('',(0.8,97.15));
#6558 = DIRECTION('',(1.,0.));
#6559 = ( GEOMETRIC_REPRESENTATION_CONTEXT(2) 
PARAMETRIC_REPRESENTATION_CONTEXT() REPRESENTATION_CONTEXT('2D SPACE',''
  ) );
#6560 = PCURVE('',#6561,#6566);
#6561 = CYLINDRICAL_SURFACE('',#6562,6.5);
#6562 = AXIS2_PLACEMENT_3D('',#6563,#6564,#6565);
#6563 = CARTESIAN_POINT('',(47.,48.5,25.8));
#6564 = DIRECTION('',(-0.,-0.,-1.));
#6565 = DIRECTION('',(1.,0.,0.));
#6566 = DEFINITIONAL_REPRESENTATION('',(#6567),#6571);
#6567 = LINE('',#6568,#6569);
#6568 = CARTESIAN_POINT('',(-0.,-1.));
#6569 = VECTOR('',#6570,1.);
#6570 = DIRECTION('',(-1.,0.));
#6571 = ( GEOMETRIC_REPRESENTATION_CONTEXT(2) 
PARAMETRIC_REPRESENTATION_CONTEXT() REPRESENTATION_CONTEXT('2D SPACE',''
  ) );
#6572 = ORIENTED_EDGE('',*,*,#6573,.F.);
#6573 = EDGE_CURVE('',#6574,#6545,#6576,.T.);
#6574 = VERTEX_POINT('',#6575);
#6575 = CARTESIAN_POINT('',(-47.,55.,26.8));
#6576 = SURFACE_CURVE('',#6577,(#6581,#6588),.PCURVE_S1.);
#6577 = LINE('',#6578,#6579);
#6578 = CARTESIAN_POINT('',(0.,55.,26.8));
#6579 = VECTOR('',#6580,1.);
#6580 = DIRECTION('',(1.,0.,0.));
#6581 = PCURVE('',#6149,#6582);
#6582 = DEFINITIONAL_REPRESENTATION('',(#6583),#6587);
#6583 = LINE('',#6584,#6585);
#6584 = CARTESIAN_POINT('',(-46.2,103.65));
#6585 = VECTOR('',#6586,1.);
#6586 = DIRECTION('',(1.,0.));
#6587 = ( GEOMETRIC_REPRESENTATION_CONTEXT(2) 
PARAMETRIC_REPRESENTATION_CONTEXT() REPRESENTATION_CONTEXT('2D SPACE',''
  ) );
#6588 = PCURVE('',#6589,#6594);
#6589 = PLANE('',#6590);
#6590 = AXIS2_PLACEMENT_3D('',#6591,#6592,#6593);
#6591 = CARTESIAN_POINT('',(-47.,55.,25.8));
#6592 = DIRECTION('',(0.,1.,0.));
#6593 = DIRECTION('',(1.,0.,0.));
#6594 = DEFINITIONAL_REPRESENTATION('',(#6595),#6599);
#6595 = LINE('',#6596,#6597);
#6596 = CARTESIAN_POINT('',(47.,-1.));
#6597 = VECTOR('',#6598,1.);
#6598 = DIRECTION('',(1.,0.));
#6599 = ( GEOMETRIC_REPRESENTATION_CONTEXT(2) 
PARAMETRIC_REPRESENTATION_CONTEXT() REPRESENTATION_CONTEXT('2D SPACE',''
  ) );
#6600 = ORIENTED_EDGE('',*,*,#6601,.T.);
#6601 = EDGE_CURVE('',#6574,#6403,#6602,.T.);
#6602 = SURFACE_CURVE('',#6603,(#6608,#6615),.PCURVE_S1.);
#6603 = CIRCLE('',#6604,6.5);
#6604 = AXIS2_PLACEMENT_3D('',#6605,#6606,#6607);
#6605 = CARTESIAN_POINT('',(-47.,48.5,26.8));
#6606 = DIRECTION('',(0.,0.,1.));
#6607 = DIRECTION('',(1.,0.,0.));
#6608 = PCURVE('',#6149,#6609);
#6609 = DEFINITIONAL_REPRESENTATION('',(#6610),#6614);
#6610 = CIRCLE('',#6611,6.5);
#6611 = AXIS2_PLACEMENT_2D('',#6612,#6613);
#6612 = CARTESIAN_POINT('',(-93.2,97.15));
#6613 = DIRECTION('',(1.,0.));
#6614 = ( GEOMETRIC_REPRESENTATION_CONTEXT(2) 
PARAMETRIC_REPRESENTATION_CONTEXT() REPRESENTATION_CONTEXT('2D SPACE',''
  ) );
#6615 = PCURVE('',#6616,#6621);
#6616 = CYLINDRICAL_SURFACE('',#6617,6.5);
#6617 = AXIS2_PLACEMENT_3D('',#6618,#6619,#6620);
#6618 = CARTESIAN_POINT('',(-47.,48.5,25.8));
#6619 = DIRECTION('',(-0.,-0.,-1.));
#6620 = DIRECTION('',(1.,0.,0.));
#6621 = DEFINITIONAL_REPRESENTATION('',(#6622),#6626);
#6622 = LINE('',#6623,#6624);
#6623 = CARTESIAN_POINT('',(-0.,-1.));
#6624 = VECTOR('',#6625,1.);
#6625 = DIRECTION('',(-1.,0.));
#6626 = ( GEOMETRIC_REPRESENTATION_CONTEXT(2) 
PARAMETRIC_REPRESENTATION_CONTEXT() REPRESENTATION_CONTEXT('2D SPACE',''
  ) );
#6627 = FACE_BOUND('',#6628,.T.);
#6628 = EDGE_LOOP('',(#6629));
#6629 = ORIENTED_EDGE('',*,*,#6630,.T.);
#6630 = EDGE_CURVE('',#6631,#6631,#6633,.T.);
#6631 = VERTEX_POINT('',#6632);
#6632 = CARTESIAN_POINT('',(-43.6,-48.65,26.8));
#6633 = SURFACE_CURVE('',#6634,(#6639,#6650),.PCURVE_S1.);
#6634 = CIRCLE('',#6635,2.6);
#6635 = AXIS2_PLACEMENT_3D('',#6636,#6637,#6638);
#6636 = CARTESIAN_POINT('',(-46.2,-48.65,26.8));
#6637 = DIRECTION('',(0.,0.,-1.));
#6638 = DIRECTION('',(1.,0.,0.));
#6639 = PCURVE('',#6149,#6640);
#6640 = DEFINITIONAL_REPRESENTATION('',(#6641),#6649);
#6641 = ( BOUNDED_CURVE() B_SPLINE_CURVE(2,(#6642,#6643,#6644,#6645,
#6646,#6647,#6648),.UNSPECIFIED.,.T.,.F.) B_SPLINE_CURVE_WITH_KNOTS((1,2
    ,2,2,2,1),(-2.094395102393,0.,2.094395102393,4.188790204786,
6.28318530718,8.377580409573),.UNSPECIFIED.) CURVE() 
GEOMETRIC_REPRESENTATION_ITEM() RATIONAL_B_SPLINE_CURVE((1.,0.5,1.,0.5,
1.,0.5,1.)) REPRESENTATION_ITEM('') );
#6642 = CARTESIAN_POINT('',(-89.8,0.));
#6643 = CARTESIAN_POINT('',(-89.8,-4.503332099679));
#6644 = CARTESIAN_POINT('',(-93.7,-2.25166604984));
#6645 = CARTESIAN_POINT('',(-97.6,-6.368163355566E-16));
#6646 = CARTESIAN_POINT('',(-93.7,2.25166604984));
#6647 = CARTESIAN_POINT('',(-89.8,4.503332099679));
#6648 = CARTESIAN_POINT('',(-89.8,0.));
#6649 = ( GEOMETRIC_REPRESENTATION_CONTEXT(2) 
PARAMETRIC_REPRESENTATION_CONTEXT() REPRESENTATION_CONTEXT('2D SPACE',''
  ) );
#6650 = PCURVE('',#6651,#6656);
#6651 = CYLINDRICAL_SURFACE('',#6652,2.6);
#6652 = AXIS2_PLACEMENT_3D('',#6653,#6654,#6655);
#6653 = CARTESIAN_POINT('',(-46.2,-48.65,25.6));
#6654 = DIRECTION('',(-0.,-0.,-1.));
#6655 = DIRECTION('',(1.,0.,0.));
#6656 = DEFINITIONAL_REPRESENTATION('',(#6657),#6661);
#6657 = LINE('',#6658,#6659);
#6658 = CARTESIAN_POINT('',(-6.28318530718,-1.2));
#6659 = VECTOR('',#6660,1.);
#6660 = DIRECTION('',(1.,-0.));
#6661 = ( GEOMETRIC_REPRESENTATION_CONTEXT(2) 
PARAMETRIC_REPRESENTATION_CONTEXT() REPRESENTATION_CONTEXT('2D SPACE',''
  ) );
#6662 = FACE_BOUND('',#6663,.T.);
#6663 = EDGE_LOOP('',(#6664));
#6664 = ORIENTED_EDGE('',*,*,#6665,.T.);
#6665 = EDGE_CURVE('',#6666,#6666,#6668,.T.);
#6666 = VERTEX_POINT('',#6667);
#6667 = CARTESIAN_POINT('',(48.8,-48.65,26.8));
#6668 = SURFACE_CURVE('',#6669,(#6674,#6685),.PCURVE_S1.);
#6669 = CIRCLE('',#6670,2.6);
#6670 = AXIS2_PLACEMENT_3D('',#6671,#6672,#6673);
#6671 = CARTESIAN_POINT('',(46.2,-48.65,26.8));
#6672 = DIRECTION('',(0.,0.,-1.));
#6673 = DIRECTION('',(1.,0.,0.));
#6674 = PCURVE('',#6149,#6675);
#6675 = DEFINITIONAL_REPRESENTATION('',(#6676),#6684);
#6676 = ( BOUNDED_CURVE() B_SPLINE_CURVE(2,(#6677,#6678,#6679,#6680,
#6681,#6682,#6683),.UNSPECIFIED.,.T.,.F.) B_SPLINE_CURVE_WITH_KNOTS((1,2
    ,2,2,2,1),(-2.094395102393,0.,2.094395102393,4.188790204786,
6.28318530718,8.377580409573),.UNSPECIFIED.) CURVE() 
GEOMETRIC_REPRESENTATION_ITEM() RATIONAL_B_SPLINE_CURVE((1.,0.5,1.,0.5,
1.,0.5,1.)) REPRESENTATION_ITEM('') );
#6677 = CARTESIAN_POINT('',(2.6,0.));
#6678 = CARTESIAN_POINT('',(2.6,-4.503332099679));
#6679 = CARTESIAN_POINT('',(-1.3,-2.25166604984));
#6680 = CARTESIAN_POINT('',(-5.2,-6.368163355566E-16));
#6681 = CARTESIAN_POINT('',(-1.3,2.25166604984));
#6682 = CARTESIAN_POINT('',(2.6,4.503332099679));
#6683 = CARTESIAN_POINT('',(2.6,0.));
#6684 = ( GEOMETRIC_REPRESENTATION_CONTEXT(2) 
PARAMETRIC_REPRESENTATION_CONTEXT() REPRESENTATION_CONTEXT('2D SPACE',''
  ) );
#6685 = PCURVE('',#6686,#6691);
#6686 = CYLINDRICAL_SURFACE('',#6687,2.6);
#6687 = AXIS2_PLACEMENT_3D('',#6688,#6689,#6690);
#6688 = CARTESIAN_POINT('',(46.2,-48.65,25.6));
#6689 = DIRECTION('',(-0.,-0.,-1.));
#6690 = DIRECTION('',(1.,0.,0.));
#6691 = DEFINITIONAL_REPRESENTATION('',(#6692),#6696);
#6692 = LINE('',#6693,#6694);
#6693 = CARTESIAN_POINT('',(-6.28318530718,-1.2));
#6694 = VECTOR('',#6695,1.);
#6695 = DIRECTION('',(1.,-0.));
#6696 = ( GEOMETRIC_REPRESENTATION_CONTEXT(2) 
PARAMETRIC_REPRESENTATION_CONTEXT() REPRESENTATION_CONTEXT('2D SPACE',''
  ) );
#6697 = FACE_BOUND('',#6698,.T.);
#6698 = EDGE_LOOP('',(#6699));
#6699 = ORIENTED_EDGE('',*,*,#6700,.T.);
#6700 = EDGE_CURVE('',#6701,#6701,#6703,.T.);
#6701 = VERTEX_POINT('',#6702);
#6702 = CARTESIAN_POINT('',(-43.6,48.65,26.8));
#6703 = SURFACE_CURVE('',#6704,(#6709,#6720),.PCURVE_S1.);
#6704 = CIRCLE('',#6705,2.6);
#6705 = AXIS2_PLACEMENT_3D('',#6706,#6707,#6708);
#6706 = CARTESIAN_POINT('',(-46.2,48.65,26.8));
#6707 = DIRECTION('',(0.,0.,-1.));
#6708 = DIRECTION('',(1.,0.,0.));
#6709 = PCURVE('',#6149,#6710);
#6710 = DEFINITIONAL_REPRESENTATION('',(#6711),#6719);
#6711 = ( BOUNDED_CURVE() B_SPLINE_CURVE(2,(#6712,#6713,#6714,#6715,
#6716,#6717,#6718),.UNSPECIFIED.,.T.,.F.) B_SPLINE_CURVE_WITH_KNOTS((1,2
    ,2,2,2,1),(-2.094395102393,0.,2.094395102393,4.188790204786,
6.28318530718,8.377580409573),.UNSPECIFIED.) CURVE() 
GEOMETRIC_REPRESENTATION_ITEM() RATIONAL_B_SPLINE_CURVE((1.,0.5,1.,0.5,
1.,0.5,1.)) REPRESENTATION_ITEM('') );
#6712 = CARTESIAN_POINT('',(-89.8,97.3));
#6713 = CARTESIAN_POINT('',(-89.8,92.796667900321));
#6714 = CARTESIAN_POINT('',(-93.7,95.04833395016));
#6715 = CARTESIAN_POINT('',(-97.6,97.3));
#6716 = CARTESIAN_POINT('',(-93.7,99.55166604984));
#6717 = CARTESIAN_POINT('',(-89.8,101.80333209967));
#6718 = CARTESIAN_POINT('',(-89.8,97.3));
#6719 = ( GEOMETRIC_REPRESENTATION_CONTEXT(2) 
PARAMETRIC_REPRESENTATION_CONTEXT() REPRESENTATION_CONTEXT('2D SPACE',''
  ) );
#6720 = PCURVE('',#6721,#6726);
#6721 = CYLINDRICAL_SURFACE('',#6722,2.6);
#6722 = AXIS2_PLACEMENT_3D('',#6723,#6724,#6725);
#6723 = CARTESIAN_POINT('',(-46.2,48.65,25.6));
#6724 = DIRECTION('',(-0.,-0.,-1.));
#6725 = DIRECTION('',(1.,0.,0.));
#6726 = DEFINITIONAL_REPRESENTATION('',(#6727),#6731);
#6727 = LINE('',#6728,#6729);
#6728 = CARTESIAN_POINT('',(-6.28318530718,-1.2));
#6729 = VECTOR('',#6730,1.);
#6730 = DIRECTION('',(1.,-0.));
#6731 = ( GEOMETRIC_REPRESENTATION_CONTEXT(2) 
PARAMETRIC_REPRESENTATION_CONTEXT() REPRESENTATION_CONTEXT('2D SPACE',''
  ) );
#6732 = FACE_BOUND('',#6733,.T.);
#6733 = EDGE_LOOP('',(#6734,#6735,#6758,#6785,#6813,#6846,#6874,#6907,
    #6934,#6967,#6995,#7028,#7056,#7083,#7111,#7144,#7172,#7205,#7232,
    #7258));
#6734 = ORIENTED_EDGE('',*,*,#6132,.F.);
#6735 = ORIENTED_EDGE('',*,*,#6736,.T.);
#6736 = EDGE_CURVE('',#6133,#6737,#6739,.T.);
#6737 = VERTEX_POINT('',#6738);
#6738 = CARTESIAN_POINT('',(43.45,-53.5,26.8));
#6739 = SURFACE_CURVE('',#6740,(#6744,#6751),.PCURVE_S1.);
#6740 = LINE('',#6741,#6742);
#6741 = CARTESIAN_POINT('',(43.45,-48.65,26.8));
#6742 = VECTOR('',#6743,1.);
#6743 = DIRECTION('',(1.110223024625E-16,-1.,0.));
#6744 = PCURVE('',#6149,#6745);
#6745 = DEFINITIONAL_REPRESENTATION('',(#6746),#6750);
#6746 = LINE('',#6747,#6748);
#6747 = CARTESIAN_POINT('',(-2.75,0.));
#6748 = VECTOR('',#6749,1.);
#6749 = DIRECTION('',(1.110223024625E-16,-1.));
#6750 = ( GEOMETRIC_REPRESENTATION_CONTEXT(2) 
PARAMETRIC_REPRESENTATION_CONTEXT() REPRESENTATION_CONTEXT('2D SPACE',''
  ) );
#6751 = PCURVE('',#6178,#6752);
#6752 = DEFINITIONAL_REPRESENTATION('',(#6753),#6757);
#6753 = LINE('',#6754,#6755);
#6754 = CARTESIAN_POINT('',(2.,0.));
#6755 = VECTOR('',#6756,1.);
#6756 = DIRECTION('',(0.,1.));
#6757 = ( GEOMETRIC_REPRESENTATION_CONTEXT(2) 
PARAMETRIC_REPRESENTATION_CONTEXT() REPRESENTATION_CONTEXT('2D SPACE',''
  ) );
#6758 = ORIENTED_EDGE('',*,*,#6759,.T.);
#6759 = EDGE_CURVE('',#6737,#6760,#6762,.T.);
#6760 = VERTEX_POINT('',#6761);
#6761 = CARTESIAN_POINT('',(-43.45,-53.5,26.8));
#6762 = SURFACE_CURVE('',#6763,(#6767,#6774),.PCURVE_S1.);
#6763 = LINE('',#6764,#6765);
#6764 = CARTESIAN_POINT('',(-23.5,-53.5,26.8));
#6765 = VECTOR('',#6766,1.);
#6766 = DIRECTION('',(-1.,0.,0.));
#6767 = PCURVE('',#6149,#6768);
#6768 = DEFINITIONAL_REPRESENTATION('',(#6769),#6773);
#6769 = LINE('',#6770,#6771);
#6770 = CARTESIAN_POINT('',(-69.7,-4.85));
#6771 = VECTOR('',#6772,1.);
#6772 = DIRECTION('',(-1.,0.));
#6773 = ( GEOMETRIC_REPRESENTATION_CONTEXT(2) 
PARAMETRIC_REPRESENTATION_CONTEXT() REPRESENTATION_CONTEXT('2D SPACE',''
  ) );
#6774 = PCURVE('',#6775,#6780);
#6775 = PLANE('',#6776);
#6776 = AXIS2_PLACEMENT_3D('',#6777,#6778,#6779);
#6777 = CARTESIAN_POINT('',(-47.,-53.5,25.6));
#6778 = DIRECTION('',(0.,1.,0.));
#6779 = DIRECTION('',(1.,0.,0.));
#6780 = DEFINITIONAL_REPRESENTATION('',(#6781),#6784);
#6781 = B_SPLINE_CURVE_WITH_KNOTS('',1,(#6782,#6783),.UNSPECIFIED.,.F.,
  .F.,(2,2),(-70.5,23.5),.PIECEWISE_BEZIER_KNOTS.);
#6782 = CARTESIAN_POINT('',(94.,-1.2));
#6783 = CARTESIAN_POINT('',(0.,-1.2));
#6784 = ( GEOMETRIC_REPRESENTATION_CONTEXT(2) 
PARAMETRIC_REPRESENTATION_CONTEXT() REPRESENTATION_CONTEXT('2D SPACE',''
  ) );
#6785 = ORIENTED_EDGE('',*,*,#6786,.F.);
#6786 = EDGE_CURVE('',#6787,#6760,#6789,.T.);
#6787 = VERTEX_POINT('',#6788);
#6788 = CARTESIAN_POINT('',(-43.45,-52.21195171219,26.8));
#6789 = SURFACE_CURVE('',#6790,(#6794,#6801),.PCURVE_S1.);
#6790 = LINE('',#6791,#6792);
#6791 = CARTESIAN_POINT('',(-43.45,-48.65,26.8));
#6792 = VECTOR('',#6793,1.);
#6793 = DIRECTION('',(1.110223024625E-16,-1.,0.));
#6794 = PCURVE('',#6149,#6795);
#6795 = DEFINITIONAL_REPRESENTATION('',(#6796),#6800);
#6796 = LINE('',#6797,#6798);
#6797 = CARTESIAN_POINT('',(-89.65,7.105427357601E-15));
#6798 = VECTOR('',#6799,1.);
#6799 = DIRECTION('',(1.110223024625E-16,-1.));
#6800 = ( GEOMETRIC_REPRESENTATION_CONTEXT(2) 
PARAMETRIC_REPRESENTATION_CONTEXT() REPRESENTATION_CONTEXT('2D SPACE',''
  ) );
#6801 = PCURVE('',#6802,#6807);
#6802 = PLANE('',#6803);
#6803 = AXIS2_PLACEMENT_3D('',#6804,#6805,#6806);
#6804 = CARTESIAN_POINT('',(-43.45,-48.65,24.8));
#6805 = DIRECTION('',(1.,1.110223024625E-16,0.));
#6806 = DIRECTION('',(0.,0.,1.));
#6807 = DEFINITIONAL_REPRESENTATION('',(#6808),#6812);
#6808 = LINE('',#6809,#6810);
#6809 = CARTESIAN_POINT('',(2.,0.));
#6810 = VECTOR('',#6811,1.);
#6811 = DIRECTION('',(0.,1.));
#6812 = ( GEOMETRIC_REPRESENTATION_CONTEXT(2) 
PARAMETRIC_REPRESENTATION_CONTEXT() REPRESENTATION_CONTEXT('2D SPACE',''
  ) );
#6813 = ORIENTED_EDGE('',*,*,#6814,.F.);
#6814 = EDGE_CURVE('',#6815,#6787,#6817,.T.);
#6815 = VERTEX_POINT('',#6816);
#6816 = CARTESIAN_POINT('',(-48.95,-52.21195171219,26.8));
#6817 = SURFACE_CURVE('',#6818,(#6823,#6834),.PCURVE_S1.);
#6818 = CIRCLE('',#6819,4.5);
#6819 = AXIS2_PLACEMENT_3D('',#6820,#6821,#6822);
#6820 = CARTESIAN_POINT('',(-46.2,-48.65,26.8));
#6821 = DIRECTION('',(-0.,0.,-1.));
#6822 = DIRECTION('',(-0.611111111111,-0.791544824932,0.));
#6823 = PCURVE('',#6149,#6824);
#6824 = DEFINITIONAL_REPRESENTATION('',(#6825),#6833);
#6825 = ( BOUNDED_CURVE() B_SPLINE_CURVE(2,(#6826,#6827,#6828,#6829,
#6830,#6831,#6832),.UNSPECIFIED.,.T.,.F.) B_SPLINE_CURVE_WITH_KNOTS((1,2
    ,2,2,2,1),(-2.094395102393,0.,2.094395102393,4.188790204786,
6.28318530718,8.377580409573),.UNSPECIFIED.) CURVE() 
GEOMETRIC_REPRESENTATION_ITEM() RATIONAL_B_SPLINE_CURVE((1.,0.5,1.,0.5,
1.,0.5,1.)) REPRESENTATION_ITEM('') );
#6826 = CARTESIAN_POINT('',(-95.15,-3.561951712194));
#6827 = CARTESIAN_POINT('',(-101.3194813396,1.201188008621));
#6828 = CARTESIAN_POINT('',(-94.10974066981,4.162545716504));
#6829 = CARTESIAN_POINT('',(-86.9,7.123903424388));
#6830 = CARTESIAN_POINT('',(-87.94025933018,-0.60059400431));
#6831 = CARTESIAN_POINT('',(-88.98051866037,-8.325091433008));
#6832 = CARTESIAN_POINT('',(-95.15,-3.561951712194));
#6833 = ( GEOMETRIC_REPRESENTATION_CONTEXT(2) 
PARAMETRIC_REPRESENTATION_CONTEXT() REPRESENTATION_CONTEXT('2D SPACE',''
  ) );
#6834 = PCURVE('',#6835,#6840);
#6835 = CYLINDRICAL_SURFACE('',#6836,4.5);
#6836 = AXIS2_PLACEMENT_3D('',#6837,#6838,#6839);
#6837 = CARTESIAN_POINT('',(-46.2,-48.65,24.8));
#6838 = DIRECTION('',(-0.,-0.,-1.));
#6839 = DIRECTION('',(1.,0.,0.));
#6840 = DEFINITIONAL_REPRESENTATION('',(#6841),#6845);
#6841 = LINE('',#6842,#6843);
#6842 = CARTESIAN_POINT('',(-10.33811073118,-2.));
#6843 = VECTOR('',#6844,1.);
#6844 = DIRECTION('',(1.,-0.));
#6845 = ( GEOMETRIC_REPRESENTATION_CONTEXT(2) 
PARAMETRIC_REPRESENTATION_CONTEXT() REPRESENTATION_CONTEXT('2D SPACE',''
  ) );
#6846 = ORIENTED_EDGE('',*,*,#6847,.T.);
#6847 = EDGE_CURVE('',#6815,#6848,#6850,.T.);
#6848 = VERTEX_POINT('',#6849);
#6849 = CARTESIAN_POINT('',(-48.95,-53.10407428263,26.8));
#6850 = SURFACE_CURVE('',#6851,(#6855,#6862),.PCURVE_S1.);
#6851 = LINE('',#6852,#6853);
#6852 = CARTESIAN_POINT('',(-48.95,-48.65,26.8));
#6853 = VECTOR('',#6854,1.);
#6854 = DIRECTION('',(1.110223024625E-16,-1.,0.));
#6855 = PCURVE('',#6149,#6856);
#6856 = DEFINITIONAL_REPRESENTATION('',(#6857),#6861);
#6857 = LINE('',#6858,#6859);
#6858 = CARTESIAN_POINT('',(-95.15,0.));
#6859 = VECTOR('',#6860,1.);
#6860 = DIRECTION('',(1.110223024625E-16,-1.));
#6861 = ( GEOMETRIC_REPRESENTATION_CONTEXT(2) 
PARAMETRIC_REPRESENTATION_CONTEXT() REPRESENTATION_CONTEXT('2D SPACE',''
  ) );
#6862 = PCURVE('',#6863,#6868);
#6863 = PLANE('',#6864);
#6864 = AXIS2_PLACEMENT_3D('',#6865,#6866,#6867);
#6865 = CARTESIAN_POINT('',(-48.95,-48.65,24.8));
#6866 = DIRECTION('',(1.,1.110223024625E-16,0.));
#6867 = DIRECTION('',(0.,0.,1.));
#6868 = DEFINITIONAL_REPRESENTATION('',(#6869),#6873);
#6869 = LINE('',#6870,#6871);
#6870 = CARTESIAN_POINT('',(2.,0.));
#6871 = VECTOR('',#6872,1.);
#6872 = DIRECTION('',(0.,1.));
#6873 = ( GEOMETRIC_REPRESENTATION_CONTEXT(2) 
PARAMETRIC_REPRESENTATION_CONTEXT() REPRESENTATION_CONTEXT('2D SPACE',''
  ) );
#6874 = ORIENTED_EDGE('',*,*,#6875,.T.);
#6875 = EDGE_CURVE('',#6848,#6876,#6878,.T.);
#6876 = VERTEX_POINT('',#6877);
#6877 = CARTESIAN_POINT('',(-52.,-48.5,26.8));
#6878 = SURFACE_CURVE('',#6879,(#6884,#6895),.PCURVE_S1.);
#6879 = CIRCLE('',#6880,5.);
#6880 = AXIS2_PLACEMENT_3D('',#6881,#6882,#6883);
#6881 = CARTESIAN_POINT('',(-47.,-48.5,26.8));
#6882 = DIRECTION('',(0.,0.,-1.));
#6883 = DIRECTION('',(1.,0.,0.));
#6884 = PCURVE('',#6149,#6885);
#6885 = DEFINITIONAL_REPRESENTATION('',(#6886),#6894);
#6886 = ( BOUNDED_CURVE() B_SPLINE_CURVE(2,(#6887,#6888,#6889,#6890,
#6891,#6892,#6893),.UNSPECIFIED.,.T.,.F.) B_SPLINE_CURVE_WITH_KNOTS((1,2
    ,2,2,2,1),(-2.094395102393,0.,2.094395102393,4.188790204786,
6.28318530718,8.377580409573),.UNSPECIFIED.) CURVE() 
GEOMETRIC_REPRESENTATION_ITEM() RATIONAL_B_SPLINE_CURVE((1.,0.5,1.,0.5,
1.,0.5,1.)) REPRESENTATION_ITEM('') );
#6887 = CARTESIAN_POINT('',(-88.2,0.15));
#6888 = CARTESIAN_POINT('',(-88.2,-8.510254037844));
#6889 = CARTESIAN_POINT('',(-95.7,-4.180127018922));
#6890 = CARTESIAN_POINT('',(-103.2,0.15));
#6891 = CARTESIAN_POINT('',(-95.7,4.480127018922));
#6892 = CARTESIAN_POINT('',(-88.2,8.810254037844));
#6893 = CARTESIAN_POINT('',(-88.2,0.15));
#6894 = ( GEOMETRIC_REPRESENTATION_CONTEXT(2) 
PARAMETRIC_REPRESENTATION_CONTEXT() REPRESENTATION_CONTEXT('2D SPACE',''
  ) );
#6895 = PCURVE('',#6896,#6901);
#6896 = CYLINDRICAL_SURFACE('',#6897,5.);
#6897 = AXIS2_PLACEMENT_3D('',#6898,#6899,#6900);
#6898 = CARTESIAN_POINT('',(-47.,-48.5,25.6));
#6899 = DIRECTION('',(-0.,-0.,-1.));
#6900 = DIRECTION('',(1.,0.,0.));
#6901 = DEFINITIONAL_REPRESENTATION('',(#6902),#6906);
#6902 = LINE('',#6903,#6904);
#6903 = CARTESIAN_POINT('',(-6.28318530718,-1.2));
#6904 = VECTOR('',#6905,1.);
#6905 = DIRECTION('',(1.,-0.));
#6906 = ( GEOMETRIC_REPRESENTATION_CONTEXT(2) 
PARAMETRIC_REPRESENTATION_CONTEXT() REPRESENTATION_CONTEXT('2D SPACE',''
  ) );
#6907 = ORIENTED_EDGE('',*,*,#6908,.F.);
#6908 = EDGE_CURVE('',#6909,#6876,#6911,.T.);
#6909 = VERTEX_POINT('',#6910);
#6910 = CARTESIAN_POINT('',(-52.,48.5,26.8));
#6911 = SURFACE_CURVE('',#6912,(#6916,#6923),.PCURVE_S1.);
#6912 = LINE('',#6913,#6914);
#6913 = CARTESIAN_POINT('',(-52.,-24.25,26.8));
#6914 = VECTOR('',#6915,1.);
#6915 = DIRECTION('',(0.,-1.,0.));
#6916 = PCURVE('',#6149,#6917);
#6917 = DEFINITIONAL_REPRESENTATION('',(#6918),#6922);
#6918 = LINE('',#6919,#6920);
#6919 = CARTESIAN_POINT('',(-98.2,24.4));
#6920 = VECTOR('',#6921,1.);
#6921 = DIRECTION('',(0.,-1.));
#6922 = ( GEOMETRIC_REPRESENTATION_CONTEXT(2) 
PARAMETRIC_REPRESENTATION_CONTEXT() REPRESENTATION_CONTEXT('2D SPACE',''
  ) );
#6923 = PCURVE('',#6924,#6929);
#6924 = PLANE('',#6925);
#6925 = AXIS2_PLACEMENT_3D('',#6926,#6927,#6928);
#6926 = CARTESIAN_POINT('',(-52.,-48.5,25.6));
#6927 = DIRECTION('',(-1.,0.,0.));
#6928 = DIRECTION('',(0.,1.,0.));
#6929 = DEFINITIONAL_REPRESENTATION('',(#6930),#6933);
#6930 = B_SPLINE_CURVE_WITH_KNOTS('',1,(#6931,#6932),.UNSPECIFIED.,.F.,
  .F.,(2,2),(-72.75,24.25),.PIECEWISE_BEZIER_KNOTS.);
#6931 = CARTESIAN_POINT('',(97.,-1.2));
#6932 = CARTESIAN_POINT('',(0.,-1.2));
#6933 = ( GEOMETRIC_REPRESENTATION_CONTEXT(2) 
PARAMETRIC_REPRESENTATION_CONTEXT() REPRESENTATION_CONTEXT('2D SPACE',''
  ) );
#6934 = ORIENTED_EDGE('',*,*,#6935,.T.);
#6935 = EDGE_CURVE('',#6909,#6936,#6938,.T.);
#6936 = VERTEX_POINT('',#6937);
#6937 = CARTESIAN_POINT('',(-48.95,53.104074282633,26.8));
#6938 = SURFACE_CURVE('',#6939,(#6944,#6955),.PCURVE_S1.);
#6939 = CIRCLE('',#6940,5.);
#6940 = AXIS2_PLACEMENT_3D('',#6941,#6942,#6943);
#6941 = CARTESIAN_POINT('',(-47.,48.5,26.8));
#6942 = DIRECTION('',(0.,0.,-1.));
#6943 = DIRECTION('',(1.,0.,0.));
#6944 = PCURVE('',#6149,#6945);
#6945 = DEFINITIONAL_REPRESENTATION('',(#6946),#6954);
#6946 = ( BOUNDED_CURVE() B_SPLINE_CURVE(2,(#6947,#6948,#6949,#6950,
#6951,#6952,#6953),.UNSPECIFIED.,.T.,.F.) B_SPLINE_CURVE_WITH_KNOTS((1,2
    ,2,2,2,1),(-2.094395102393,0.,2.094395102393,4.188790204786,
6.28318530718,8.377580409573),.UNSPECIFIED.) CURVE() 
GEOMETRIC_REPRESENTATION_ITEM() RATIONAL_B_SPLINE_CURVE((1.,0.5,1.,0.5,
1.,0.5,1.)) REPRESENTATION_ITEM('') );
#6947 = CARTESIAN_POINT('',(-88.2,97.15));
#6948 = CARTESIAN_POINT('',(-88.2,88.489745962156));
#6949 = CARTESIAN_POINT('',(-95.7,92.819872981078));
#6950 = CARTESIAN_POINT('',(-103.2,97.15));
#6951 = CARTESIAN_POINT('',(-95.7,101.48012701892));
#6952 = CARTESIAN_POINT('',(-88.2,105.81025403784));
#6953 = CARTESIAN_POINT('',(-88.2,97.15));
#6954 = ( GEOMETRIC_REPRESENTATION_CONTEXT(2) 
PARAMETRIC_REPRESENTATION_CONTEXT() REPRESENTATION_CONTEXT('2D SPACE',''
  ) );
#6955 = PCURVE('',#6956,#6961);
#6956 = CYLINDRICAL_SURFACE('',#6957,5.);
#6957 = AXIS2_PLACEMENT_3D('',#6958,#6959,#6960);
#6958 = CARTESIAN_POINT('',(-47.,48.5,25.6));
#6959 = DIRECTION('',(-0.,-0.,-1.));
#6960 = DIRECTION('',(1.,0.,0.));
#6961 = DEFINITIONAL_REPRESENTATION('',(#6962),#6966);
#6962 = LINE('',#6963,#6964);
#6963 = CARTESIAN_POINT('',(-6.28318530718,-1.2));
#6964 = VECTOR('',#6965,1.);
#6965 = DIRECTION('',(1.,-0.));
#6966 = ( GEOMETRIC_REPRESENTATION_CONTEXT(2) 
PARAMETRIC_REPRESENTATION_CONTEXT() REPRESENTATION_CONTEXT('2D SPACE',''
  ) );
#6967 = ORIENTED_EDGE('',*,*,#6968,.F.);
#6968 = EDGE_CURVE('',#6969,#6936,#6971,.T.);
#6969 = VERTEX_POINT('',#6970);
#6970 = CARTESIAN_POINT('',(-48.95,52.211951712194,26.8));
#6971 = SURFACE_CURVE('',#6972,(#6976,#6983),.PCURVE_S1.);
#6972 = LINE('',#6973,#6974);
#6973 = CARTESIAN_POINT('',(-48.95,48.65,26.8));
#6974 = VECTOR('',#6975,1.);
#6975 = DIRECTION('',(1.110223024625E-16,1.,0.));
#6976 = PCURVE('',#6149,#6977);
#6977 = DEFINITIONAL_REPRESENTATION('',(#6978),#6982);
#6978 = LINE('',#6979,#6980);
#6979 = CARTESIAN_POINT('',(-95.15,97.3));
#6980 = VECTOR('',#6981,1.);
#6981 = DIRECTION('',(1.110223024625E-16,1.));
#6982 = ( GEOMETRIC_REPRESENTATION_CONTEXT(2) 
PARAMETRIC_REPRESENTATION_CONTEXT() REPRESENTATION_CONTEXT('2D SPACE',''
  ) );
#6983 = PCURVE('',#6984,#6989);
#6984 = PLANE('',#6985);
#6985 = AXIS2_PLACEMENT_3D('',#6986,#6987,#6988);
#6986 = CARTESIAN_POINT('',(-48.95,48.65,24.8));
#6987 = DIRECTION('',(-1.,1.110223024625E-16,0.));
#6988 = DIRECTION('',(0.,0.,1.));
#6989 = DEFINITIONAL_REPRESENTATION('',(#6990),#6994);
#6990 = LINE('',#6991,#6992);
#6991 = CARTESIAN_POINT('',(2.,0.));
#6992 = VECTOR('',#6993,1.);
#6993 = DIRECTION('',(0.,1.));
#6994 = ( GEOMETRIC_REPRESENTATION_CONTEXT(2) 
PARAMETRIC_REPRESENTATION_CONTEXT() REPRESENTATION_CONTEXT('2D SPACE',''
  ) );
#6995 = ORIENTED_EDGE('',*,*,#6996,.F.);
#6996 = EDGE_CURVE('',#6997,#6969,#6999,.T.);
#6997 = VERTEX_POINT('',#6998);
#6998 = CARTESIAN_POINT('',(-43.45,52.211951712194,26.8));
#6999 = SURFACE_CURVE('',#7000,(#7005,#7016),.PCURVE_S1.);
#7000 = CIRCLE('',#7001,4.5);
#7001 = AXIS2_PLACEMENT_3D('',#7002,#7003,#7004);
#7002 = CARTESIAN_POINT('',(-46.2,48.65,26.8));
#7003 = DIRECTION('',(0.,0.,-1.));
#7004 = DIRECTION('',(0.611111111111,0.791544824932,0.));
#7005 = PCURVE('',#6149,#7006);
#7006 = DEFINITIONAL_REPRESENTATION('',(#7007),#7015);
#7007 = ( BOUNDED_CURVE() B_SPLINE_CURVE(2,(#7008,#7009,#7010,#7011,
#7012,#7013,#7014),.UNSPECIFIED.,.T.,.F.) B_SPLINE_CURVE_WITH_KNOTS((1,2
    ,2,2,2,1),(-2.094395102393,0.,2.094395102393,4.188790204786,
6.28318530718,8.377580409573),.UNSPECIFIED.) CURVE() 
GEOMETRIC_REPRESENTATION_ITEM() RATIONAL_B_SPLINE_CURVE((1.,0.5,1.,0.5,
1.,0.5,1.)) REPRESENTATION_ITEM('') );
#7008 = CARTESIAN_POINT('',(-89.65,100.86195171219));
#7009 = CARTESIAN_POINT('',(-83.48051866037,96.098811991379));
#7010 = CARTESIAN_POINT('',(-90.69025933018,93.137454283496));
#7011 = CARTESIAN_POINT('',(-97.9,90.176096575613));
#7012 = CARTESIAN_POINT('',(-96.85974066981,97.90059400431));
#7013 = CARTESIAN_POINT('',(-95.81948133962,105.625091433));
#7014 = CARTESIAN_POINT('',(-89.65,100.86195171219));
#7015 = ( GEOMETRIC_REPRESENTATION_CONTEXT(2) 
PARAMETRIC_REPRESENTATION_CONTEXT() REPRESENTATION_CONTEXT('2D SPACE',''
  ) );
#7016 = PCURVE('',#7017,#7022);
#7017 = CYLINDRICAL_SURFACE('',#7018,4.5);
#7018 = AXIS2_PLACEMENT_3D('',#7019,#7020,#7021);
#7019 = CARTESIAN_POINT('',(-46.2,48.65,24.8));
#7020 = DIRECTION('',(-0.,-0.,-1.));
#7021 = DIRECTION('',(1.,0.,0.));
#7022 = DEFINITIONAL_REPRESENTATION('',(#7023),#7027);
#7023 = LINE('',#7024,#7025);
#7024 = CARTESIAN_POINT('',(-7.196518077593,-2.));
#7025 = VECTOR('',#7026,1.);
#7026 = DIRECTION('',(1.,-0.));
#7027 = ( GEOMETRIC_REPRESENTATION_CONTEXT(2) 
PARAMETRIC_REPRESENTATION_CONTEXT() REPRESENTATION_CONTEXT('2D SPACE',''
  ) );
#7028 = ORIENTED_EDGE('',*,*,#7029,.T.);
#7029 = EDGE_CURVE('',#6997,#7030,#7032,.T.);
#7030 = VERTEX_POINT('',#7031);
#7031 = CARTESIAN_POINT('',(-43.45,53.5,26.8));
#7032 = SURFACE_CURVE('',#7033,(#7037,#7044),.PCURVE_S1.);
#7033 = LINE('',#7034,#7035);
#7034 = CARTESIAN_POINT('',(-43.45,48.65,26.8));
#7035 = VECTOR('',#7036,1.);
#7036 = DIRECTION('',(1.110223024625E-16,1.,0.));
#7037 = PCURVE('',#6149,#7038);
#7038 = DEFINITIONAL_REPRESENTATION('',(#7039),#7043);
#7039 = LINE('',#7040,#7041);
#7040 = CARTESIAN_POINT('',(-89.65,97.3));
#7041 = VECTOR('',#7042,1.);
#7042 = DIRECTION('',(1.110223024625E-16,1.));
#7043 = ( GEOMETRIC_REPRESENTATION_CONTEXT(2) 
PARAMETRIC_REPRESENTATION_CONTEXT() REPRESENTATION_CONTEXT('2D SPACE',''
  ) );
#7044 = PCURVE('',#7045,#7050);
#7045 = PLANE('',#7046);
#7046 = AXIS2_PLACEMENT_3D('',#7047,#7048,#7049);
#7047 = CARTESIAN_POINT('',(-43.45,48.65,24.8));
#7048 = DIRECTION('',(-1.,1.110223024625E-16,0.));
#7049 = DIRECTION('',(0.,0.,1.));
#7050 = DEFINITIONAL_REPRESENTATION('',(#7051),#7055);
#7051 = LINE('',#7052,#7053);
#7052 = CARTESIAN_POINT('',(2.,0.));
#7053 = VECTOR('',#7054,1.);
#7054 = DIRECTION('',(0.,1.));
#7055 = ( GEOMETRIC_REPRESENTATION_CONTEXT(2) 
PARAMETRIC_REPRESENTATION_CONTEXT() REPRESENTATION_CONTEXT('2D SPACE',''
  ) );
#7056 = ORIENTED_EDGE('',*,*,#7057,.F.);
#7057 = EDGE_CURVE('',#7058,#7030,#7060,.T.);
#7058 = VERTEX_POINT('',#7059);
#7059 = CARTESIAN_POINT('',(43.45,53.5,26.8));
#7060 = SURFACE_CURVE('',#7061,(#7065,#7072),.PCURVE_S1.);
#7061 = LINE('',#7062,#7063);
#7062 = CARTESIAN_POINT('',(-23.5,53.5,26.8));
#7063 = VECTOR('',#7064,1.);
#7064 = DIRECTION('',(-1.,0.,0.));
#7065 = PCURVE('',#6149,#7066);
#7066 = DEFINITIONAL_REPRESENTATION('',(#7067),#7071);
#7067 = LINE('',#7068,#7069);
#7068 = CARTESIAN_POINT('',(-69.7,102.15));
#7069 = VECTOR('',#7070,1.);
#7070 = DIRECTION('',(-1.,0.));
#7071 = ( GEOMETRIC_REPRESENTATION_CONTEXT(2) 
PARAMETRIC_REPRESENTATION_CONTEXT() REPRESENTATION_CONTEXT('2D SPACE',''
  ) );
#7072 = PCURVE('',#7073,#7078);
#7073 = PLANE('',#7074);
#7074 = AXIS2_PLACEMENT_3D('',#7075,#7076,#7077);
#7075 = CARTESIAN_POINT('',(-47.,53.5,25.6));
#7076 = DIRECTION('',(0.,1.,0.));
#7077 = DIRECTION('',(1.,0.,0.));
#7078 = DEFINITIONAL_REPRESENTATION('',(#7079),#7082);
#7079 = B_SPLINE_CURVE_WITH_KNOTS('',1,(#7080,#7081),.UNSPECIFIED.,.F.,
  .F.,(2,2),(-70.5,23.5),.PIECEWISE_BEZIER_KNOTS.);
#7080 = CARTESIAN_POINT('',(94.,-1.2));
#7081 = CARTESIAN_POINT('',(0.,-1.2));
#7082 = ( GEOMETRIC_REPRESENTATION_CONTEXT(2) 
PARAMETRIC_REPRESENTATION_CONTEXT() REPRESENTATION_CONTEXT('2D SPACE',''
  ) );
#7083 = ORIENTED_EDGE('',*,*,#7084,.F.);
#7084 = EDGE_CURVE('',#7085,#7058,#7087,.T.);
#7085 = VERTEX_POINT('',#7086);
#7086 = CARTESIAN_POINT('',(43.45,52.211951712194,26.8));
#7087 = SURFACE_CURVE('',#7088,(#7092,#7099),.PCURVE_S1.);
#7088 = LINE('',#7089,#7090);
#7089 = CARTESIAN_POINT('',(43.45,48.65,26.8));
#7090 = VECTOR('',#7091,1.);
#7091 = DIRECTION('',(1.110223024625E-16,1.,0.));
#7092 = PCURVE('',#6149,#7093);
#7093 = DEFINITIONAL_REPRESENTATION('',(#7094),#7098);
#7094 = LINE('',#7095,#7096);
#7095 = CARTESIAN_POINT('',(-2.75,97.3));
#7096 = VECTOR('',#7097,1.);
#7097 = DIRECTION('',(1.110223024625E-16,1.));
#7098 = ( GEOMETRIC_REPRESENTATION_CONTEXT(2) 
PARAMETRIC_REPRESENTATION_CONTEXT() REPRESENTATION_CONTEXT('2D SPACE',''
  ) );
#7099 = PCURVE('',#7100,#7105);
#7100 = PLANE('',#7101);
#7101 = AXIS2_PLACEMENT_3D('',#7102,#7103,#7104);
#7102 = CARTESIAN_POINT('',(43.45,48.65,24.8));
#7103 = DIRECTION('',(-1.,1.110223024625E-16,0.));
#7104 = DIRECTION('',(0.,0.,1.));
#7105 = DEFINITIONAL_REPRESENTATION('',(#7106),#7110);
#7106 = LINE('',#7107,#7108);
#7107 = CARTESIAN_POINT('',(2.,0.));
#7108 = VECTOR('',#7109,1.);
#7109 = DIRECTION('',(0.,1.));
#7110 = ( GEOMETRIC_REPRESENTATION_CONTEXT(2) 
PARAMETRIC_REPRESENTATION_CONTEXT() REPRESENTATION_CONTEXT('2D SPACE',''
  ) );
#7111 = ORIENTED_EDGE('',*,*,#7112,.F.);
#7112 = EDGE_CURVE('',#7113,#7085,#7115,.T.);
#7113 = VERTEX_POINT('',#7114);
#7114 = CARTESIAN_POINT('',(48.95,52.211951712194,26.8));
#7115 = SURFACE_CURVE('',#7116,(#7121,#7132),.PCURVE_S1.);
#7116 = CIRCLE('',#7117,4.5);
#7117 = AXIS2_PLACEMENT_3D('',#7118,#7119,#7120);
#7118 = CARTESIAN_POINT('',(46.2,48.65,26.8));
#7119 = DIRECTION('',(0.,0.,-1.));
#7120 = DIRECTION('',(0.611111111111,0.791544824932,0.));
#7121 = PCURVE('',#6149,#7122);
#7122 = DEFINITIONAL_REPRESENTATION('',(#7123),#7131);
#7123 = ( BOUNDED_CURVE() B_SPLINE_CURVE(2,(#7124,#7125,#7126,#7127,
#7128,#7129,#7130),.UNSPECIFIED.,.T.,.F.) B_SPLINE_CURVE_WITH_KNOTS((1,2
    ,2,2,2,1),(-2.094395102393,0.,2.094395102393,4.188790204786,
6.28318530718,8.377580409573),.UNSPECIFIED.) CURVE() 
GEOMETRIC_REPRESENTATION_ITEM() RATIONAL_B_SPLINE_CURVE((1.,0.5,1.,0.5,
1.,0.5,1.)) REPRESENTATION_ITEM('') );
#7124 = CARTESIAN_POINT('',(2.75,100.86195171219));
#7125 = CARTESIAN_POINT('',(8.919481339626,96.098811991379));
#7126 = CARTESIAN_POINT('',(1.709740669813,93.137454283496));
#7127 = CARTESIAN_POINT('',(-5.5,90.176096575613));
#7128 = CARTESIAN_POINT('',(-4.459740669813,97.90059400431));
#7129 = CARTESIAN_POINT('',(-3.419481339626,105.625091433));
#7130 = CARTESIAN_POINT('',(2.75,100.86195171219));
#7131 = ( GEOMETRIC_REPRESENTATION_CONTEXT(2) 
PARAMETRIC_REPRESENTATION_CONTEXT() REPRESENTATION_CONTEXT('2D SPACE',''
  ) );
#7132 = PCURVE('',#7133,#7138);
#7133 = CYLINDRICAL_SURFACE('',#7134,4.5);
#7134 = AXIS2_PLACEMENT_3D('',#7135,#7136,#7137);
#7135 = CARTESIAN_POINT('',(46.2,48.65,24.8));
#7136 = DIRECTION('',(-0.,-0.,-1.));
#7137 = DIRECTION('',(1.,0.,0.));
#7138 = DEFINITIONAL_REPRESENTATION('',(#7139),#7143);
#7139 = LINE('',#7140,#7141);
#7140 = CARTESIAN_POINT('',(-7.196518077593,-2.));
#7141 = VECTOR('',#7142,1.);
#7142 = DIRECTION('',(1.,-0.));
#7143 = ( GEOMETRIC_REPRESENTATION_CONTEXT(2) 
PARAMETRIC_REPRESENTATION_CONTEXT() REPRESENTATION_CONTEXT('2D SPACE',''
  ) );
#7144 = ORIENTED_EDGE('',*,*,#7145,.T.);
#7145 = EDGE_CURVE('',#7113,#7146,#7148,.T.);
#7146 = VERTEX_POINT('',#7147);
#7147 = CARTESIAN_POINT('',(48.95,53.104074282633,26.8));
#7148 = SURFACE_CURVE('',#7149,(#7153,#7160),.PCURVE_S1.);
#7149 = LINE('',#7150,#7151);
#7150 = CARTESIAN_POINT('',(48.95,48.65,26.8));
#7151 = VECTOR('',#7152,1.);
#7152 = DIRECTION('',(1.110223024625E-16,1.,0.));
#7153 = PCURVE('',#6149,#7154);
#7154 = DEFINITIONAL_REPRESENTATION('',(#7155),#7159);
#7155 = LINE('',#7156,#7157);
#7156 = CARTESIAN_POINT('',(2.75,97.3));
#7157 = VECTOR('',#7158,1.);
#7158 = DIRECTION('',(1.110223024625E-16,1.));
#7159 = ( GEOMETRIC_REPRESENTATION_CONTEXT(2) 
PARAMETRIC_REPRESENTATION_CONTEXT() REPRESENTATION_CONTEXT('2D SPACE',''
  ) );
#7160 = PCURVE('',#7161,#7166);
#7161 = PLANE('',#7162);
#7162 = AXIS2_PLACEMENT_3D('',#7163,#7164,#7165);
#7163 = CARTESIAN_POINT('',(48.95,48.65,24.8));
#7164 = DIRECTION('',(-1.,1.110223024625E-16,0.));
#7165 = DIRECTION('',(0.,0.,1.));
#7166 = DEFINITIONAL_REPRESENTATION('',(#7167),#7171);
#7167 = LINE('',#7168,#7169);
#7168 = CARTESIAN_POINT('',(2.,0.));
#7169 = VECTOR('',#7170,1.);
#7170 = DIRECTION('',(0.,1.));
#7171 = ( GEOMETRIC_REPRESENTATION_CONTEXT(2) 
PARAMETRIC_REPRESENTATION_CONTEXT() REPRESENTATION_CONTEXT('2D SPACE',''
  ) );
#7172 = ORIENTED_EDGE('',*,*,#7173,.T.);
#7173 = EDGE_CURVE('',#7146,#7174,#7176,.T.);
#7174 = VERTEX_POINT('',#7175);
#7175 = CARTESIAN_POINT('',(52.,48.5,26.8));
#7176 = SURFACE_CURVE('',#7177,(#7182,#7193),.PCURVE_S1.);
#7177 = CIRCLE('',#7178,5.);
#7178 = AXIS2_PLACEMENT_3D('',#7179,#7180,#7181);
#7179 = CARTESIAN_POINT('',(47.,48.5,26.8));
#7180 = DIRECTION('',(0.,0.,-1.));
#7181 = DIRECTION('',(1.,0.,0.));
#7182 = PCURVE('',#6149,#7183);
#7183 = DEFINITIONAL_REPRESENTATION('',(#7184),#7192);
#7184 = ( BOUNDED_CURVE() B_SPLINE_CURVE(2,(#7185,#7186,#7187,#7188,
#7189,#7190,#7191),.UNSPECIFIED.,.T.,.F.) B_SPLINE_CURVE_WITH_KNOTS((1,2
    ,2,2,2,1),(-2.094395102393,0.,2.094395102393,4.188790204786,
6.28318530718,8.377580409573),.UNSPECIFIED.) CURVE() 
GEOMETRIC_REPRESENTATION_ITEM() RATIONAL_B_SPLINE_CURVE((1.,0.5,1.,0.5,
1.,0.5,1.)) REPRESENTATION_ITEM('') );
#7185 = CARTESIAN_POINT('',(5.8,97.15));
#7186 = CARTESIAN_POINT('',(5.8,88.489745962156));
#7187 = CARTESIAN_POINT('',(-1.7,92.819872981078));
#7188 = CARTESIAN_POINT('',(-9.2,97.15));
#7189 = CARTESIAN_POINT('',(-1.7,101.48012701892));
#7190 = CARTESIAN_POINT('',(5.8,105.81025403784));
#7191 = CARTESIAN_POINT('',(5.8,97.15));
#7192 = ( GEOMETRIC_REPRESENTATION_CONTEXT(2) 
PARAMETRIC_REPRESENTATION_CONTEXT() REPRESENTATION_CONTEXT('2D SPACE',''
  ) );
#7193 = PCURVE('',#7194,#7199);
#7194 = CYLINDRICAL_SURFACE('',#7195,5.);
#7195 = AXIS2_PLACEMENT_3D('',#7196,#7197,#7198);
#7196 = CARTESIAN_POINT('',(47.,48.5,25.6));
#7197 = DIRECTION('',(-0.,-0.,-1.));
#7198 = DIRECTION('',(1.,0.,0.));
#7199 = DEFINITIONAL_REPRESENTATION('',(#7200),#7204);
#7200 = LINE('',#7201,#7202);
#7201 = CARTESIAN_POINT('',(-6.28318530718,-1.2));
#7202 = VECTOR('',#7203,1.);
#7203 = DIRECTION('',(1.,-0.));
#7204 = ( GEOMETRIC_REPRESENTATION_CONTEXT(2) 
PARAMETRIC_REPRESENTATION_CONTEXT() REPRESENTATION_CONTEXT('2D SPACE',''
  ) );
#7205 = ORIENTED_EDGE('',*,*,#7206,.T.);
#7206 = EDGE_CURVE('',#7174,#7207,#7209,.T.);
#7207 = VERTEX_POINT('',#7208);
#7208 = CARTESIAN_POINT('',(52.,-48.5,26.8));
#7209 = SURFACE_CURVE('',#7210,(#7214,#7221),.PCURVE_S1.);
#7210 = LINE('',#7211,#7212);
#7211 = CARTESIAN_POINT('',(52.,-24.25,26.8));
#7212 = VECTOR('',#7213,1.);
#7213 = DIRECTION('',(0.,-1.,0.));
#7214 = PCURVE('',#6149,#7215);
#7215 = DEFINITIONAL_REPRESENTATION('',(#7216),#7220);
#7216 = LINE('',#7217,#7218);
#7217 = CARTESIAN_POINT('',(5.8,24.4));
#7218 = VECTOR('',#7219,1.);
#7219 = DIRECTION('',(0.,-1.));
#7220 = ( GEOMETRIC_REPRESENTATION_CONTEXT(2) 
PARAMETRIC_REPRESENTATION_CONTEXT() REPRESENTATION_CONTEXT('2D SPACE',''
  ) );
#7221 = PCURVE('',#7222,#7227);
#7222 = PLANE('',#7223);
#7223 = AXIS2_PLACEMENT_3D('',#7224,#7225,#7226);
#7224 = CARTESIAN_POINT('',(52.,-48.5,25.6));
#7225 = DIRECTION('',(-1.,0.,0.));
#7226 = DIRECTION('',(0.,1.,0.));
#7227 = DEFINITIONAL_REPRESENTATION('',(#7228),#7231);
#7228 = B_SPLINE_CURVE_WITH_KNOTS('',1,(#7229,#7230),.UNSPECIFIED.,.F.,
  .F.,(2,2),(-72.75,24.25),.PIECEWISE_BEZIER_KNOTS.);
#7229 = CARTESIAN_POINT('',(97.,-1.2));
#7230 = CARTESIAN_POINT('',(0.,-1.2));
#7231 = ( GEOMETRIC_REPRESENTATION_CONTEXT(2) 
PARAMETRIC_REPRESENTATION_CONTEXT() REPRESENTATION_CONTEXT('2D SPACE',''
  ) );
#7232 = ORIENTED_EDGE('',*,*,#7233,.T.);
#7233 = EDGE_CURVE('',#7207,#6302,#7234,.T.);
#7234 = SURFACE_CURVE('',#7235,(#7240,#7251),.PCURVE_S1.);
#7235 = CIRCLE('',#7236,5.);
#7236 = AXIS2_PLACEMENT_3D('',#7237,#7238,#7239);
#7237 = CARTESIAN_POINT('',(47.,-48.5,26.8));
#7238 = DIRECTION('',(0.,0.,-1.));
#7239 = DIRECTION('',(1.,0.,0.));
#7240 = PCURVE('',#6149,#7241);
#7241 = DEFINITIONAL_REPRESENTATION('',(#7242),#7250);
#7242 = ( BOUNDED_CURVE() B_SPLINE_CURVE(2,(#7243,#7244,#7245,#7246,
#7247,#7248,#7249),.UNSPECIFIED.,.T.,.F.) B_SPLINE_CURVE_WITH_KNOTS((1,2
    ,2,2,2,1),(-2.094395102393,0.,2.094395102393,4.188790204786,
6.28318530718,8.377580409573),.UNSPECIFIED.) CURVE() 
GEOMETRIC_REPRESENTATION_ITEM() RATIONAL_B_SPLINE_CURVE((1.,0.5,1.,0.5,
1.,0.5,1.)) REPRESENTATION_ITEM('') );
#7243 = CARTESIAN_POINT('',(5.8,0.15));
#7244 = CARTESIAN_POINT('',(5.8,-8.510254037844));
#7245 = CARTESIAN_POINT('',(-1.7,-4.180127018922));
#7246 = CARTESIAN_POINT('',(-9.2,0.15));
#7247 = CARTESIAN_POINT('',(-1.7,4.480127018922));
#7248 = CARTESIAN_POINT('',(5.8,8.810254037844));
#7249 = CARTESIAN_POINT('',(5.8,0.15));
#7250 = ( GEOMETRIC_REPRESENTATION_CONTEXT(2) 
PARAMETRIC_REPRESENTATION_CONTEXT() REPRESENTATION_CONTEXT('2D SPACE',''
  ) );
#7251 = PCURVE('',#6339,#7252);
#7252 = DEFINITIONAL_REPRESENTATION('',(#7253),#7257);
#7253 = LINE('',#7254,#7255);
#7254 = CARTESIAN_POINT('',(-6.28318530718,-1.2));
#7255 = VECTOR('',#7256,1.);
#7256 = DIRECTION('',(1.,-0.));
#7257 = ( GEOMETRIC_REPRESENTATION_CONTEXT(2) 
PARAMETRIC_REPRESENTATION_CONTEXT() REPRESENTATION_CONTEXT('2D SPACE',''
  ) );
#7258 = ORIENTED_EDGE('',*,*,#6301,.F.);
#7259 = FACE_BOUND('',#7260,.T.);
#7260 = EDGE_LOOP('',(#7261));
#7261 = ORIENTED_EDGE('',*,*,#7262,.T.);
#7262 = EDGE_CURVE('',#7263,#7263,#7265,.T.);
#7263 = VERTEX_POINT('',#7264);
#7264 = CARTESIAN_POINT('',(48.8,48.65,26.8));
#7265 = SURFACE_CURVE('',#7266,(#7271,#7282),.PCURVE_S1.);
#7266 = CIRCLE('',#7267,2.6);
#7267 = AXIS2_PLACEMENT_3D('',#7268,#7269,#7270);
#7268 = CARTESIAN_POINT('',(46.2,48.65,26.8));
#7269 = DIRECTION('',(0.,0.,-1.));
#7270 = DIRECTION('',(1.,0.,0.));
#7271 = PCURVE('',#6149,#7272);
#7272 = DEFINITIONAL_REPRESENTATION('',(#7273),#7281);
#7273 = ( BOUNDED_CURVE() B_SPLINE_CURVE(2,(#7274,#7275,#7276,#7277,
#7278,#7279,#7280),.UNSPECIFIED.,.T.,.F.) B_SPLINE_CURVE_WITH_KNOTS((1,2
    ,2,2,2,1),(-2.094395102393,0.,2.094395102393,4.188790204786,
6.28318530718,8.377580409573),.UNSPECIFIED.) CURVE() 
GEOMETRIC_REPRESENTATION_ITEM() RATIONAL_B_SPLINE_CURVE((1.,0.5,1.,0.5,
1.,0.5,1.)) REPRESENTATION_ITEM('') );
#7274 = CARTESIAN_POINT('',(2.6,97.3));
#7275 = CARTESIAN_POINT('',(2.6,92.796667900321));
#7276 = CARTESIAN_POINT('',(-1.3,95.04833395016));
#7277 = CARTESIAN_POINT('',(-5.2,97.3));
#7278 = CARTESIAN_POINT('',(-1.3,99.55166604984));
#7279 = CARTESIAN_POINT('',(2.6,101.80333209967));
#7280 = CARTESIAN_POINT('',(2.6,97.3));
#7281 = ( GEOMETRIC_REPRESENTATION_CONTEXT(2) 
PARAMETRIC_REPRESENTATION_CONTEXT() REPRESENTATION_CONTEXT('2D SPACE',''
  ) );
#7282 = PCURVE('',#7283,#7288);
#7283 = CYLINDRICAL_SURFACE('',#7284,2.6);
#7284 = AXIS2_PLACEMENT_3D('',#7285,#7286,#7287);
#7285 = CARTESIAN_POINT('',(46.2,48.65,25.6));
#7286 = DIRECTION('',(-0.,-0.,-1.));
#7287 = DIRECTION('',(1.,0.,0.));
#7288 = DEFINITIONAL_REPRESENTATION('',(#7289),#7293);
#7289 = LINE('',#7290,#7291);
#7290 = CARTESIAN_POINT('',(-6.28318530718,-1.2));
#7291 = VECTOR('',#7292,1.);
#7292 = DIRECTION('',(1.,-0.));
#7293 = ( GEOMETRIC_REPRESENTATION_CONTEXT(2) 
PARAMETRIC_REPRESENTATION_CONTEXT() REPRESENTATION_CONTEXT('2D SPACE',''
  ) );
#7294 = ADVANCED_FACE('',(#7295),#6178,.F.);
#7295 = FACE_BOUND('',#7296,.F.);
#7296 = EDGE_LOOP('',(#7297,#7298,#7299,#7300,#7321,#7342));
#7297 = ORIENTED_EDGE('',*,*,#6193,.F.);
#7298 = ORIENTED_EDGE('',*,*,#6165,.F.);
#7299 = ORIENTED_EDGE('',*,*,#6736,.T.);
#7300 = ORIENTED_EDGE('',*,*,#7301,.T.);
#7301 = EDGE_CURVE('',#6737,#7302,#7304,.T.);
#7302 = VERTEX_POINT('',#7303);
#7303 = CARTESIAN_POINT('',(43.45,-53.5,25.8));
#7304 = SURFACE_CURVE('',#7305,(#7309,#7315),.PCURVE_S1.);
#7305 = LINE('',#7306,#7307);
#7306 = CARTESIAN_POINT('',(43.45,-53.5,25.2));
#7307 = VECTOR('',#7308,1.);
#7308 = DIRECTION('',(0.,0.,-1.));
#7309 = PCURVE('',#6178,#7310);
#7310 = DEFINITIONAL_REPRESENTATION('',(#7311),#7314);
#7311 = B_SPLINE_CURVE_WITH_KNOTS('',1,(#7312,#7313),.UNSPECIFIED.,.F.,
  .F.,(2,2),(-1.6,-0.6),.PIECEWISE_BEZIER_KNOTS.);
#7312 = CARTESIAN_POINT('',(2.,4.85));
#7313 = CARTESIAN_POINT('',(1.,4.85));
#7314 = ( GEOMETRIC_REPRESENTATION_CONTEXT(2) 
PARAMETRIC_REPRESENTATION_CONTEXT() REPRESENTATION_CONTEXT('2D SPACE',''
  ) );
#7315 = PCURVE('',#6775,#7316);
#7316 = DEFINITIONAL_REPRESENTATION('',(#7317),#7320);
#7317 = B_SPLINE_CURVE_WITH_KNOTS('',1,(#7318,#7319),.UNSPECIFIED.,.F.,
  .F.,(2,2),(-1.6,-0.6),.PIECEWISE_BEZIER_KNOTS.);
#7318 = CARTESIAN_POINT('',(90.45,-1.2));
#7319 = CARTESIAN_POINT('',(90.45,-0.2));
#7320 = ( GEOMETRIC_REPRESENTATION_CONTEXT(2) 
PARAMETRIC_REPRESENTATION_CONTEXT() REPRESENTATION_CONTEXT('2D SPACE',''
  ) );
#7321 = ORIENTED_EDGE('',*,*,#7322,.F.);
#7322 = EDGE_CURVE('',#7323,#7302,#7325,.T.);
#7323 = VERTEX_POINT('',#7324);
#7324 = CARTESIAN_POINT('',(43.45,-54.3,25.8));
#7325 = SURFACE_CURVE('',#7326,(#7330,#7336),.PCURVE_S1.);
#7326 = LINE('',#7327,#7328);
#7327 = CARTESIAN_POINT('',(43.45,-24.325,25.8));
#7328 = VECTOR('',#7329,1.);
#7329 = DIRECTION('',(-1.110223024625E-16,1.,0.));
#7330 = PCURVE('',#6178,#7331);
#7331 = DEFINITIONAL_REPRESENTATION('',(#7332),#7335);
#7332 = B_SPLINE_CURVE_WITH_KNOTS('',1,(#7333,#7334),.UNSPECIFIED.,.F.,
  .F.,(2,2),(-29.975,-24.325),.PIECEWISE_BEZIER_KNOTS.);
#7333 = CARTESIAN_POINT('',(1.,5.65));
#7334 = CARTESIAN_POINT('',(1.,0.));
#7335 = ( GEOMETRIC_REPRESENTATION_CONTEXT(2) 
PARAMETRIC_REPRESENTATION_CONTEXT() REPRESENTATION_CONTEXT('2D SPACE',''
  ) );
#7336 = PCURVE('',#6365,#7337);
#7337 = DEFINITIONAL_REPRESENTATION('',(#7338),#7341);
#7338 = B_SPLINE_CURVE_WITH_KNOTS('',1,(#7339,#7340),.UNSPECIFIED.,.F.,
  .F.,(2,2),(-29.975,-24.325),.PIECEWISE_BEZIER_KNOTS.);
#7339 = CARTESIAN_POINT('',(43.45,-54.3));
#7340 = CARTESIAN_POINT('',(43.45,-48.65));
#7341 = ( GEOMETRIC_REPRESENTATION_CONTEXT(2) 
PARAMETRIC_REPRESENTATION_CONTEXT() REPRESENTATION_CONTEXT('2D SPACE',''
  ) );
#7342 = ORIENTED_EDGE('',*,*,#7343,.F.);
#7343 = EDGE_CURVE('',#6194,#7323,#7344,.T.);
#7344 = SURFACE_CURVE('',#7345,(#7349,#7356),.PCURVE_S1.);
#7345 = LINE('',#7346,#7347);
#7346 = CARTESIAN_POINT('',(43.45,-54.3,24.8));
#7347 = VECTOR('',#7348,1.);
#7348 = DIRECTION('',(0.,0.,1.));
#7349 = PCURVE('',#6178,#7350);
#7350 = DEFINITIONAL_REPRESENTATION('',(#7351),#7355);
#7351 = LINE('',#7352,#7353);
#7352 = CARTESIAN_POINT('',(0.,5.65));
#7353 = VECTOR('',#7354,1.);
#7354 = DIRECTION('',(1.,0.));
#7355 = ( GEOMETRIC_REPRESENTATION_CONTEXT(2) 
PARAMETRIC_REPRESENTATION_CONTEXT() REPRESENTATION_CONTEXT('2D SPACE',''
  ) );
#7356 = PCURVE('',#6232,#7357);
#7357 = DEFINITIONAL_REPRESENTATION('',(#7358),#7362);
#7358 = LINE('',#7359,#7360);
#7359 = CARTESIAN_POINT('',(0.,0.));
#7360 = VECTOR('',#7361,1.);
#7361 = DIRECTION('',(1.,0.));
#7362 = ( GEOMETRIC_REPRESENTATION_CONTEXT(2) 
PARAMETRIC_REPRESENTATION_CONTEXT() REPRESENTATION_CONTEXT('2D SPACE',''
  ) );
#7363 = ADVANCED_FACE('',(#7364),#6232,.T.);
#7364 = FACE_BOUND('',#7365,.T.);
#7365 = EDGE_LOOP('',(#7366,#7367,#7368,#7369));
#7366 = ORIENTED_EDGE('',*,*,#7343,.F.);
#7367 = ORIENTED_EDGE('',*,*,#6216,.T.);
#7368 = ORIENTED_EDGE('',*,*,#6376,.T.);
#7369 = ORIENTED_EDGE('',*,*,#7370,.F.);
#7370 = EDGE_CURVE('',#7323,#6351,#7371,.T.);
#7371 = SURFACE_CURVE('',#7372,(#7376,#7382),.PCURVE_S1.);
#7372 = LINE('',#7373,#7374);
#7373 = CARTESIAN_POINT('',(21.725,-54.3,25.8));
#7374 = VECTOR('',#7375,1.);
#7375 = DIRECTION('',(1.,1.110223024625E-16,-0.));
#7376 = PCURVE('',#6232,#7377);
#7377 = DEFINITIONAL_REPRESENTATION('',(#7378),#7381);
#7378 = B_SPLINE_CURVE_WITH_KNOTS('',1,(#7379,#7380),.UNSPECIFIED.,.F.,
  .F.,(2,2),(21.725,27.225),.PIECEWISE_BEZIER_KNOTS.);
#7379 = CARTESIAN_POINT('',(1.,0.));
#7380 = CARTESIAN_POINT('',(1.,-5.5));
#7381 = ( GEOMETRIC_REPRESENTATION_CONTEXT(2) 
PARAMETRIC_REPRESENTATION_CONTEXT() REPRESENTATION_CONTEXT('2D SPACE',''
  ) );
#7382 = PCURVE('',#6365,#7383);
#7383 = DEFINITIONAL_REPRESENTATION('',(#7384),#7387);
#7384 = B_SPLINE_CURVE_WITH_KNOTS('',1,(#7385,#7386),.UNSPECIFIED.,.F.,
  .F.,(2,2),(21.725,27.225),.PIECEWISE_BEZIER_KNOTS.);
#7385 = CARTESIAN_POINT('',(43.45,-54.3));
#7386 = CARTESIAN_POINT('',(48.95,-54.3));
#7387 = ( GEOMETRIC_REPRESENTATION_CONTEXT(2) 
PARAMETRIC_REPRESENTATION_CONTEXT() REPRESENTATION_CONTEXT('2D SPACE',''
  ) );
#7388 = ADVANCED_FACE('',(#7389),#6284,.T.);
#7389 = FACE_BOUND('',#7390,.F.);
#7390 = EDGE_LOOP('',(#7391,#7420,#7441,#7442));
#7391 = ORIENTED_EDGE('',*,*,#7392,.F.);
#7392 = EDGE_CURVE('',#7393,#7393,#7395,.T.);
#7393 = VERTEX_POINT('',#7394);
#7394 = CARTESIAN_POINT('',(49.1,-48.65,11.9));
#7395 = SURFACE_CURVE('',#7396,(#7401,#7408),.PCURVE_S1.);
#7396 = CIRCLE('',#7397,2.9);
#7397 = AXIS2_PLACEMENT_3D('',#7398,#7399,#7400);
#7398 = CARTESIAN_POINT('',(46.2,-48.65,11.9));
#7399 = DIRECTION('',(0.,0.,1.));
#7400 = DIRECTION('',(1.,0.,0.));
#7401 = PCURVE('',#6284,#7402);
#7402 = DEFINITIONAL_REPRESENTATION('',(#7403),#7407);
#7403 = LINE('',#7404,#7405);
#7404 = CARTESIAN_POINT('',(-0.,0.));
#7405 = VECTOR('',#7406,1.);
#7406 = DIRECTION('',(-1.,0.));
#7407 = ( GEOMETRIC_REPRESENTATION_CONTEXT(2) 
PARAMETRIC_REPRESENTATION_CONTEXT() REPRESENTATION_CONTEXT('2D SPACE',''
  ) );
#7408 = PCURVE('',#7409,#7414);
#7409 = PLANE('',#7410);
#7410 = AXIS2_PLACEMENT_3D('',#7411,#7412,#7413);
#7411 = CARTESIAN_POINT('',(46.2,-48.65,11.9));
#7412 = DIRECTION('',(0.,0.,1.));
#7413 = DIRECTION('',(1.,0.,-0.));
#7414 = DEFINITIONAL_REPRESENTATION('',(#7415),#7419);
#7415 = CIRCLE('',#7416,2.9);
#7416 = AXIS2_PLACEMENT_2D('',#7417,#7418);
#7417 = CARTESIAN_POINT('',(0.,7.105427357601E-15));
#7418 = DIRECTION('',(1.,0.));
#7419 = ( GEOMETRIC_REPRESENTATION_CONTEXT(2) 
PARAMETRIC_REPRESENTATION_CONTEXT() REPRESENTATION_CONTEXT('2D SPACE',''
  ) );
#7420 = ORIENTED_EDGE('',*,*,#7421,.T.);
#7421 = EDGE_CURVE('',#7393,#6268,#7422,.T.);
#7422 = SEAM_CURVE('',#7423,(#7427,#7434),.PCURVE_S1.);
#7423 = LINE('',#7424,#7425);
#7424 = CARTESIAN_POINT('',(49.1,-48.65,11.9));
#7425 = VECTOR('',#7426,1.);
#7426 = DIRECTION('',(0.,0.,1.));
#7427 = PCURVE('',#6284,#7428);
#7428 = DEFINITIONAL_REPRESENTATION('',(#7429),#7433);
#7429 = LINE('',#7430,#7431);
#7430 = CARTESIAN_POINT('',(-0.,0.));
#7431 = VECTOR('',#7432,1.);
#7432 = DIRECTION('',(-0.,-1.));
#7433 = ( GEOMETRIC_REPRESENTATION_CONTEXT(2) 
PARAMETRIC_REPRESENTATION_CONTEXT() REPRESENTATION_CONTEXT('2D SPACE',''
  ) );
#7434 = PCURVE('',#6284,#7435);
#7435 = DEFINITIONAL_REPRESENTATION('',(#7436),#7440);
#7436 = LINE('',#7437,#7438);
#7437 = CARTESIAN_POINT('',(-6.28318530718,0.));
#7438 = VECTOR('',#7439,1.);
#7439 = DIRECTION('',(-0.,-1.));
#7440 = ( GEOMETRIC_REPRESENTATION_CONTEXT(2) 
PARAMETRIC_REPRESENTATION_CONTEXT() REPRESENTATION_CONTEXT('2D SPACE',''
  ) );
#7441 = ORIENTED_EDGE('',*,*,#6267,.T.);
#7442 = ORIENTED_EDGE('',*,*,#7421,.F.);
#7443 = ADVANCED_FACE('',(#7444,#7634),#6365,.F.);
#7444 = FACE_BOUND('',#7445,.F.);
#7445 = EDGE_LOOP('',(#7446,#7471,#7495,#7518,#7542,#7565,#7589,#7612));
#7446 = ORIENTED_EDGE('',*,*,#7447,.F.);
#7447 = EDGE_CURVE('',#7448,#7450,#7452,.T.);
#7448 = VERTEX_POINT('',#7449);
#7449 = CARTESIAN_POINT('',(-53.5,-48.5,25.8));
#7450 = VERTEX_POINT('',#7451);
#7451 = CARTESIAN_POINT('',(-53.5,48.5,25.8));
#7452 = SURFACE_CURVE('',#7453,(#7457,#7464),.PCURVE_S1.);
#7453 = LINE('',#7454,#7455);
#7454 = CARTESIAN_POINT('',(-53.5,0.,25.8));
#7455 = VECTOR('',#7456,1.);
#7456 = DIRECTION('',(0.,1.,0.));
#7457 = PCURVE('',#6365,#7458);
#7458 = DEFINITIONAL_REPRESENTATION('',(#7459),#7463);
#7459 = LINE('',#7460,#7461);
#7460 = CARTESIAN_POINT('',(-53.5,0.));
#7461 = VECTOR('',#7462,1.);
#7462 = DIRECTION('',(0.,1.));
#7463 = ( GEOMETRIC_REPRESENTATION_CONTEXT(2) 
PARAMETRIC_REPRESENTATION_CONTEXT() REPRESENTATION_CONTEXT('2D SPACE',''
  ) );
#7464 = PCURVE('',#6418,#7465);
#7465 = DEFINITIONAL_REPRESENTATION('',(#7466),#7470);
#7466 = LINE('',#7467,#7468);
#7467 = CARTESIAN_POINT('',(48.5,0.));
#7468 = VECTOR('',#7469,1.);
#7469 = DIRECTION('',(1.,0.));
#7470 = ( GEOMETRIC_REPRESENTATION_CONTEXT(2) 
PARAMETRIC_REPRESENTATION_CONTEXT() REPRESENTATION_CONTEXT('2D SPACE',''
  ) );
#7471 = ORIENTED_EDGE('',*,*,#7472,.T.);
#7472 = EDGE_CURVE('',#7448,#7473,#7475,.T.);
#7473 = VERTEX_POINT('',#7474);
#7474 = CARTESIAN_POINT('',(-47.,-55.,25.8));
#7475 = SURFACE_CURVE('',#7476,(#7481,#7488),.PCURVE_S1.);
#7476 = CIRCLE('',#7477,6.5);
#7477 = AXIS2_PLACEMENT_3D('',#7478,#7479,#7480);
#7478 = CARTESIAN_POINT('',(-47.,-48.5,25.8));
#7479 = DIRECTION('',(0.,0.,1.));
#7480 = DIRECTION('',(1.,0.,0.));
#7481 = PCURVE('',#6365,#7482);
#7482 = DEFINITIONAL_REPRESENTATION('',(#7483),#7487);
#7483 = CIRCLE('',#7484,6.5);
#7484 = AXIS2_PLACEMENT_2D('',#7485,#7486);
#7485 = CARTESIAN_POINT('',(-47.,-48.5));
#7486 = DIRECTION('',(1.,0.));
#7487 = ( GEOMETRIC_REPRESENTATION_CONTEXT(2) 
PARAMETRIC_REPRESENTATION_CONTEXT() REPRESENTATION_CONTEXT('2D SPACE',''
  ) );
#7488 = PCURVE('',#6447,#7489);
#7489 = DEFINITIONAL_REPRESENTATION('',(#7490),#7494);
#7490 = LINE('',#7491,#7492);
#7491 = CARTESIAN_POINT('',(-0.,0.));
#7492 = VECTOR('',#7493,1.);
#7493 = DIRECTION('',(-1.,0.));
#7494 = ( GEOMETRIC_REPRESENTATION_CONTEXT(2) 
PARAMETRIC_REPRESENTATION_CONTEXT() REPRESENTATION_CONTEXT('2D SPACE',''
  ) );
#7495 = ORIENTED_EDGE('',*,*,#7496,.T.);
#7496 = EDGE_CURVE('',#7473,#7497,#7499,.T.);
#7497 = VERTEX_POINT('',#7498);
#7498 = CARTESIAN_POINT('',(47.,-55.,25.8));
#7499 = SURFACE_CURVE('',#7500,(#7504,#7511),.PCURVE_S1.);
#7500 = LINE('',#7501,#7502);
#7501 = CARTESIAN_POINT('',(0.,-55.,25.8));
#7502 = VECTOR('',#7503,1.);
#7503 = DIRECTION('',(1.,0.,0.));
#7504 = PCURVE('',#6365,#7505);
#7505 = DEFINITIONAL_REPRESENTATION('',(#7506),#7510);
#7506 = LINE('',#7507,#7508);
#7507 = CARTESIAN_POINT('',(0.,-55.));
#7508 = VECTOR('',#7509,1.);
#7509 = DIRECTION('',(1.,0.));
#7510 = ( GEOMETRIC_REPRESENTATION_CONTEXT(2) 
PARAMETRIC_REPRESENTATION_CONTEXT() REPRESENTATION_CONTEXT('2D SPACE',''
  ) );
#7511 = PCURVE('',#6475,#7512);
#7512 = DEFINITIONAL_REPRESENTATION('',(#7513),#7517);
#7513 = LINE('',#7514,#7515);
#7514 = CARTESIAN_POINT('',(47.,0.));
#7515 = VECTOR('',#7516,1.);
#7516 = DIRECTION('',(1.,0.));
#7517 = ( GEOMETRIC_REPRESENTATION_CONTEXT(2) 
PARAMETRIC_REPRESENTATION_CONTEXT() REPRESENTATION_CONTEXT('2D SPACE',''
  ) );
#7518 = ORIENTED_EDGE('',*,*,#7519,.T.);
#7519 = EDGE_CURVE('',#7497,#7520,#7522,.T.);
#7520 = VERTEX_POINT('',#7521);
#7521 = CARTESIAN_POINT('',(53.5,-48.5,25.8));
#7522 = SURFACE_CURVE('',#7523,(#7528,#7535),.PCURVE_S1.);
#7523 = CIRCLE('',#7524,6.5);
#7524 = AXIS2_PLACEMENT_3D('',#7525,#7526,#7527);
#7525 = CARTESIAN_POINT('',(47.,-48.5,25.8));
#7526 = DIRECTION('',(0.,0.,1.));
#7527 = DIRECTION('',(1.,0.,0.));
#7528 = PCURVE('',#6365,#7529);
#7529 = DEFINITIONAL_REPRESENTATION('',(#7530),#7534);
#7530 = CIRCLE('',#7531,6.5);
#7531 = AXIS2_PLACEMENT_2D('',#7532,#7533);
#7532 = CARTESIAN_POINT('',(47.,-48.5));
#7533 = DIRECTION('',(1.,0.));
#7534 = ( GEOMETRIC_REPRESENTATION_CONTEXT(2) 
PARAMETRIC_REPRESENTATION_CONTEXT() REPRESENTATION_CONTEXT('2D SPACE',''
  ) );
#7535 = PCURVE('',#6504,#7536);
#7536 = DEFINITIONAL_REPRESENTATION('',(#7537),#7541);
#7537 = LINE('',#7538,#7539);
#7538 = CARTESIAN_POINT('',(-0.,0.));
#7539 = VECTOR('',#7540,1.);
#7540 = DIRECTION('',(-1.,0.));
#7541 = ( GEOMETRIC_REPRESENTATION_CONTEXT(2) 
PARAMETRIC_REPRESENTATION_CONTEXT() REPRESENTATION_CONTEXT('2D SPACE',''
  ) );
#7542 = ORIENTED_EDGE('',*,*,#7543,.T.);
#7543 = EDGE_CURVE('',#7520,#7544,#7546,.T.);
#7544 = VERTEX_POINT('',#7545);
#7545 = CARTESIAN_POINT('',(53.5,48.5,25.8));
#7546 = SURFACE_CURVE('',#7547,(#7551,#7558),.PCURVE_S1.);
#7547 = LINE('',#7548,#7549);
#7548 = CARTESIAN_POINT('',(53.5,0.,25.8));
#7549 = VECTOR('',#7550,1.);
#7550 = DIRECTION('',(0.,1.,0.));
#7551 = PCURVE('',#6365,#7552);
#7552 = DEFINITIONAL_REPRESENTATION('',(#7553),#7557);
#7553 = LINE('',#7554,#7555);
#7554 = CARTESIAN_POINT('',(53.5,0.));
#7555 = VECTOR('',#7556,1.);
#7556 = DIRECTION('',(0.,1.));
#7557 = ( GEOMETRIC_REPRESENTATION_CONTEXT(2) 
PARAMETRIC_REPRESENTATION_CONTEXT() REPRESENTATION_CONTEXT('2D SPACE',''
  ) );
#7558 = PCURVE('',#6532,#7559);
#7559 = DEFINITIONAL_REPRESENTATION('',(#7560),#7564);
#7560 = LINE('',#7561,#7562);
#7561 = CARTESIAN_POINT('',(48.5,0.));
#7562 = VECTOR('',#7563,1.);
#7563 = DIRECTION('',(1.,0.));
#7564 = ( GEOMETRIC_REPRESENTATION_CONTEXT(2) 
PARAMETRIC_REPRESENTATION_CONTEXT() REPRESENTATION_CONTEXT('2D SPACE',''
  ) );
#7565 = ORIENTED_EDGE('',*,*,#7566,.T.);
#7566 = EDGE_CURVE('',#7544,#7567,#7569,.T.);
#7567 = VERTEX_POINT('',#7568);
#7568 = CARTESIAN_POINT('',(47.,55.,25.8));
#7569 = SURFACE_CURVE('',#7570,(#7575,#7582),.PCURVE_S1.);
#7570 = CIRCLE('',#7571,6.5);
#7571 = AXIS2_PLACEMENT_3D('',#7572,#7573,#7574);
#7572 = CARTESIAN_POINT('',(47.,48.5,25.8));
#7573 = DIRECTION('',(0.,0.,1.));
#7574 = DIRECTION('',(1.,0.,0.));
#7575 = PCURVE('',#6365,#7576);
#7576 = DEFINITIONAL_REPRESENTATION('',(#7577),#7581);
#7577 = CIRCLE('',#7578,6.5);
#7578 = AXIS2_PLACEMENT_2D('',#7579,#7580);
#7579 = CARTESIAN_POINT('',(47.,48.5));
#7580 = DIRECTION('',(1.,0.));
#7581 = ( GEOMETRIC_REPRESENTATION_CONTEXT(2) 
PARAMETRIC_REPRESENTATION_CONTEXT() REPRESENTATION_CONTEXT('2D SPACE',''
  ) );
#7582 = PCURVE('',#6561,#7583);
#7583 = DEFINITIONAL_REPRESENTATION('',(#7584),#7588);
#7584 = LINE('',#7585,#7586);
#7585 = CARTESIAN_POINT('',(-0.,0.));
#7586 = VECTOR('',#7587,1.);
#7587 = DIRECTION('',(-1.,0.));
#7588 = ( GEOMETRIC_REPRESENTATION_CONTEXT(2) 
PARAMETRIC_REPRESENTATION_CONTEXT() REPRESENTATION_CONTEXT('2D SPACE',''
  ) );
#7589 = ORIENTED_EDGE('',*,*,#7590,.F.);
#7590 = EDGE_CURVE('',#7591,#7567,#7593,.T.);
#7591 = VERTEX_POINT('',#7592);
#7592 = CARTESIAN_POINT('',(-47.,55.,25.8));
#7593 = SURFACE_CURVE('',#7594,(#7598,#7605),.PCURVE_S1.);
#7594 = LINE('',#7595,#7596);
#7595 = CARTESIAN_POINT('',(0.,55.,25.8));
#7596 = VECTOR('',#7597,1.);
#7597 = DIRECTION('',(1.,0.,0.));
#7598 = PCURVE('',#6365,#7599);
#7599 = DEFINITIONAL_REPRESENTATION('',(#7600),#7604);
#7600 = LINE('',#7601,#7602);
#7601 = CARTESIAN_POINT('',(0.,55.));
#7602 = VECTOR('',#7603,1.);
#7603 = DIRECTION('',(1.,0.));
#7604 = ( GEOMETRIC_REPRESENTATION_CONTEXT(2) 
PARAMETRIC_REPRESENTATION_CONTEXT() REPRESENTATION_CONTEXT('2D SPACE',''
  ) );
#7605 = PCURVE('',#6589,#7606);
#7606 = DEFINITIONAL_REPRESENTATION('',(#7607),#7611);
#7607 = LINE('',#7608,#7609);
#7608 = CARTESIAN_POINT('',(47.,0.));
#7609 = VECTOR('',#7610,1.);
#7610 = DIRECTION('',(1.,0.));
#7611 = ( GEOMETRIC_REPRESENTATION_CONTEXT(2) 
PARAMETRIC_REPRESENTATION_CONTEXT() REPRESENTATION_CONTEXT('2D SPACE',''
  ) );
#7612 = ORIENTED_EDGE('',*,*,#7613,.T.);
#7613 = EDGE_CURVE('',#7591,#7450,#7614,.T.);
#7614 = SURFACE_CURVE('',#7615,(#7620,#7627),.PCURVE_S1.);
#7615 = CIRCLE('',#7616,6.5);
#7616 = AXIS2_PLACEMENT_3D('',#7617,#7618,#7619);
#7617 = CARTESIAN_POINT('',(-47.,48.5,25.8));
#7618 = DIRECTION('',(0.,0.,1.));
#7619 = DIRECTION('',(1.,0.,0.));
#7620 = PCURVE('',#6365,#7621);
#7621 = DEFINITIONAL_REPRESENTATION('',(#7622),#7626);
#7622 = CIRCLE('',#7623,6.5);
#7623 = AXIS2_PLACEMENT_2D('',#7624,#7625);
#7624 = CARTESIAN_POINT('',(-47.,48.5));
#7625 = DIRECTION('',(1.,0.));
#7626 = ( GEOMETRIC_REPRESENTATION_CONTEXT(2) 
PARAMETRIC_REPRESENTATION_CONTEXT() REPRESENTATION_CONTEXT('2D SPACE',''
  ) );
#7627 = PCURVE('',#6616,#7628);
#7628 = DEFINITIONAL_REPRESENTATION('',(#7629),#7633);
#7629 = LINE('',#7630,#7631);
#7630 = CARTESIAN_POINT('',(-0.,0.));
#7631 = VECTOR('',#7632,1.);
#7632 = DIRECTION('',(-1.,0.));
#7633 = ( GEOMETRIC_REPRESENTATION_CONTEXT(2) 
PARAMETRIC_REPRESENTATION_CONTEXT() REPRESENTATION_CONTEXT('2D SPACE',''
  ) );
#7634 = FACE_BOUND('',#7635,.F.);
#7635 = EDGE_LOOP('',(#7636,#7659,#7687,#7708,#7734,#7755,#7776,#7797,
    #7823,#7844,#7872,#7893,#7919,#7920,#7921,#7922,#7943,#7964,#7990,
    #8011));
#7636 = ORIENTED_EDGE('',*,*,#7637,.F.);
#7637 = EDGE_CURVE('',#7638,#7640,#7642,.T.);
#7638 = VERTEX_POINT('',#7639);
#7639 = CARTESIAN_POINT('',(-52.,48.5,25.8));
#7640 = VERTEX_POINT('',#7641);
#7641 = CARTESIAN_POINT('',(-52.,-48.5,25.8));
#7642 = SURFACE_CURVE('',#7643,(#7647,#7653),.PCURVE_S1.);
#7643 = LINE('',#7644,#7645);
#7644 = CARTESIAN_POINT('',(-52.,-24.25,25.8));
#7645 = VECTOR('',#7646,1.);
#7646 = DIRECTION('',(0.,-1.,0.));
#7647 = PCURVE('',#6365,#7648);
#7648 = DEFINITIONAL_REPRESENTATION('',(#7649),#7652);
#7649 = B_SPLINE_CURVE_WITH_KNOTS('',1,(#7650,#7651),.UNSPECIFIED.,.F.,
  .F.,(2,2),(-72.75,24.25),.PIECEWISE_BEZIER_KNOTS.);
#7650 = CARTESIAN_POINT('',(-52.,48.5));
#7651 = CARTESIAN_POINT('',(-52.,-48.5));
#7652 = ( GEOMETRIC_REPRESENTATION_CONTEXT(2) 
PARAMETRIC_REPRESENTATION_CONTEXT() REPRESENTATION_CONTEXT('2D SPACE',''
  ) );
#7653 = PCURVE('',#6924,#7654);
#7654 = DEFINITIONAL_REPRESENTATION('',(#7655),#7658);
#7655 = B_SPLINE_CURVE_WITH_KNOTS('',1,(#7656,#7657),.UNSPECIFIED.,.F.,
  .F.,(2,2),(-72.75,24.25),.PIECEWISE_BEZIER_KNOTS.);
#7656 = CARTESIAN_POINT('',(97.,-0.2));
#7657 = CARTESIAN_POINT('',(0.,-0.2));
#7658 = ( GEOMETRIC_REPRESENTATION_CONTEXT(2) 
PARAMETRIC_REPRESENTATION_CONTEXT() REPRESENTATION_CONTEXT('2D SPACE',''
  ) );
#7659 = ORIENTED_EDGE('',*,*,#7660,.T.);
#7660 = EDGE_CURVE('',#7638,#7661,#7663,.T.);
#7661 = VERTEX_POINT('',#7662);
#7662 = CARTESIAN_POINT('',(-48.95,53.104074282633,25.8));
#7663 = SURFACE_CURVE('',#7664,(#7669,#7680),.PCURVE_S1.);
#7664 = CIRCLE('',#7665,5.);
#7665 = AXIS2_PLACEMENT_3D('',#7666,#7667,#7668);
#7666 = CARTESIAN_POINT('',(-47.,48.5,25.8));
#7667 = DIRECTION('',(0.,0.,-1.));
#7668 = DIRECTION('',(1.,0.,0.));
#7669 = PCURVE('',#6365,#7670);
#7670 = DEFINITIONAL_REPRESENTATION('',(#7671),#7679);
#7671 = ( BOUNDED_CURVE() B_SPLINE_CURVE(2,(#7672,#7673,#7674,#7675,
#7676,#7677,#7678),.UNSPECIFIED.,.T.,.F.) B_SPLINE_CURVE_WITH_KNOTS((1,2
    ,2,2,2,1),(-2.094395102393,0.,2.094395102393,4.188790204786,
6.28318530718,8.377580409573),.UNSPECIFIED.) CURVE() 
GEOMETRIC_REPRESENTATION_ITEM() RATIONAL_B_SPLINE_CURVE((1.,0.5,1.,0.5,
1.,0.5,1.)) REPRESENTATION_ITEM('') );
#7672 = CARTESIAN_POINT('',(-42.,48.5));
#7673 = CARTESIAN_POINT('',(-42.,39.839745962156));
#7674 = CARTESIAN_POINT('',(-49.5,44.169872981078));
#7675 = CARTESIAN_POINT('',(-57.,48.5));
#7676 = CARTESIAN_POINT('',(-49.5,52.830127018922));
#7677 = CARTESIAN_POINT('',(-42.,57.160254037844));
#7678 = CARTESIAN_POINT('',(-42.,48.5));
#7679 = ( GEOMETRIC_REPRESENTATION_CONTEXT(2) 
PARAMETRIC_REPRESENTATION_CONTEXT() REPRESENTATION_CONTEXT('2D SPACE',''
  ) );
#7680 = PCURVE('',#6956,#7681);
#7681 = DEFINITIONAL_REPRESENTATION('',(#7682),#7686);
#7682 = LINE('',#7683,#7684);
#7683 = CARTESIAN_POINT('',(-6.28318530718,-0.2));
#7684 = VECTOR('',#7685,1.);
#7685 = DIRECTION('',(1.,-0.));
#7686 = ( GEOMETRIC_REPRESENTATION_CONTEXT(2) 
PARAMETRIC_REPRESENTATION_CONTEXT() REPRESENTATION_CONTEXT('2D SPACE',''
  ) );
#7687 = ORIENTED_EDGE('',*,*,#7688,.F.);
#7688 = EDGE_CURVE('',#7689,#7661,#7691,.T.);
#7689 = VERTEX_POINT('',#7690);
#7690 = CARTESIAN_POINT('',(-48.95,54.3,25.8));
#7691 = SURFACE_CURVE('',#7692,(#7696,#7702),.PCURVE_S1.);
#7692 = LINE('',#7693,#7694);
#7693 = CARTESIAN_POINT('',(-48.95,24.325,25.8));
#7694 = VECTOR('',#7695,1.);
#7695 = DIRECTION('',(-1.110223024625E-16,-1.,0.));
#7696 = PCURVE('',#6365,#7697);
#7697 = DEFINITIONAL_REPRESENTATION('',(#7698),#7701);
#7698 = B_SPLINE_CURVE_WITH_KNOTS('',1,(#7699,#7700),.UNSPECIFIED.,.F.,
  .F.,(2,2),(-29.975,-24.325),.PIECEWISE_BEZIER_KNOTS.);
#7699 = CARTESIAN_POINT('',(-48.95,54.3));
#7700 = CARTESIAN_POINT('',(-48.95,48.65));
#7701 = ( GEOMETRIC_REPRESENTATION_CONTEXT(2) 
PARAMETRIC_REPRESENTATION_CONTEXT() REPRESENTATION_CONTEXT('2D SPACE',''
  ) );
#7702 = PCURVE('',#6984,#7703);
#7703 = DEFINITIONAL_REPRESENTATION('',(#7704),#7707);
#7704 = B_SPLINE_CURVE_WITH_KNOTS('',1,(#7705,#7706),.UNSPECIFIED.,.F.,
  .F.,(2,2),(-29.975,-24.325),.PIECEWISE_BEZIER_KNOTS.);
#7705 = CARTESIAN_POINT('',(1.,5.65));
#7706 = CARTESIAN_POINT('',(1.,0.));
#7707 = ( GEOMETRIC_REPRESENTATION_CONTEXT(2) 
PARAMETRIC_REPRESENTATION_CONTEXT() REPRESENTATION_CONTEXT('2D SPACE',''
  ) );
#7708 = ORIENTED_EDGE('',*,*,#7709,.F.);
#7709 = EDGE_CURVE('',#7710,#7689,#7712,.T.);
#7710 = VERTEX_POINT('',#7711);
#7711 = CARTESIAN_POINT('',(-43.45,54.3,25.8));
#7712 = SURFACE_CURVE('',#7713,(#7717,#7723),.PCURVE_S1.);
#7713 = LINE('',#7714,#7715);
#7714 = CARTESIAN_POINT('',(-21.725,54.3,25.8));
#7715 = VECTOR('',#7716,1.);
#7716 = DIRECTION('',(-1.,1.110223024625E-16,0.));
#7717 = PCURVE('',#6365,#7718);
#7718 = DEFINITIONAL_REPRESENTATION('',(#7719),#7722);
#7719 = B_SPLINE_CURVE_WITH_KNOTS('',1,(#7720,#7721),.UNSPECIFIED.,.F.,
  .F.,(2,2),(21.725,27.225),.PIECEWISE_BEZIER_KNOTS.);
#7720 = CARTESIAN_POINT('',(-43.45,54.3));
#7721 = CARTESIAN_POINT('',(-48.95,54.3));
#7722 = ( GEOMETRIC_REPRESENTATION_CONTEXT(2) 
PARAMETRIC_REPRESENTATION_CONTEXT() REPRESENTATION_CONTEXT('2D SPACE',''
  ) );
#7723 = PCURVE('',#7724,#7729);
#7724 = PLANE('',#7725);
#7725 = AXIS2_PLACEMENT_3D('',#7726,#7727,#7728);
#7726 = CARTESIAN_POINT('',(-43.45,54.3,24.8));
#7727 = DIRECTION('',(1.110223024625E-16,1.,0.));
#7728 = DIRECTION('',(0.,0.,1.));
#7729 = DEFINITIONAL_REPRESENTATION('',(#7730),#7733);
#7730 = B_SPLINE_CURVE_WITH_KNOTS('',1,(#7731,#7732),.UNSPECIFIED.,.F.,
  .F.,(2,2),(21.725,27.225),.PIECEWISE_BEZIER_KNOTS.);
#7731 = CARTESIAN_POINT('',(1.,0.));
#7732 = CARTESIAN_POINT('',(1.,-5.5));
#7733 = ( GEOMETRIC_REPRESENTATION_CONTEXT(2) 
PARAMETRIC_REPRESENTATION_CONTEXT() REPRESENTATION_CONTEXT('2D SPACE',''
  ) );
#7734 = ORIENTED_EDGE('',*,*,#7735,.T.);
#7735 = EDGE_CURVE('',#7710,#7736,#7738,.T.);
#7736 = VERTEX_POINT('',#7737);
#7737 = CARTESIAN_POINT('',(-43.45,53.5,25.8));
#7738 = SURFACE_CURVE('',#7739,(#7743,#7749),.PCURVE_S1.);
#7739 = LINE('',#7740,#7741);
#7740 = CARTESIAN_POINT('',(-43.45,24.325,25.8));
#7741 = VECTOR('',#7742,1.);
#7742 = DIRECTION('',(-1.110223024625E-16,-1.,0.));
#7743 = PCURVE('',#6365,#7744);
#7744 = DEFINITIONAL_REPRESENTATION('',(#7745),#7748);
#7745 = B_SPLINE_CURVE_WITH_KNOTS('',1,(#7746,#7747),.UNSPECIFIED.,.F.,
  .F.,(2,2),(-29.975,-24.325),.PIECEWISE_BEZIER_KNOTS.);
#7746 = CARTESIAN_POINT('',(-43.45,54.3));
#7747 = CARTESIAN_POINT('',(-43.45,48.65));
#7748 = ( GEOMETRIC_REPRESENTATION_CONTEXT(2) 
PARAMETRIC_REPRESENTATION_CONTEXT() REPRESENTATION_CONTEXT('2D SPACE',''
  ) );
#7749 = PCURVE('',#7045,#7750);
#7750 = DEFINITIONAL_REPRESENTATION('',(#7751),#7754);
#7751 = B_SPLINE_CURVE_WITH_KNOTS('',1,(#7752,#7753),.UNSPECIFIED.,.F.,
  .F.,(2,2),(-29.975,-24.325),.PIECEWISE_BEZIER_KNOTS.);
#7752 = CARTESIAN_POINT('',(1.,5.65));
#7753 = CARTESIAN_POINT('',(1.,0.));
#7754 = ( GEOMETRIC_REPRESENTATION_CONTEXT(2) 
PARAMETRIC_REPRESENTATION_CONTEXT() REPRESENTATION_CONTEXT('2D SPACE',''
  ) );
#7755 = ORIENTED_EDGE('',*,*,#7756,.F.);
#7756 = EDGE_CURVE('',#7757,#7736,#7759,.T.);
#7757 = VERTEX_POINT('',#7758);
#7758 = CARTESIAN_POINT('',(43.45,53.5,25.8));
#7759 = SURFACE_CURVE('',#7760,(#7764,#7770),.PCURVE_S1.);
#7760 = LINE('',#7761,#7762);
#7761 = CARTESIAN_POINT('',(-23.5,53.5,25.8));
#7762 = VECTOR('',#7763,1.);
#7763 = DIRECTION('',(-1.,0.,0.));
#7764 = PCURVE('',#6365,#7765);
#7765 = DEFINITIONAL_REPRESENTATION('',(#7766),#7769);
#7766 = B_SPLINE_CURVE_WITH_KNOTS('',1,(#7767,#7768),.UNSPECIFIED.,.F.,
  .F.,(2,2),(-70.5,23.5),.PIECEWISE_BEZIER_KNOTS.);
#7767 = CARTESIAN_POINT('',(47.,53.5));
#7768 = CARTESIAN_POINT('',(-47.,53.5));
#7769 = ( GEOMETRIC_REPRESENTATION_CONTEXT(2) 
PARAMETRIC_REPRESENTATION_CONTEXT() REPRESENTATION_CONTEXT('2D SPACE',''
  ) );
#7770 = PCURVE('',#7073,#7771);
#7771 = DEFINITIONAL_REPRESENTATION('',(#7772),#7775);
#7772 = B_SPLINE_CURVE_WITH_KNOTS('',1,(#7773,#7774),.UNSPECIFIED.,.F.,
  .F.,(2,2),(-70.5,23.5),.PIECEWISE_BEZIER_KNOTS.);
#7773 = CARTESIAN_POINT('',(94.,-0.2));
#7774 = CARTESIAN_POINT('',(0.,-0.2));
#7775 = ( GEOMETRIC_REPRESENTATION_CONTEXT(2) 
PARAMETRIC_REPRESENTATION_CONTEXT() REPRESENTATION_CONTEXT('2D SPACE',''
  ) );
#7776 = ORIENTED_EDGE('',*,*,#7777,.F.);
#7777 = EDGE_CURVE('',#7778,#7757,#7780,.T.);
#7778 = VERTEX_POINT('',#7779);
#7779 = CARTESIAN_POINT('',(43.45,54.3,25.8));
#7780 = SURFACE_CURVE('',#7781,(#7785,#7791),.PCURVE_S1.);
#7781 = LINE('',#7782,#7783);
#7782 = CARTESIAN_POINT('',(43.45,24.325,25.8));
#7783 = VECTOR('',#7784,1.);
#7784 = DIRECTION('',(-1.110223024625E-16,-1.,0.));
#7785 = PCURVE('',#6365,#7786);
#7786 = DEFINITIONAL_REPRESENTATION('',(#7787),#7790);
#7787 = B_SPLINE_CURVE_WITH_KNOTS('',1,(#7788,#7789),.UNSPECIFIED.,.F.,
  .F.,(2,2),(-29.975,-24.325),.PIECEWISE_BEZIER_KNOTS.);
#7788 = CARTESIAN_POINT('',(43.45,54.3));
#7789 = CARTESIAN_POINT('',(43.45,48.65));
#7790 = ( GEOMETRIC_REPRESENTATION_CONTEXT(2) 
PARAMETRIC_REPRESENTATION_CONTEXT() REPRESENTATION_CONTEXT('2D SPACE',''
  ) );
#7791 = PCURVE('',#7100,#7792);
#7792 = DEFINITIONAL_REPRESENTATION('',(#7793),#7796);
#7793 = B_SPLINE_CURVE_WITH_KNOTS('',1,(#7794,#7795),.UNSPECIFIED.,.F.,
  .F.,(2,2),(-29.975,-24.325),.PIECEWISE_BEZIER_KNOTS.);
#7794 = CARTESIAN_POINT('',(1.,5.65));
#7795 = CARTESIAN_POINT('',(1.,0.));
#7796 = ( GEOMETRIC_REPRESENTATION_CONTEXT(2) 
PARAMETRIC_REPRESENTATION_CONTEXT() REPRESENTATION_CONTEXT('2D SPACE',''
  ) );
#7797 = ORIENTED_EDGE('',*,*,#7798,.F.);
#7798 = EDGE_CURVE('',#7799,#7778,#7801,.T.);
#7799 = VERTEX_POINT('',#7800);
#7800 = CARTESIAN_POINT('',(48.95,54.3,25.8));
#7801 = SURFACE_CURVE('',#7802,(#7806,#7812),.PCURVE_S1.);
#7802 = LINE('',#7803,#7804);
#7803 = CARTESIAN_POINT('',(24.475,54.3,25.8));
#7804 = VECTOR('',#7805,1.);
#7805 = DIRECTION('',(-1.,1.110223024625E-16,0.));
#7806 = PCURVE('',#6365,#7807);
#7807 = DEFINITIONAL_REPRESENTATION('',(#7808),#7811);
#7808 = B_SPLINE_CURVE_WITH_KNOTS('',1,(#7809,#7810),.UNSPECIFIED.,.F.,
  .F.,(2,2),(-24.475,-18.975),.PIECEWISE_BEZIER_KNOTS.);
#7809 = CARTESIAN_POINT('',(48.95,54.3));
#7810 = CARTESIAN_POINT('',(43.45,54.3));
#7811 = ( GEOMETRIC_REPRESENTATION_CONTEXT(2) 
PARAMETRIC_REPRESENTATION_CONTEXT() REPRESENTATION_CONTEXT('2D SPACE',''
  ) );
#7812 = PCURVE('',#7813,#7818);
#7813 = PLANE('',#7814);
#7814 = AXIS2_PLACEMENT_3D('',#7815,#7816,#7817);
#7815 = CARTESIAN_POINT('',(48.95,54.3,24.8));
#7816 = DIRECTION('',(1.110223024625E-16,1.,0.));
#7817 = DIRECTION('',(0.,0.,1.));
#7818 = DEFINITIONAL_REPRESENTATION('',(#7819),#7822);
#7819 = B_SPLINE_CURVE_WITH_KNOTS('',1,(#7820,#7821),.UNSPECIFIED.,.F.,
  .F.,(2,2),(-24.475,-18.975),.PIECEWISE_BEZIER_KNOTS.);
#7820 = CARTESIAN_POINT('',(1.,0.));
#7821 = CARTESIAN_POINT('',(1.,-5.5));
#7822 = ( GEOMETRIC_REPRESENTATION_CONTEXT(2) 
PARAMETRIC_REPRESENTATION_CONTEXT() REPRESENTATION_CONTEXT('2D SPACE',''
  ) );
#7823 = ORIENTED_EDGE('',*,*,#7824,.T.);
#7824 = EDGE_CURVE('',#7799,#7825,#7827,.T.);
#7825 = VERTEX_POINT('',#7826);
#7826 = CARTESIAN_POINT('',(48.95,53.104074282633,25.8));
#7827 = SURFACE_CURVE('',#7828,(#7832,#7838),.PCURVE_S1.);
#7828 = LINE('',#7829,#7830);
#7829 = CARTESIAN_POINT('',(48.95,24.325,25.8));
#7830 = VECTOR('',#7831,1.);
#7831 = DIRECTION('',(-1.110223024625E-16,-1.,0.));
#7832 = PCURVE('',#6365,#7833);
#7833 = DEFINITIONAL_REPRESENTATION('',(#7834),#7837);
#7834 = B_SPLINE_CURVE_WITH_KNOTS('',1,(#7835,#7836),.UNSPECIFIED.,.F.,
  .F.,(2,2),(-29.975,-24.325),.PIECEWISE_BEZIER_KNOTS.);
#7835 = CARTESIAN_POINT('',(48.95,54.3));
#7836 = CARTESIAN_POINT('',(48.95,48.65));
#7837 = ( GEOMETRIC_REPRESENTATION_CONTEXT(2) 
PARAMETRIC_REPRESENTATION_CONTEXT() REPRESENTATION_CONTEXT('2D SPACE',''
  ) );
#7838 = PCURVE('',#7161,#7839);
#7839 = DEFINITIONAL_REPRESENTATION('',(#7840),#7843);
#7840 = B_SPLINE_CURVE_WITH_KNOTS('',1,(#7841,#7842),.UNSPECIFIED.,.F.,
  .F.,(2,2),(-29.975,-24.325),.PIECEWISE_BEZIER_KNOTS.);
#7841 = CARTESIAN_POINT('',(1.,5.65));
#7842 = CARTESIAN_POINT('',(1.,0.));
#7843 = ( GEOMETRIC_REPRESENTATION_CONTEXT(2) 
PARAMETRIC_REPRESENTATION_CONTEXT() REPRESENTATION_CONTEXT('2D SPACE',''
  ) );
#7844 = ORIENTED_EDGE('',*,*,#7845,.T.);
#7845 = EDGE_CURVE('',#7825,#7846,#7848,.T.);
#7846 = VERTEX_POINT('',#7847);
#7847 = CARTESIAN_POINT('',(52.,48.5,25.8));
#7848 = SURFACE_CURVE('',#7849,(#7854,#7865),.PCURVE_S1.);
#7849 = CIRCLE('',#7850,5.);
#7850 = AXIS2_PLACEMENT_3D('',#7851,#7852,#7853);
#7851 = CARTESIAN_POINT('',(47.,48.5,25.8));
#7852 = DIRECTION('',(0.,0.,-1.));
#7853 = DIRECTION('',(1.,0.,0.));
#7854 = PCURVE('',#6365,#7855);
#7855 = DEFINITIONAL_REPRESENTATION('',(#7856),#7864);
#7856 = ( BOUNDED_CURVE() B_SPLINE_CURVE(2,(#7857,#7858,#7859,#7860,
#7861,#7862,#7863),.UNSPECIFIED.,.T.,.F.) B_SPLINE_CURVE_WITH_KNOTS((1,2
    ,2,2,2,1),(-2.094395102393,0.,2.094395102393,4.188790204786,
6.28318530718,8.377580409573),.UNSPECIFIED.) CURVE() 
GEOMETRIC_REPRESENTATION_ITEM() RATIONAL_B_SPLINE_CURVE((1.,0.5,1.,0.5,
1.,0.5,1.)) REPRESENTATION_ITEM('') );
#7857 = CARTESIAN_POINT('',(52.,48.5));
#7858 = CARTESIAN_POINT('',(52.,39.839745962156));
#7859 = CARTESIAN_POINT('',(44.5,44.169872981078));
#7860 = CARTESIAN_POINT('',(37.,48.5));
#7861 = CARTESIAN_POINT('',(44.5,52.830127018922));
#7862 = CARTESIAN_POINT('',(52.,57.160254037844));
#7863 = CARTESIAN_POINT('',(52.,48.5));
#7864 = ( GEOMETRIC_REPRESENTATION_CONTEXT(2) 
PARAMETRIC_REPRESENTATION_CONTEXT() REPRESENTATION_CONTEXT('2D SPACE',''
  ) );
#7865 = PCURVE('',#7194,#7866);
#7866 = DEFINITIONAL_REPRESENTATION('',(#7867),#7871);
#7867 = LINE('',#7868,#7869);
#7868 = CARTESIAN_POINT('',(-6.28318530718,-0.2));
#7869 = VECTOR('',#7870,1.);
#7870 = DIRECTION('',(1.,-0.));
#7871 = ( GEOMETRIC_REPRESENTATION_CONTEXT(2) 
PARAMETRIC_REPRESENTATION_CONTEXT() REPRESENTATION_CONTEXT('2D SPACE',''
  ) );
#7872 = ORIENTED_EDGE('',*,*,#7873,.T.);
#7873 = EDGE_CURVE('',#7846,#7874,#7876,.T.);
#7874 = VERTEX_POINT('',#7875);
#7875 = CARTESIAN_POINT('',(52.,-48.5,25.8));
#7876 = SURFACE_CURVE('',#7877,(#7881,#7887),.PCURVE_S1.);
#7877 = LINE('',#7878,#7879);
#7878 = CARTESIAN_POINT('',(52.,-24.25,25.8));
#7879 = VECTOR('',#7880,1.);
#7880 = DIRECTION('',(0.,-1.,0.));
#7881 = PCURVE('',#6365,#7882);
#7882 = DEFINITIONAL_REPRESENTATION('',(#7883),#7886);
#7883 = B_SPLINE_CURVE_WITH_KNOTS('',1,(#7884,#7885),.UNSPECIFIED.,.F.,
  .F.,(2,2),(-72.75,24.25),.PIECEWISE_BEZIER_KNOTS.);
#7884 = CARTESIAN_POINT('',(52.,48.5));
#7885 = CARTESIAN_POINT('',(52.,-48.5));
#7886 = ( GEOMETRIC_REPRESENTATION_CONTEXT(2) 
PARAMETRIC_REPRESENTATION_CONTEXT() REPRESENTATION_CONTEXT('2D SPACE',''
  ) );
#7887 = PCURVE('',#7222,#7888);
#7888 = DEFINITIONAL_REPRESENTATION('',(#7889),#7892);
#7889 = B_SPLINE_CURVE_WITH_KNOTS('',1,(#7890,#7891),.UNSPECIFIED.,.F.,
  .F.,(2,2),(-72.75,24.25),.PIECEWISE_BEZIER_KNOTS.);
#7890 = CARTESIAN_POINT('',(97.,-0.2));
#7891 = CARTESIAN_POINT('',(0.,-0.2));
#7892 = ( GEOMETRIC_REPRESENTATION_CONTEXT(2) 
PARAMETRIC_REPRESENTATION_CONTEXT() REPRESENTATION_CONTEXT('2D SPACE',''
  ) );
#7893 = ORIENTED_EDGE('',*,*,#7894,.T.);
#7894 = EDGE_CURVE('',#7874,#6325,#7895,.T.);
#7895 = SURFACE_CURVE('',#7896,(#7901,#7912),.PCURVE_S1.);
#7896 = CIRCLE('',#7897,5.);
#7897 = AXIS2_PLACEMENT_3D('',#7898,#7899,#7900);
#7898 = CARTESIAN_POINT('',(47.,-48.5,25.8));
#7899 = DIRECTION('',(0.,0.,-1.));
#7900 = DIRECTION('',(1.,0.,0.));
#7901 = PCURVE('',#6365,#7902);
#7902 = DEFINITIONAL_REPRESENTATION('',(#7903),#7911);
#7903 = ( BOUNDED_CURVE() B_SPLINE_CURVE(2,(#7904,#7905,#7906,#7907,
#7908,#7909,#7910),.UNSPECIFIED.,.T.,.F.) B_SPLINE_CURVE_WITH_KNOTS((1,2
    ,2,2,2,1),(-2.094395102393,0.,2.094395102393,4.188790204786,
6.28318530718,8.377580409573),.UNSPECIFIED.) CURVE() 
GEOMETRIC_REPRESENTATION_ITEM() RATIONAL_B_SPLINE_CURVE((1.,0.5,1.,0.5,
1.,0.5,1.)) REPRESENTATION_ITEM('') );
#7904 = CARTESIAN_POINT('',(52.,-48.5));
#7905 = CARTESIAN_POINT('',(52.,-57.16025403784));
#7906 = CARTESIAN_POINT('',(44.5,-52.83012701892));
#7907 = CARTESIAN_POINT('',(37.,-48.5));
#7908 = CARTESIAN_POINT('',(44.5,-44.16987298107));
#7909 = CARTESIAN_POINT('',(52.,-39.83974596215));
#7910 = CARTESIAN_POINT('',(52.,-48.5));
#7911 = ( GEOMETRIC_REPRESENTATION_CONTEXT(2) 
PARAMETRIC_REPRESENTATION_CONTEXT() REPRESENTATION_CONTEXT('2D SPACE',''
  ) );
#7912 = PCURVE('',#6339,#7913);
#7913 = DEFINITIONAL_REPRESENTATION('',(#7914),#7918);
#7914 = LINE('',#7915,#7916);
#7915 = CARTESIAN_POINT('',(-6.28318530718,-0.2));
#7916 = VECTOR('',#7917,1.);
#7917 = DIRECTION('',(1.,-0.));
#7918 = ( GEOMETRIC_REPRESENTATION_CONTEXT(2) 
PARAMETRIC_REPRESENTATION_CONTEXT() REPRESENTATION_CONTEXT('2D SPACE',''
  ) );
#7919 = ORIENTED_EDGE('',*,*,#6350,.F.);
#7920 = ORIENTED_EDGE('',*,*,#7370,.F.);
#7921 = ORIENTED_EDGE('',*,*,#7322,.T.);
#7922 = ORIENTED_EDGE('',*,*,#7923,.T.);
#7923 = EDGE_CURVE('',#7302,#7924,#7926,.T.);
#7924 = VERTEX_POINT('',#7925);
#7925 = CARTESIAN_POINT('',(-43.45,-53.5,25.8));
#7926 = SURFACE_CURVE('',#7927,(#7931,#7937),.PCURVE_S1.);
#7927 = LINE('',#7928,#7929);
#7928 = CARTESIAN_POINT('',(-23.5,-53.5,25.8));
#7929 = VECTOR('',#7930,1.);
#7930 = DIRECTION('',(-1.,0.,0.));
#7931 = PCURVE('',#6365,#7932);
#7932 = DEFINITIONAL_REPRESENTATION('',(#7933),#7936);
#7933 = B_SPLINE_CURVE_WITH_KNOTS('',1,(#7934,#7935),.UNSPECIFIED.,.F.,
  .F.,(2,2),(-70.5,23.5),.PIECEWISE_BEZIER_KNOTS.);
#7934 = CARTESIAN_POINT('',(47.,-53.5));
#7935 = CARTESIAN_POINT('',(-47.,-53.5));
#7936 = ( GEOMETRIC_REPRESENTATION_CONTEXT(2) 
PARAMETRIC_REPRESENTATION_CONTEXT() REPRESENTATION_CONTEXT('2D SPACE',''
  ) );
#7937 = PCURVE('',#6775,#7938);
#7938 = DEFINITIONAL_REPRESENTATION('',(#7939),#7942);
#7939 = B_SPLINE_CURVE_WITH_KNOTS('',1,(#7940,#7941),.UNSPECIFIED.,.F.,
  .F.,(2,2),(-70.5,23.5),.PIECEWISE_BEZIER_KNOTS.);
#7940 = CARTESIAN_POINT('',(94.,-0.2));
#7941 = CARTESIAN_POINT('',(0.,-0.2));
#7942 = ( GEOMETRIC_REPRESENTATION_CONTEXT(2) 
PARAMETRIC_REPRESENTATION_CONTEXT() REPRESENTATION_CONTEXT('2D SPACE',''
  ) );
#7943 = ORIENTED_EDGE('',*,*,#7944,.F.);
#7944 = EDGE_CURVE('',#7945,#7924,#7947,.T.);
#7945 = VERTEX_POINT('',#7946);
#7946 = CARTESIAN_POINT('',(-43.45,-54.3,25.8));
#7947 = SURFACE_CURVE('',#7948,(#7952,#7958),.PCURVE_S1.);
#7948 = LINE('',#7949,#7950);
#7949 = CARTESIAN_POINT('',(-43.45,-24.325,25.8));
#7950 = VECTOR('',#7951,1.);
#7951 = DIRECTION('',(-1.110223024625E-16,1.,0.));
#7952 = PCURVE('',#6365,#7953);
#7953 = DEFINITIONAL_REPRESENTATION('',(#7954),#7957);
#7954 = B_SPLINE_CURVE_WITH_KNOTS('',1,(#7955,#7956),.UNSPECIFIED.,.F.,
  .F.,(2,2),(-29.975,-24.325),.PIECEWISE_BEZIER_KNOTS.);
#7955 = CARTESIAN_POINT('',(-43.45,-54.3));
#7956 = CARTESIAN_POINT('',(-43.45,-48.65));
#7957 = ( GEOMETRIC_REPRESENTATION_CONTEXT(2) 
PARAMETRIC_REPRESENTATION_CONTEXT() REPRESENTATION_CONTEXT('2D SPACE',''
  ) );
#7958 = PCURVE('',#6802,#7959);
#7959 = DEFINITIONAL_REPRESENTATION('',(#7960),#7963);
#7960 = B_SPLINE_CURVE_WITH_KNOTS('',1,(#7961,#7962),.UNSPECIFIED.,.F.,
  .F.,(2,2),(-29.975,-24.325),.PIECEWISE_BEZIER_KNOTS.);
#7961 = CARTESIAN_POINT('',(1.,5.65));
#7962 = CARTESIAN_POINT('',(1.,0.));
#7963 = ( GEOMETRIC_REPRESENTATION_CONTEXT(2) 
PARAMETRIC_REPRESENTATION_CONTEXT() REPRESENTATION_CONTEXT('2D SPACE',''
  ) );
#7964 = ORIENTED_EDGE('',*,*,#7965,.F.);
#7965 = EDGE_CURVE('',#7966,#7945,#7968,.T.);
#7966 = VERTEX_POINT('',#7967);
#7967 = CARTESIAN_POINT('',(-48.95,-54.3,25.8));
#7968 = SURFACE_CURVE('',#7969,(#7973,#7979),.PCURVE_S1.);
#7969 = LINE('',#7970,#7971);
#7970 = CARTESIAN_POINT('',(-24.475,-54.3,25.8));
#7971 = VECTOR('',#7972,1.);
#7972 = DIRECTION('',(1.,1.110223024625E-16,-0.));
#7973 = PCURVE('',#6365,#7974);
#7974 = DEFINITIONAL_REPRESENTATION('',(#7975),#7978);
#7975 = B_SPLINE_CURVE_WITH_KNOTS('',1,(#7976,#7977),.UNSPECIFIED.,.F.,
  .F.,(2,2),(-24.475,-18.975),.PIECEWISE_BEZIER_KNOTS.);
#7976 = CARTESIAN_POINT('',(-48.95,-54.3));
#7977 = CARTESIAN_POINT('',(-43.45,-54.3));
#7978 = ( GEOMETRIC_REPRESENTATION_CONTEXT(2) 
PARAMETRIC_REPRESENTATION_CONTEXT() REPRESENTATION_CONTEXT('2D SPACE',''
  ) );
#7979 = PCURVE('',#7980,#7985);
#7980 = PLANE('',#7981);
#7981 = AXIS2_PLACEMENT_3D('',#7982,#7983,#7984);
#7982 = CARTESIAN_POINT('',(-48.95,-54.3,24.8));
#7983 = DIRECTION('',(1.110223024625E-16,-1.,0.));
#7984 = DIRECTION('',(0.,0.,1.));
#7985 = DEFINITIONAL_REPRESENTATION('',(#7986),#7989);
#7986 = B_SPLINE_CURVE_WITH_KNOTS('',1,(#7987,#7988),.UNSPECIFIED.,.F.,
  .F.,(2,2),(-24.475,-18.975),.PIECEWISE_BEZIER_KNOTS.);
#7987 = CARTESIAN_POINT('',(1.,0.));
#7988 = CARTESIAN_POINT('',(1.,-5.5));
#7989 = ( GEOMETRIC_REPRESENTATION_CONTEXT(2) 
PARAMETRIC_REPRESENTATION_CONTEXT() REPRESENTATION_CONTEXT('2D SPACE',''
  ) );
#7990 = ORIENTED_EDGE('',*,*,#7991,.T.);
#7991 = EDGE_CURVE('',#7966,#7992,#7994,.T.);
#7992 = VERTEX_POINT('',#7993);
#7993 = CARTESIAN_POINT('',(-48.95,-53.10407428263,25.8));
#7994 = SURFACE_CURVE('',#7995,(#7999,#8005),.PCURVE_S1.);
#7995 = LINE('',#7996,#7997);
#7996 = CARTESIAN_POINT('',(-48.95,-24.325,25.8));
#7997 = VECTOR('',#7998,1.);
#7998 = DIRECTION('',(-1.110223024625E-16,1.,0.));
#7999 = PCURVE('',#6365,#8000);
#8000 = DEFINITIONAL_REPRESENTATION('',(#8001),#8004);
#8001 = B_SPLINE_CURVE_WITH_KNOTS('',1,(#8002,#8003),.UNSPECIFIED.,.F.,
  .F.,(2,2),(-29.975,-24.325),.PIECEWISE_BEZIER_KNOTS.);
#8002 = CARTESIAN_POINT('',(-48.95,-54.3));
#8003 = CARTESIAN_POINT('',(-48.95,-48.65));
#8004 = ( GEOMETRIC_REPRESENTATION_CONTEXT(2) 
PARAMETRIC_REPRESENTATION_CONTEXT() REPRESENTATION_CONTEXT('2D SPACE',''
  ) );
#8005 = PCURVE('',#6863,#8006);
#8006 = DEFINITIONAL_REPRESENTATION('',(#8007),#8010);
#8007 = B_SPLINE_CURVE_WITH_KNOTS('',1,(#8008,#8009),.UNSPECIFIED.,.F.,
  .F.,(2,2),(-29.975,-24.325),.PIECEWISE_BEZIER_KNOTS.);
#8008 = CARTESIAN_POINT('',(1.,5.65));
#8009 = CARTESIAN_POINT('',(1.,0.));
#8010 = ( GEOMETRIC_REPRESENTATION_CONTEXT(2) 
PARAMETRIC_REPRESENTATION_CONTEXT() REPRESENTATION_CONTEXT('2D SPACE',''
  ) );
#8011 = ORIENTED_EDGE('',*,*,#8012,.T.);
#8012 = EDGE_CURVE('',#7992,#7640,#8013,.T.);
#8013 = SURFACE_CURVE('',#8014,(#8019,#8030),.PCURVE_S1.);
#8014 = CIRCLE('',#8015,5.);
#8015 = AXIS2_PLACEMENT_3D('',#8016,#8017,#8018);
#8016 = CARTESIAN_POINT('',(-47.,-48.5,25.8));
#8017 = DIRECTION('',(0.,0.,-1.));
#8018 = DIRECTION('',(1.,0.,0.));
#8019 = PCURVE('',#6365,#8020);
#8020 = DEFINITIONAL_REPRESENTATION('',(#8021),#8029);
#8021 = ( BOUNDED_CURVE() B_SPLINE_CURVE(2,(#8022,#8023,#8024,#8025,
#8026,#8027,#8028),.UNSPECIFIED.,.T.,.F.) B_SPLINE_CURVE_WITH_KNOTS((1,2
    ,2,2,2,1),(-2.094395102393,0.,2.094395102393,4.188790204786,
6.28318530718,8.377580409573),.UNSPECIFIED.) CURVE() 
GEOMETRIC_REPRESENTATION_ITEM() RATIONAL_B_SPLINE_CURVE((1.,0.5,1.,0.5,
1.,0.5,1.)) REPRESENTATION_ITEM('') );
#8022 = CARTESIAN_POINT('',(-42.,-48.5));
#8023 = CARTESIAN_POINT('',(-42.,-57.16025403784));
#8024 = CARTESIAN_POINT('',(-49.5,-52.83012701892));
#8025 = CARTESIAN_POINT('',(-57.,-48.5));
#8026 = CARTESIAN_POINT('',(-49.5,-44.16987298107));
#8027 = CARTESIAN_POINT('',(-42.,-39.83974596215));
#8028 = CARTESIAN_POINT('',(-42.,-48.5));
#8029 = ( GEOMETRIC_REPRESENTATION_CONTEXT(2) 
PARAMETRIC_REPRESENTATION_CONTEXT() REPRESENTATION_CONTEXT('2D SPACE',''
  ) );
#8030 = PCURVE('',#6896,#8031);
#8031 = DEFINITIONAL_REPRESENTATION('',(#8032),#8036);
#8032 = LINE('',#8033,#8034);
#8033 = CARTESIAN_POINT('',(-6.28318530718,-0.2));
#8034 = VECTOR('',#8035,1.);
#8035 = DIRECTION('',(1.,-0.));
#8036 = ( GEOMETRIC_REPRESENTATION_CONTEXT(2) 
PARAMETRIC_REPRESENTATION_CONTEXT() REPRESENTATION_CONTEXT('2D SPACE',''
  ) );
#8037 = ADVANCED_FACE('',(#8038),#6339,.F.);
#8038 = FACE_BOUND('',#8039,.T.);
#8039 = EDGE_LOOP('',(#8040,#8061,#8062,#8063));
#8040 = ORIENTED_EDGE('',*,*,#8041,.F.);
#8041 = EDGE_CURVE('',#7874,#7207,#8042,.T.);
#8042 = SURFACE_CURVE('',#8043,(#8047,#8054),.PCURVE_S1.);
#8043 = LINE('',#8044,#8045);
#8044 = CARTESIAN_POINT('',(52.,-48.5,25.6));
#8045 = VECTOR('',#8046,1.);
#8046 = DIRECTION('',(0.,0.,1.));
#8047 = PCURVE('',#6339,#8048);
#8048 = DEFINITIONAL_REPRESENTATION('',(#8049),#8053);
#8049 = LINE('',#8050,#8051);
#8050 = CARTESIAN_POINT('',(-6.28318530718,0.));
#8051 = VECTOR('',#8052,1.);
#8052 = DIRECTION('',(-0.,-1.));
#8053 = ( GEOMETRIC_REPRESENTATION_CONTEXT(2) 
PARAMETRIC_REPRESENTATION_CONTEXT() REPRESENTATION_CONTEXT('2D SPACE',''
  ) );
#8054 = PCURVE('',#7222,#8055);
#8055 = DEFINITIONAL_REPRESENTATION('',(#8056),#8060);
#8056 = LINE('',#8057,#8058);
#8057 = CARTESIAN_POINT('',(0.,0.));
#8058 = VECTOR('',#8059,1.);
#8059 = DIRECTION('',(0.,-1.));
#8060 = ( GEOMETRIC_REPRESENTATION_CONTEXT(2) 
PARAMETRIC_REPRESENTATION_CONTEXT() REPRESENTATION_CONTEXT('2D SPACE',''
  ) );
#8061 = ORIENTED_EDGE('',*,*,#7894,.T.);
#8062 = ORIENTED_EDGE('',*,*,#6324,.F.);
#8063 = ORIENTED_EDGE('',*,*,#7233,.F.);
#8064 = ADVANCED_FACE('',(#8065),#6418,.T.);
#8065 = FACE_BOUND('',#8066,.T.);
#8066 = EDGE_LOOP('',(#8067,#8088,#8089,#8110));
#8067 = ORIENTED_EDGE('',*,*,#8068,.T.);
#8068 = EDGE_CURVE('',#7448,#6401,#8069,.T.);
#8069 = SURFACE_CURVE('',#8070,(#8074,#8081),.PCURVE_S1.);
#8070 = LINE('',#8071,#8072);
#8071 = CARTESIAN_POINT('',(-53.5,-48.5,25.8));
#8072 = VECTOR('',#8073,1.);
#8073 = DIRECTION('',(0.,0.,1.));
#8074 = PCURVE('',#6418,#8075);
#8075 = DEFINITIONAL_REPRESENTATION('',(#8076),#8080);
#8076 = LINE('',#8077,#8078);
#8077 = CARTESIAN_POINT('',(0.,0.));
#8078 = VECTOR('',#8079,1.);
#8079 = DIRECTION('',(0.,-1.));
#8080 = ( GEOMETRIC_REPRESENTATION_CONTEXT(2) 
PARAMETRIC_REPRESENTATION_CONTEXT() REPRESENTATION_CONTEXT('2D SPACE',''
  ) );
#8081 = PCURVE('',#6447,#8082);
#8082 = DEFINITIONAL_REPRESENTATION('',(#8083),#8087);
#8083 = LINE('',#8084,#8085);
#8084 = CARTESIAN_POINT('',(-3.14159265359,0.));
#8085 = VECTOR('',#8086,1.);
#8086 = DIRECTION('',(-0.,-1.));
#8087 = ( GEOMETRIC_REPRESENTATION_CONTEXT(2) 
PARAMETRIC_REPRESENTATION_CONTEXT() REPRESENTATION_CONTEXT('2D SPACE',''
  ) );
#8088 = ORIENTED_EDGE('',*,*,#6400,.T.);
#8089 = ORIENTED_EDGE('',*,*,#8090,.F.);
#8090 = EDGE_CURVE('',#7450,#6403,#8091,.T.);
#8091 = SURFACE_CURVE('',#8092,(#8096,#8103),.PCURVE_S1.);
#8092 = LINE('',#8093,#8094);
#8093 = CARTESIAN_POINT('',(-53.5,48.5,25.8));
#8094 = VECTOR('',#8095,1.);
#8095 = DIRECTION('',(0.,0.,1.));
#8096 = PCURVE('',#6418,#8097);
#8097 = DEFINITIONAL_REPRESENTATION('',(#8098),#8102);
#8098 = LINE('',#8099,#8100);
#8099 = CARTESIAN_POINT('',(97.,0.));
#8100 = VECTOR('',#8101,1.);
#8101 = DIRECTION('',(0.,-1.));
#8102 = ( GEOMETRIC_REPRESENTATION_CONTEXT(2) 
PARAMETRIC_REPRESENTATION_CONTEXT() REPRESENTATION_CONTEXT('2D SPACE',''
  ) );
#8103 = PCURVE('',#6616,#8104);
#8104 = DEFINITIONAL_REPRESENTATION('',(#8105),#8109);
#8105 = LINE('',#8106,#8107);
#8106 = CARTESIAN_POINT('',(-3.14159265359,0.));
#8107 = VECTOR('',#8108,1.);
#8108 = DIRECTION('',(-0.,-1.));
#8109 = ( GEOMETRIC_REPRESENTATION_CONTEXT(2) 
PARAMETRIC_REPRESENTATION_CONTEXT() REPRESENTATION_CONTEXT('2D SPACE',''
  ) );
#8110 = ORIENTED_EDGE('',*,*,#7447,.F.);
#8111 = ADVANCED_FACE('',(#8112),#6447,.T.);
#8112 = FACE_BOUND('',#8113,.F.);
#8113 = EDGE_LOOP('',(#8114,#8115,#8116,#8137));
#8114 = ORIENTED_EDGE('',*,*,#8068,.T.);
#8115 = ORIENTED_EDGE('',*,*,#6430,.T.);
#8116 = ORIENTED_EDGE('',*,*,#8117,.F.);
#8117 = EDGE_CURVE('',#7473,#6431,#8118,.T.);
#8118 = SURFACE_CURVE('',#8119,(#8123,#8130),.PCURVE_S1.);
#8119 = LINE('',#8120,#8121);
#8120 = CARTESIAN_POINT('',(-47.,-55.,25.8));
#8121 = VECTOR('',#8122,1.);
#8122 = DIRECTION('',(0.,0.,1.));
#8123 = PCURVE('',#6447,#8124);
#8124 = DEFINITIONAL_REPRESENTATION('',(#8125),#8129);
#8125 = LINE('',#8126,#8127);
#8126 = CARTESIAN_POINT('',(-4.712388980385,0.));
#8127 = VECTOR('',#8128,1.);
#8128 = DIRECTION('',(-0.,-1.));
#8129 = ( GEOMETRIC_REPRESENTATION_CONTEXT(2) 
PARAMETRIC_REPRESENTATION_CONTEXT() REPRESENTATION_CONTEXT('2D SPACE',''
  ) );
#8130 = PCURVE('',#6475,#8131);
#8131 = DEFINITIONAL_REPRESENTATION('',(#8132),#8136);
#8132 = LINE('',#8133,#8134);
#8133 = CARTESIAN_POINT('',(0.,0.));
#8134 = VECTOR('',#8135,1.);
#8135 = DIRECTION('',(0.,-1.));
#8136 = ( GEOMETRIC_REPRESENTATION_CONTEXT(2) 
PARAMETRIC_REPRESENTATION_CONTEXT() REPRESENTATION_CONTEXT('2D SPACE',''
  ) );
#8137 = ORIENTED_EDGE('',*,*,#7472,.F.);
#8138 = ADVANCED_FACE('',(#8139),#6616,.T.);
#8139 = FACE_BOUND('',#8140,.F.);
#8140 = EDGE_LOOP('',(#8141,#8162,#8163,#8164));
#8141 = ORIENTED_EDGE('',*,*,#8142,.T.);
#8142 = EDGE_CURVE('',#7591,#6574,#8143,.T.);
#8143 = SURFACE_CURVE('',#8144,(#8148,#8155),.PCURVE_S1.);
#8144 = LINE('',#8145,#8146);
#8145 = CARTESIAN_POINT('',(-47.,55.,25.8));
#8146 = VECTOR('',#8147,1.);
#8147 = DIRECTION('',(0.,0.,1.));
#8148 = PCURVE('',#6616,#8149);
#8149 = DEFINITIONAL_REPRESENTATION('',(#8150),#8154);
#8150 = LINE('',#8151,#8152);
#8151 = CARTESIAN_POINT('',(-1.570796326795,0.));
#8152 = VECTOR('',#8153,1.);
#8153 = DIRECTION('',(-0.,-1.));
#8154 = ( GEOMETRIC_REPRESENTATION_CONTEXT(2) 
PARAMETRIC_REPRESENTATION_CONTEXT() REPRESENTATION_CONTEXT('2D SPACE',''
  ) );
#8155 = PCURVE('',#6589,#8156);
#8156 = DEFINITIONAL_REPRESENTATION('',(#8157),#8161);
#8157 = LINE('',#8158,#8159);
#8158 = CARTESIAN_POINT('',(0.,0.));
#8159 = VECTOR('',#8160,1.);
#8160 = DIRECTION('',(0.,-1.));
#8161 = ( GEOMETRIC_REPRESENTATION_CONTEXT(2) 
PARAMETRIC_REPRESENTATION_CONTEXT() REPRESENTATION_CONTEXT('2D SPACE',''
  ) );
#8162 = ORIENTED_EDGE('',*,*,#6601,.T.);
#8163 = ORIENTED_EDGE('',*,*,#8090,.F.);
#8164 = ORIENTED_EDGE('',*,*,#7613,.F.);
#8165 = ADVANCED_FACE('',(#8166),#6475,.F.);
#8166 = FACE_BOUND('',#8167,.F.);
#8167 = EDGE_LOOP('',(#8168,#8169,#8170,#8191));
#8168 = ORIENTED_EDGE('',*,*,#8117,.T.);
#8169 = ORIENTED_EDGE('',*,*,#6459,.T.);
#8170 = ORIENTED_EDGE('',*,*,#8171,.F.);
#8171 = EDGE_CURVE('',#7497,#6460,#8172,.T.);
#8172 = SURFACE_CURVE('',#8173,(#8177,#8184),.PCURVE_S1.);
#8173 = LINE('',#8174,#8175);
#8174 = CARTESIAN_POINT('',(47.,-55.,25.8));
#8175 = VECTOR('',#8176,1.);
#8176 = DIRECTION('',(0.,0.,1.));
#8177 = PCURVE('',#6475,#8178);
#8178 = DEFINITIONAL_REPRESENTATION('',(#8179),#8183);
#8179 = LINE('',#8180,#8181);
#8180 = CARTESIAN_POINT('',(94.,0.));
#8181 = VECTOR('',#8182,1.);
#8182 = DIRECTION('',(0.,-1.));
#8183 = ( GEOMETRIC_REPRESENTATION_CONTEXT(2) 
PARAMETRIC_REPRESENTATION_CONTEXT() REPRESENTATION_CONTEXT('2D SPACE',''
  ) );
#8184 = PCURVE('',#6504,#8185);
#8185 = DEFINITIONAL_REPRESENTATION('',(#8186),#8190);
#8186 = LINE('',#8187,#8188);
#8187 = CARTESIAN_POINT('',(-4.712388980385,0.));
#8188 = VECTOR('',#8189,1.);
#8189 = DIRECTION('',(-0.,-1.));
#8190 = ( GEOMETRIC_REPRESENTATION_CONTEXT(2) 
PARAMETRIC_REPRESENTATION_CONTEXT() REPRESENTATION_CONTEXT('2D SPACE',''
  ) );
#8191 = ORIENTED_EDGE('',*,*,#7496,.F.);
#8192 = ADVANCED_FACE('',(#8193),#6589,.T.);
#8193 = FACE_BOUND('',#8194,.T.);
#8194 = EDGE_LOOP('',(#8195,#8196,#8197,#8218));
#8195 = ORIENTED_EDGE('',*,*,#8142,.T.);
#8196 = ORIENTED_EDGE('',*,*,#6573,.T.);
#8197 = ORIENTED_EDGE('',*,*,#8198,.F.);
#8198 = EDGE_CURVE('',#7567,#6545,#8199,.T.);
#8199 = SURFACE_CURVE('',#8200,(#8204,#8211),.PCURVE_S1.);
#8200 = LINE('',#8201,#8202);
#8201 = CARTESIAN_POINT('',(47.,55.,25.8));
#8202 = VECTOR('',#8203,1.);
#8203 = DIRECTION('',(0.,0.,1.));
#8204 = PCURVE('',#6589,#8205);
#8205 = DEFINITIONAL_REPRESENTATION('',(#8206),#8210);
#8206 = LINE('',#8207,#8208);
#8207 = CARTESIAN_POINT('',(94.,0.));
#8208 = VECTOR('',#8209,1.);
#8209 = DIRECTION('',(0.,-1.));
#8210 = ( GEOMETRIC_REPRESENTATION_CONTEXT(2) 
PARAMETRIC_REPRESENTATION_CONTEXT() REPRESENTATION_CONTEXT('2D SPACE',''
  ) );
#8211 = PCURVE('',#6561,#8212);
#8212 = DEFINITIONAL_REPRESENTATION('',(#8213),#8217);
#8213 = LINE('',#8214,#8215);
#8214 = CARTESIAN_POINT('',(-1.570796326795,0.));
#8215 = VECTOR('',#8216,1.);
#8216 = DIRECTION('',(-0.,-1.));
#8217 = ( GEOMETRIC_REPRESENTATION_CONTEXT(2) 
PARAMETRIC_REPRESENTATION_CONTEXT() REPRESENTATION_CONTEXT('2D SPACE',''
  ) );
#8218 = ORIENTED_EDGE('',*,*,#7590,.F.);
#8219 = ADVANCED_FACE('',(#8220),#6504,.T.);
#8220 = FACE_BOUND('',#8221,.F.);
#8221 = EDGE_LOOP('',(#8222,#8223,#8224,#8245));
#8222 = ORIENTED_EDGE('',*,*,#8171,.T.);
#8223 = ORIENTED_EDGE('',*,*,#6487,.T.);
#8224 = ORIENTED_EDGE('',*,*,#8225,.F.);
#8225 = EDGE_CURVE('',#7520,#6488,#8226,.T.);
#8226 = SURFACE_CURVE('',#8227,(#8231,#8238),.PCURVE_S1.);
#8227 = LINE('',#8228,#8229);
#8228 = CARTESIAN_POINT('',(53.5,-48.5,25.8));
#8229 = VECTOR('',#8230,1.);
#8230 = DIRECTION('',(0.,0.,1.));
#8231 = PCURVE('',#6504,#8232);
#8232 = DEFINITIONAL_REPRESENTATION('',(#8233),#8237);
#8233 = LINE('',#8234,#8235);
#8234 = CARTESIAN_POINT('',(-6.28318530718,0.));
#8235 = VECTOR('',#8236,1.);
#8236 = DIRECTION('',(-0.,-1.));
#8237 = ( GEOMETRIC_REPRESENTATION_CONTEXT(2) 
PARAMETRIC_REPRESENTATION_CONTEXT() REPRESENTATION_CONTEXT('2D SPACE',''
  ) );
#8238 = PCURVE('',#6532,#8239);
#8239 = DEFINITIONAL_REPRESENTATION('',(#8240),#8244);
#8240 = LINE('',#8241,#8242);
#8241 = CARTESIAN_POINT('',(0.,0.));
#8242 = VECTOR('',#8243,1.);
#8243 = DIRECTION('',(0.,-1.));
#8244 = ( GEOMETRIC_REPRESENTATION_CONTEXT(2) 
PARAMETRIC_REPRESENTATION_CONTEXT() REPRESENTATION_CONTEXT('2D SPACE',''
  ) );
#8245 = ORIENTED_EDGE('',*,*,#7519,.F.);
#8246 = ADVANCED_FACE('',(#8247),#6561,.T.);
#8247 = FACE_BOUND('',#8248,.F.);
#8248 = EDGE_LOOP('',(#8249,#8270,#8271,#8272));
#8249 = ORIENTED_EDGE('',*,*,#8250,.T.);
#8250 = EDGE_CURVE('',#7544,#6517,#8251,.T.);
#8251 = SURFACE_CURVE('',#8252,(#8256,#8263),.PCURVE_S1.);
#8252 = LINE('',#8253,#8254);
#8253 = CARTESIAN_POINT('',(53.5,48.5,25.8));
#8254 = VECTOR('',#8255,1.);
#8255 = DIRECTION('',(0.,0.,1.));
#8256 = PCURVE('',#6561,#8257);
#8257 = DEFINITIONAL_REPRESENTATION('',(#8258),#8262);
#8258 = LINE('',#8259,#8260);
#8259 = CARTESIAN_POINT('',(-0.,0.));
#8260 = VECTOR('',#8261,1.);
#8261 = DIRECTION('',(-0.,-1.));
#8262 = ( GEOMETRIC_REPRESENTATION_CONTEXT(2) 
PARAMETRIC_REPRESENTATION_CONTEXT() REPRESENTATION_CONTEXT('2D SPACE',''
  ) );
#8263 = PCURVE('',#6532,#8264);
#8264 = DEFINITIONAL_REPRESENTATION('',(#8265),#8269);
#8265 = LINE('',#8266,#8267);
#8266 = CARTESIAN_POINT('',(97.,0.));
#8267 = VECTOR('',#8268,1.);
#8268 = DIRECTION('',(0.,-1.));
#8269 = ( GEOMETRIC_REPRESENTATION_CONTEXT(2) 
PARAMETRIC_REPRESENTATION_CONTEXT() REPRESENTATION_CONTEXT('2D SPACE',''
  ) );
#8270 = ORIENTED_EDGE('',*,*,#6544,.T.);
#8271 = ORIENTED_EDGE('',*,*,#8198,.F.);
#8272 = ORIENTED_EDGE('',*,*,#7566,.F.);
#8273 = ADVANCED_FACE('',(#8274),#6532,.F.);
#8274 = FACE_BOUND('',#8275,.F.);
#8275 = EDGE_LOOP('',(#8276,#8277,#8278,#8279));
#8276 = ORIENTED_EDGE('',*,*,#8225,.T.);
#8277 = ORIENTED_EDGE('',*,*,#6516,.T.);
#8278 = ORIENTED_EDGE('',*,*,#8250,.F.);
#8279 = ORIENTED_EDGE('',*,*,#7543,.F.);
#8280 = ADVANCED_FACE('',(#8281),#6651,.F.);
#8281 = FACE_BOUND('',#8282,.T.);
#8282 = EDGE_LOOP('',(#8283,#8312,#8333,#8334));
#8283 = ORIENTED_EDGE('',*,*,#8284,.F.);
#8284 = EDGE_CURVE('',#8285,#8285,#8287,.T.);
#8285 = VERTEX_POINT('',#8286);
#8286 = CARTESIAN_POINT('',(-43.6,-48.65,25.6));
#8287 = SURFACE_CURVE('',#8288,(#8293,#8300),.PCURVE_S1.);
#8288 = CIRCLE('',#8289,2.6);
#8289 = AXIS2_PLACEMENT_3D('',#8290,#8291,#8292);
#8290 = CARTESIAN_POINT('',(-46.2,-48.65,25.6));
#8291 = DIRECTION('',(0.,0.,1.));
#8292 = DIRECTION('',(1.,0.,0.));
#8293 = PCURVE('',#6651,#8294);
#8294 = DEFINITIONAL_REPRESENTATION('',(#8295),#8299);
#8295 = LINE('',#8296,#8297);
#8296 = CARTESIAN_POINT('',(-0.,0.));
#8297 = VECTOR('',#8298,1.);
#8298 = DIRECTION('',(-1.,0.));
#8299 = ( GEOMETRIC_REPRESENTATION_CONTEXT(2) 
PARAMETRIC_REPRESENTATION_CONTEXT() REPRESENTATION_CONTEXT('2D SPACE',''
  ) );
#8300 = PCURVE('',#8301,#8306);
#8301 = PLANE('',#8302);
#8302 = AXIS2_PLACEMENT_3D('',#8303,#8304,#8305);
#8303 = CARTESIAN_POINT('',(-46.2,-48.65,25.6));
#8304 = DIRECTION('',(0.,0.,1.));
#8305 = DIRECTION('',(1.,0.,-0.));
#8306 = DEFINITIONAL_REPRESENTATION('',(#8307),#8311);
#8307 = CIRCLE('',#8308,2.6);
#8308 = AXIS2_PLACEMENT_2D('',#8309,#8310);
#8309 = CARTESIAN_POINT('',(7.105427357601E-15,0.));
#8310 = DIRECTION('',(1.,0.));
#8311 = ( GEOMETRIC_REPRESENTATION_CONTEXT(2) 
PARAMETRIC_REPRESENTATION_CONTEXT() REPRESENTATION_CONTEXT('2D SPACE',''
  ) );
#8312 = ORIENTED_EDGE('',*,*,#8313,.T.);
#8313 = EDGE_CURVE('',#8285,#6631,#8314,.T.);
#8314 = SEAM_CURVE('',#8315,(#8319,#8326),.PCURVE_S1.);
#8315 = LINE('',#8316,#8317);
#8316 = CARTESIAN_POINT('',(-43.6,-48.65,25.6));
#8317 = VECTOR('',#8318,1.);
#8318 = DIRECTION('',(0.,0.,1.));
#8319 = PCURVE('',#6651,#8320);
#8320 = DEFINITIONAL_REPRESENTATION('',(#8321),#8325);
#8321 = LINE('',#8322,#8323);
#8322 = CARTESIAN_POINT('',(-6.28318530718,0.));
#8323 = VECTOR('',#8324,1.);
#8324 = DIRECTION('',(-0.,-1.));
#8325 = ( GEOMETRIC_REPRESENTATION_CONTEXT(2) 
PARAMETRIC_REPRESENTATION_CONTEXT() REPRESENTATION_CONTEXT('2D SPACE',''
  ) );
#8326 = PCURVE('',#6651,#8327);
#8327 = DEFINITIONAL_REPRESENTATION('',(#8328),#8332);
#8328 = LINE('',#8329,#8330);
#8329 = CARTESIAN_POINT('',(-0.,0.));
#8330 = VECTOR('',#8331,1.);
#8331 = DIRECTION('',(-0.,-1.));
#8332 = ( GEOMETRIC_REPRESENTATION_CONTEXT(2) 
PARAMETRIC_REPRESENTATION_CONTEXT() REPRESENTATION_CONTEXT('2D SPACE',''
  ) );
#8333 = ORIENTED_EDGE('',*,*,#6630,.F.);
#8334 = ORIENTED_EDGE('',*,*,#8313,.F.);
#8335 = ADVANCED_FACE('',(#8336),#6686,.F.);
#8336 = FACE_BOUND('',#8337,.T.);
#8337 = EDGE_LOOP('',(#8338,#8367,#8388,#8389));
#8338 = ORIENTED_EDGE('',*,*,#8339,.F.);
#8339 = EDGE_CURVE('',#8340,#8340,#8342,.T.);
#8340 = VERTEX_POINT('',#8341);
#8341 = CARTESIAN_POINT('',(48.8,-48.65,25.6));
#8342 = SURFACE_CURVE('',#8343,(#8348,#8355),.PCURVE_S1.);
#8343 = CIRCLE('',#8344,2.6);
#8344 = AXIS2_PLACEMENT_3D('',#8345,#8346,#8347);
#8345 = CARTESIAN_POINT('',(46.2,-48.65,25.6));
#8346 = DIRECTION('',(0.,0.,1.));
#8347 = DIRECTION('',(1.,0.,0.));
#8348 = PCURVE('',#6686,#8349);
#8349 = DEFINITIONAL_REPRESENTATION('',(#8350),#8354);
#8350 = LINE('',#8351,#8352);
#8351 = CARTESIAN_POINT('',(-0.,0.));
#8352 = VECTOR('',#8353,1.);
#8353 = DIRECTION('',(-1.,0.));
#8354 = ( GEOMETRIC_REPRESENTATION_CONTEXT(2) 
PARAMETRIC_REPRESENTATION_CONTEXT() REPRESENTATION_CONTEXT('2D SPACE',''
  ) );
#8355 = PCURVE('',#8356,#8361);
#8356 = PLANE('',#8357);
#8357 = AXIS2_PLACEMENT_3D('',#8358,#8359,#8360);
#8358 = CARTESIAN_POINT('',(46.2,-48.65,25.6));
#8359 = DIRECTION('',(0.,0.,1.));
#8360 = DIRECTION('',(1.,0.,-0.));
#8361 = DEFINITIONAL_REPRESENTATION('',(#8362),#8366);
#8362 = CIRCLE('',#8363,2.6);
#8363 = AXIS2_PLACEMENT_2D('',#8364,#8365);
#8364 = CARTESIAN_POINT('',(-7.105427357601E-15,0.));
#8365 = DIRECTION('',(1.,0.));
#8366 = ( GEOMETRIC_REPRESENTATION_CONTEXT(2) 
PARAMETRIC_REPRESENTATION_CONTEXT() REPRESENTATION_CONTEXT('2D SPACE',''
  ) );
#8367 = ORIENTED_EDGE('',*,*,#8368,.T.);
#8368 = EDGE_CURVE('',#8340,#6666,#8369,.T.);
#8369 = SEAM_CURVE('',#8370,(#8374,#8381),.PCURVE_S1.);
#8370 = LINE('',#8371,#8372);
#8371 = CARTESIAN_POINT('',(48.8,-48.65,25.6));
#8372 = VECTOR('',#8373,1.);
#8373 = DIRECTION('',(0.,0.,1.));
#8374 = PCURVE('',#6686,#8375);
#8375 = DEFINITIONAL_REPRESENTATION('',(#8376),#8380);
#8376 = LINE('',#8377,#8378);
#8377 = CARTESIAN_POINT('',(-6.28318530718,0.));
#8378 = VECTOR('',#8379,1.);
#8379 = DIRECTION('',(-0.,-1.));
#8380 = ( GEOMETRIC_REPRESENTATION_CONTEXT(2) 
PARAMETRIC_REPRESENTATION_CONTEXT() REPRESENTATION_CONTEXT('2D SPACE',''
  ) );
#8381 = PCURVE('',#6686,#8382);
#8382 = DEFINITIONAL_REPRESENTATION('',(#8383),#8387);
#8383 = LINE('',#8384,#8385);
#8384 = CARTESIAN_POINT('',(-0.,0.));
#8385 = VECTOR('',#8386,1.);
#8386 = DIRECTION('',(-0.,-1.));
#8387 = ( GEOMETRIC_REPRESENTATION_CONTEXT(2) 
PARAMETRIC_REPRESENTATION_CONTEXT() REPRESENTATION_CONTEXT('2D SPACE',''
  ) );
#8388 = ORIENTED_EDGE('',*,*,#6665,.F.);
#8389 = ORIENTED_EDGE('',*,*,#8368,.F.);
#8390 = ADVANCED_FACE('',(#8391),#6721,.F.);
#8391 = FACE_BOUND('',#8392,.T.);
#8392 = EDGE_LOOP('',(#8393,#8422,#8443,#8444));
#8393 = ORIENTED_EDGE('',*,*,#8394,.F.);
#8394 = EDGE_CURVE('',#8395,#8395,#8397,.T.);
#8395 = VERTEX_POINT('',#8396);
#8396 = CARTESIAN_POINT('',(-43.6,48.65,25.6));
#8397 = SURFACE_CURVE('',#8398,(#8403,#8410),.PCURVE_S1.);
#8398 = CIRCLE('',#8399,2.6);
#8399 = AXIS2_PLACEMENT_3D('',#8400,#8401,#8402);
#8400 = CARTESIAN_POINT('',(-46.2,48.65,25.6));
#8401 = DIRECTION('',(0.,0.,1.));
#8402 = DIRECTION('',(1.,0.,0.));
#8403 = PCURVE('',#6721,#8404);
#8404 = DEFINITIONAL_REPRESENTATION('',(#8405),#8409);
#8405 = LINE('',#8406,#8407);
#8406 = CARTESIAN_POINT('',(-0.,0.));
#8407 = VECTOR('',#8408,1.);
#8408 = DIRECTION('',(-1.,0.));
#8409 = ( GEOMETRIC_REPRESENTATION_CONTEXT(2) 
PARAMETRIC_REPRESENTATION_CONTEXT() REPRESENTATION_CONTEXT('2D SPACE',''
  ) );
#8410 = PCURVE('',#8411,#8416);
#8411 = PLANE('',#8412);
#8412 = AXIS2_PLACEMENT_3D('',#8413,#8414,#8415);
#8413 = CARTESIAN_POINT('',(-46.2,48.65,25.6));
#8414 = DIRECTION('',(0.,0.,1.));
#8415 = DIRECTION('',(1.,0.,-0.));
#8416 = DEFINITIONAL_REPRESENTATION('',(#8417),#8421);
#8417 = CIRCLE('',#8418,2.6);
#8418 = AXIS2_PLACEMENT_2D('',#8419,#8420);
#8419 = CARTESIAN_POINT('',(7.105427357601E-15,0.));
#8420 = DIRECTION('',(1.,0.));
#8421 = ( GEOMETRIC_REPRESENTATION_CONTEXT(2) 
PARAMETRIC_REPRESENTATION_CONTEXT() REPRESENTATION_CONTEXT('2D SPACE',''
  ) );
#8422 = ORIENTED_EDGE('',*,*,#8423,.T.);
#8423 = EDGE_CURVE('',#8395,#6701,#8424,.T.);
#8424 = SEAM_CURVE('',#8425,(#8429,#8436),.PCURVE_S1.);
#8425 = LINE('',#8426,#8427);
#8426 = CARTESIAN_POINT('',(-43.6,48.65,25.6));
#8427 = VECTOR('',#8428,1.);
#8428 = DIRECTION('',(0.,0.,1.));
#8429 = PCURVE('',#6721,#8430);
#8430 = DEFINITIONAL_REPRESENTATION('',(#8431),#8435);
#8431 = LINE('',#8432,#8433);
#8432 = CARTESIAN_POINT('',(-6.28318530718,0.));
#8433 = VECTOR('',#8434,1.);
#8434 = DIRECTION('',(-0.,-1.));
#8435 = ( GEOMETRIC_REPRESENTATION_CONTEXT(2) 
PARAMETRIC_REPRESENTATION_CONTEXT() REPRESENTATION_CONTEXT('2D SPACE',''
  ) );
#8436 = PCURVE('',#6721,#8437);
#8437 = DEFINITIONAL_REPRESENTATION('',(#8438),#8442);
#8438 = LINE('',#8439,#8440);
#8439 = CARTESIAN_POINT('',(-0.,0.));
#8440 = VECTOR('',#8441,1.);
#8441 = DIRECTION('',(-0.,-1.));
#8442 = ( GEOMETRIC_REPRESENTATION_CONTEXT(2) 
PARAMETRIC_REPRESENTATION_CONTEXT() REPRESENTATION_CONTEXT('2D SPACE',''
  ) );
#8443 = ORIENTED_EDGE('',*,*,#6700,.F.);
#8444 = ORIENTED_EDGE('',*,*,#8423,.F.);
#8445 = ADVANCED_FACE('',(#8446),#6775,.T.);
#8446 = FACE_BOUND('',#8447,.T.);
#8447 = EDGE_LOOP('',(#8448,#8449,#8450,#8469));
#8448 = ORIENTED_EDGE('',*,*,#7301,.T.);
#8449 = ORIENTED_EDGE('',*,*,#7923,.T.);
#8450 = ORIENTED_EDGE('',*,*,#8451,.F.);
#8451 = EDGE_CURVE('',#6760,#7924,#8452,.T.);
#8452 = SURFACE_CURVE('',#8453,(#8457,#8463),.PCURVE_S1.);
#8453 = LINE('',#8454,#8455);
#8454 = CARTESIAN_POINT('',(-43.45,-53.5,25.2));
#8455 = VECTOR('',#8456,1.);
#8456 = DIRECTION('',(0.,0.,-1.));
#8457 = PCURVE('',#6775,#8458);
#8458 = DEFINITIONAL_REPRESENTATION('',(#8459),#8462);
#8459 = B_SPLINE_CURVE_WITH_KNOTS('',1,(#8460,#8461),.UNSPECIFIED.,.F.,
  .F.,(2,2),(-1.6,-0.6),.PIECEWISE_BEZIER_KNOTS.);
#8460 = CARTESIAN_POINT('',(3.55,-1.2));
#8461 = CARTESIAN_POINT('',(3.55,-0.2));
#8462 = ( GEOMETRIC_REPRESENTATION_CONTEXT(2) 
PARAMETRIC_REPRESENTATION_CONTEXT() REPRESENTATION_CONTEXT('2D SPACE',''
  ) );
#8463 = PCURVE('',#6802,#8464);
#8464 = DEFINITIONAL_REPRESENTATION('',(#8465),#8468);
#8465 = B_SPLINE_CURVE_WITH_KNOTS('',1,(#8466,#8467),.UNSPECIFIED.,.F.,
  .F.,(2,2),(-1.6,-0.6),.PIECEWISE_BEZIER_KNOTS.);
#8466 = CARTESIAN_POINT('',(2.,4.85));
#8467 = CARTESIAN_POINT('',(1.,4.85));
#8468 = ( GEOMETRIC_REPRESENTATION_CONTEXT(2) 
PARAMETRIC_REPRESENTATION_CONTEXT() REPRESENTATION_CONTEXT('2D SPACE',''
  ) );
#8469 = ORIENTED_EDGE('',*,*,#6759,.F.);
#8470 = ADVANCED_FACE('',(#8471),#6802,.T.);
#8471 = FACE_BOUND('',#8472,.T.);
#8472 = EDGE_LOOP('',(#8473,#8503,#8522,#8523,#8524,#8525));
#8473 = ORIENTED_EDGE('',*,*,#8474,.F.);
#8474 = EDGE_CURVE('',#8475,#8477,#8479,.T.);
#8475 = VERTEX_POINT('',#8476);
#8476 = CARTESIAN_POINT('',(-43.45,-52.21195171219,24.8));
#8477 = VERTEX_POINT('',#8478);
#8478 = CARTESIAN_POINT('',(-43.45,-54.3,24.8));
#8479 = SURFACE_CURVE('',#8480,(#8484,#8491),.PCURVE_S1.);
#8480 = LINE('',#8481,#8482);
#8481 = CARTESIAN_POINT('',(-43.45,-48.65,24.8));
#8482 = VECTOR('',#8483,1.);
#8483 = DIRECTION('',(1.110223024625E-16,-1.,0.));
#8484 = PCURVE('',#6802,#8485);
#8485 = DEFINITIONAL_REPRESENTATION('',(#8486),#8490);
#8486 = LINE('',#8487,#8488);
#8487 = CARTESIAN_POINT('',(0.,0.));
#8488 = VECTOR('',#8489,1.);
#8489 = DIRECTION('',(0.,1.));
#8490 = ( GEOMETRIC_REPRESENTATION_CONTEXT(2) 
PARAMETRIC_REPRESENTATION_CONTEXT() REPRESENTATION_CONTEXT('2D SPACE',''
  ) );
#8491 = PCURVE('',#8492,#8497);
#8492 = PLANE('',#8493);
#8493 = AXIS2_PLACEMENT_3D('',#8494,#8495,#8496);
#8494 = CARTESIAN_POINT('',(-46.2,-48.65,24.8));
#8495 = DIRECTION('',(0.,0.,1.));
#8496 = DIRECTION('',(1.,0.,-0.));
#8497 = DEFINITIONAL_REPRESENTATION('',(#8498),#8502);
#8498 = LINE('',#8499,#8500);
#8499 = CARTESIAN_POINT('',(2.75,7.105427357601E-15));
#8500 = VECTOR('',#8501,1.);
#8501 = DIRECTION('',(1.110223024625E-16,-1.));
#8502 = ( GEOMETRIC_REPRESENTATION_CONTEXT(2) 
PARAMETRIC_REPRESENTATION_CONTEXT() REPRESENTATION_CONTEXT('2D SPACE',''
  ) );
#8503 = ORIENTED_EDGE('',*,*,#8504,.F.);
#8504 = EDGE_CURVE('',#6787,#8475,#8505,.T.);
#8505 = SURFACE_CURVE('',#8506,(#8510,#8516),.PCURVE_S1.);
#8506 = LINE('',#8507,#8508);
#8507 = CARTESIAN_POINT('',(-43.45,-52.21195171219,24.8));
#8508 = VECTOR('',#8509,1.);
#8509 = DIRECTION('',(-0.,-0.,-1.));
#8510 = PCURVE('',#6802,#8511);
#8511 = DEFINITIONAL_REPRESENTATION('',(#8512),#8515);
#8512 = B_SPLINE_CURVE_WITH_KNOTS('',1,(#8513,#8514),.UNSPECIFIED.,.F.,
  .F.,(2,2),(-2.0000006,5.999999999062E-07),.PIECEWISE_BEZIER_KNOTS.);
#8513 = CARTESIAN_POINT('',(2.0000006,3.561951712194));
#8514 = CARTESIAN_POINT('',(-5.999999999062E-07,3.561951712194));
#8515 = ( GEOMETRIC_REPRESENTATION_CONTEXT(2) 
PARAMETRIC_REPRESENTATION_CONTEXT() REPRESENTATION_CONTEXT('2D SPACE',''
  ) );
#8516 = PCURVE('',#6835,#8517);
#8517 = DEFINITIONAL_REPRESENTATION('',(#8518),#8521);
#8518 = B_SPLINE_CURVE_WITH_KNOTS('',1,(#8519,#8520),.UNSPECIFIED.,.F.,
  .F.,(2,2),(-2.,0.),.PIECEWISE_BEZIER_KNOTS.);
#8519 = CARTESIAN_POINT('',(-5.369852536766,-2.));
#8520 = CARTESIAN_POINT('',(-5.369852536766,0.));
#8521 = ( GEOMETRIC_REPRESENTATION_CONTEXT(2) 
PARAMETRIC_REPRESENTATION_CONTEXT() REPRESENTATION_CONTEXT('2D SPACE',''
  ) );
#8522 = ORIENTED_EDGE('',*,*,#6786,.T.);
#8523 = ORIENTED_EDGE('',*,*,#8451,.T.);
#8524 = ORIENTED_EDGE('',*,*,#7944,.F.);
#8525 = ORIENTED_EDGE('',*,*,#8526,.F.);
#8526 = EDGE_CURVE('',#8477,#7945,#8527,.T.);
#8527 = SURFACE_CURVE('',#8528,(#8532,#8539),.PCURVE_S1.);
#8528 = LINE('',#8529,#8530);
#8529 = CARTESIAN_POINT('',(-43.45,-54.3,24.8));
#8530 = VECTOR('',#8531,1.);
#8531 = DIRECTION('',(0.,0.,1.));
#8532 = PCURVE('',#6802,#8533);
#8533 = DEFINITIONAL_REPRESENTATION('',(#8534),#8538);
#8534 = LINE('',#8535,#8536);
#8535 = CARTESIAN_POINT('',(0.,5.65));
#8536 = VECTOR('',#8537,1.);
#8537 = DIRECTION('',(1.,0.));
#8538 = ( GEOMETRIC_REPRESENTATION_CONTEXT(2) 
PARAMETRIC_REPRESENTATION_CONTEXT() REPRESENTATION_CONTEXT('2D SPACE',''
  ) );
#8539 = PCURVE('',#7980,#8540);
#8540 = DEFINITIONAL_REPRESENTATION('',(#8541),#8545);
#8541 = LINE('',#8542,#8543);
#8542 = CARTESIAN_POINT('',(0.,-5.5));
#8543 = VECTOR('',#8544,1.);
#8544 = DIRECTION('',(1.,0.));
#8545 = ( GEOMETRIC_REPRESENTATION_CONTEXT(2) 
PARAMETRIC_REPRESENTATION_CONTEXT() REPRESENTATION_CONTEXT('2D SPACE',''
  ) );
#8546 = ADVANCED_FACE('',(#8547),#7222,.T.);
#8547 = FACE_BOUND('',#8548,.T.);
#8548 = EDGE_LOOP('',(#8549,#8550,#8551,#8552));
#8549 = ORIENTED_EDGE('',*,*,#7873,.T.);
#8550 = ORIENTED_EDGE('',*,*,#8041,.T.);
#8551 = ORIENTED_EDGE('',*,*,#7206,.F.);
#8552 = ORIENTED_EDGE('',*,*,#8553,.F.);
#8553 = EDGE_CURVE('',#7846,#7174,#8554,.T.);
#8554 = SURFACE_CURVE('',#8555,(#8559,#8566),.PCURVE_S1.);
#8555 = LINE('',#8556,#8557);
#8556 = CARTESIAN_POINT('',(52.,48.5,25.6));
#8557 = VECTOR('',#8558,1.);
#8558 = DIRECTION('',(0.,0.,1.));
#8559 = PCURVE('',#7222,#8560);
#8560 = DEFINITIONAL_REPRESENTATION('',(#8561),#8565);
#8561 = LINE('',#8562,#8563);
#8562 = CARTESIAN_POINT('',(97.,0.));
#8563 = VECTOR('',#8564,1.);
#8564 = DIRECTION('',(0.,-1.));
#8565 = ( GEOMETRIC_REPRESENTATION_CONTEXT(2) 
PARAMETRIC_REPRESENTATION_CONTEXT() REPRESENTATION_CONTEXT('2D SPACE',''
  ) );
#8566 = PCURVE('',#7194,#8567);
#8567 = DEFINITIONAL_REPRESENTATION('',(#8568),#8572);
#8568 = LINE('',#8569,#8570);
#8569 = CARTESIAN_POINT('',(-0.,0.));
#8570 = VECTOR('',#8571,1.);
#8571 = DIRECTION('',(-0.,-1.));
#8572 = ( GEOMETRIC_REPRESENTATION_CONTEXT(2) 
PARAMETRIC_REPRESENTATION_CONTEXT() REPRESENTATION_CONTEXT('2D SPACE',''
  ) );
#8573 = ADVANCED_FACE('',(#8574),#6835,.T.);
#8574 = FACE_BOUND('',#8575,.F.);
#8575 = EDGE_LOOP('',(#8576,#8600,#8601,#8602));
#8576 = ORIENTED_EDGE('',*,*,#8577,.F.);
#8577 = EDGE_CURVE('',#8475,#8578,#8580,.T.);
#8578 = VERTEX_POINT('',#8579);
#8579 = CARTESIAN_POINT('',(-48.95,-52.21195171219,24.8));
#8580 = SURFACE_CURVE('',#8581,(#8586,#8593),.PCURVE_S1.);
#8581 = CIRCLE('',#8582,4.5);
#8582 = AXIS2_PLACEMENT_3D('',#8583,#8584,#8585);
#8583 = CARTESIAN_POINT('',(-46.2,-48.65,24.8));
#8584 = DIRECTION('',(-0.,0.,1.));
#8585 = DIRECTION('',(0.611111111111,-0.791544824932,0.));
#8586 = PCURVE('',#6835,#8587);
#8587 = DEFINITIONAL_REPRESENTATION('',(#8588),#8592);
#8588 = LINE('',#8589,#8590);
#8589 = CARTESIAN_POINT('',(-5.369852536766,0.));
#8590 = VECTOR('',#8591,1.);
#8591 = DIRECTION('',(-1.,0.));
#8592 = ( GEOMETRIC_REPRESENTATION_CONTEXT(2) 
PARAMETRIC_REPRESENTATION_CONTEXT() REPRESENTATION_CONTEXT('2D SPACE',''
  ) );
#8593 = PCURVE('',#8492,#8594);
#8594 = DEFINITIONAL_REPRESENTATION('',(#8595),#8599);
#8595 = CIRCLE('',#8596,4.5);
#8596 = AXIS2_PLACEMENT_2D('',#8597,#8598);
#8597 = CARTESIAN_POINT('',(0.,0.));
#8598 = DIRECTION('',(0.611111111111,-0.791544824932));
#8599 = ( GEOMETRIC_REPRESENTATION_CONTEXT(2) 
PARAMETRIC_REPRESENTATION_CONTEXT() REPRESENTATION_CONTEXT('2D SPACE',''
  ) );
#8600 = ORIENTED_EDGE('',*,*,#8504,.F.);
#8601 = ORIENTED_EDGE('',*,*,#6814,.F.);
#8602 = ORIENTED_EDGE('',*,*,#8603,.T.);
#8603 = EDGE_CURVE('',#6815,#8578,#8604,.T.);
#8604 = SURFACE_CURVE('',#8605,(#8609,#8615),.PCURVE_S1.);
#8605 = LINE('',#8606,#8607);
#8606 = CARTESIAN_POINT('',(-48.95,-52.21195171219,24.8));
#8607 = VECTOR('',#8608,1.);
#8608 = DIRECTION('',(-0.,-0.,-1.));
#8609 = PCURVE('',#6835,#8610);
#8610 = DEFINITIONAL_REPRESENTATION('',(#8611),#8614);
#8611 = B_SPLINE_CURVE_WITH_KNOTS('',1,(#8612,#8613),.UNSPECIFIED.,.F.,
  .F.,(2,2),(-2.,0.),.PIECEWISE_BEZIER_KNOTS.);
#8612 = CARTESIAN_POINT('',(-10.33811073118,-2.));
#8613 = CARTESIAN_POINT('',(-10.33811073118,0.));
#8614 = ( GEOMETRIC_REPRESENTATION_CONTEXT(2) 
PARAMETRIC_REPRESENTATION_CONTEXT() REPRESENTATION_CONTEXT('2D SPACE',''
  ) );
#8615 = PCURVE('',#6863,#8616);
#8616 = DEFINITIONAL_REPRESENTATION('',(#8617),#8620);
#8617 = B_SPLINE_CURVE_WITH_KNOTS('',1,(#8618,#8619),.UNSPECIFIED.,.F.,
  .F.,(2,2),(-2.0000006,5.999999999062E-07),.PIECEWISE_BEZIER_KNOTS.);
#8618 = CARTESIAN_POINT('',(2.0000006,3.561951712194));
#8619 = CARTESIAN_POINT('',(-5.999999999062E-07,3.561951712194));
#8620 = ( GEOMETRIC_REPRESENTATION_CONTEXT(2) 
PARAMETRIC_REPRESENTATION_CONTEXT() REPRESENTATION_CONTEXT('2D SPACE',''
  ) );
#8621 = ADVANCED_FACE('',(#8622),#7194,.F.);
#8622 = FACE_BOUND('',#8623,.T.);
#8623 = EDGE_LOOP('',(#8624,#8643,#8644,#8645));
#8624 = ORIENTED_EDGE('',*,*,#8625,.T.);
#8625 = EDGE_CURVE('',#7146,#7825,#8626,.T.);
#8626 = SURFACE_CURVE('',#8627,(#8631,#8637),.PCURVE_S1.);
#8627 = LINE('',#8628,#8629);
#8628 = CARTESIAN_POINT('',(48.95,53.104074282633,25.6));
#8629 = VECTOR('',#8630,1.);
#8630 = DIRECTION('',(-0.,-0.,-1.));
#8631 = PCURVE('',#7194,#8632);
#8632 = DEFINITIONAL_REPRESENTATION('',(#8633),#8636);
#8633 = B_SPLINE_CURVE_WITH_KNOTS('',1,(#8634,#8635),.UNSPECIFIED.,.F.,
  .F.,(2,2),(-1.2000006,-0.1999994),.PIECEWISE_BEZIER_KNOTS.);
#8634 = CARTESIAN_POINT('',(-1.170164734094,-1.2000006));
#8635 = CARTESIAN_POINT('',(-1.170164734094,-0.1999994));
#8636 = ( GEOMETRIC_REPRESENTATION_CONTEXT(2) 
PARAMETRIC_REPRESENTATION_CONTEXT() REPRESENTATION_CONTEXT('2D SPACE',''
  ) );
#8637 = PCURVE('',#7161,#8638);
#8638 = DEFINITIONAL_REPRESENTATION('',(#8639),#8642);
#8639 = B_SPLINE_CURVE_WITH_KNOTS('',1,(#8640,#8641),.UNSPECIFIED.,.F.,
  .F.,(2,2),(-1.2000006,-0.1999994),.PIECEWISE_BEZIER_KNOTS.);
#8640 = CARTESIAN_POINT('',(2.0000006,4.454074282633));
#8641 = CARTESIAN_POINT('',(0.9999994,4.454074282633));
#8642 = ( GEOMETRIC_REPRESENTATION_CONTEXT(2) 
PARAMETRIC_REPRESENTATION_CONTEXT() REPRESENTATION_CONTEXT('2D SPACE',''
  ) );
#8643 = ORIENTED_EDGE('',*,*,#7845,.T.);
#8644 = ORIENTED_EDGE('',*,*,#8553,.T.);
#8645 = ORIENTED_EDGE('',*,*,#7173,.F.);
#8646 = ADVANCED_FACE('',(#8647),#6863,.F.);
#8647 = FACE_BOUND('',#8648,.F.);
#8648 = EDGE_LOOP('',(#8649,#8672,#8673,#8674,#8693,#8694));
#8649 = ORIENTED_EDGE('',*,*,#8650,.F.);
#8650 = EDGE_CURVE('',#8578,#8651,#8653,.T.);
#8651 = VERTEX_POINT('',#8652);
#8652 = CARTESIAN_POINT('',(-48.95,-54.3,24.8));
#8653 = SURFACE_CURVE('',#8654,(#8658,#8665),.PCURVE_S1.);
#8654 = LINE('',#8655,#8656);
#8655 = CARTESIAN_POINT('',(-48.95,-48.65,24.8));
#8656 = VECTOR('',#8657,1.);
#8657 = DIRECTION('',(1.110223024625E-16,-1.,0.));
#8658 = PCURVE('',#6863,#8659);
#8659 = DEFINITIONAL_REPRESENTATION('',(#8660),#8664);
#8660 = LINE('',#8661,#8662);
#8661 = CARTESIAN_POINT('',(0.,0.));
#8662 = VECTOR('',#8663,1.);
#8663 = DIRECTION('',(0.,1.));
#8664 = ( GEOMETRIC_REPRESENTATION_CONTEXT(2) 
PARAMETRIC_REPRESENTATION_CONTEXT() REPRESENTATION_CONTEXT('2D SPACE',''
  ) );
#8665 = PCURVE('',#8492,#8666);
#8666 = DEFINITIONAL_REPRESENTATION('',(#8667),#8671);
#8667 = LINE('',#8668,#8669);
#8668 = CARTESIAN_POINT('',(-2.75,0.));
#8669 = VECTOR('',#8670,1.);
#8670 = DIRECTION('',(1.110223024625E-16,-1.));
#8671 = ( GEOMETRIC_REPRESENTATION_CONTEXT(2) 
PARAMETRIC_REPRESENTATION_CONTEXT() REPRESENTATION_CONTEXT('2D SPACE',''
  ) );
#8672 = ORIENTED_EDGE('',*,*,#8603,.F.);
#8673 = ORIENTED_EDGE('',*,*,#6847,.T.);
#8674 = ORIENTED_EDGE('',*,*,#8675,.T.);
#8675 = EDGE_CURVE('',#6848,#7992,#8676,.T.);
#8676 = SURFACE_CURVE('',#8677,(#8681,#8687),.PCURVE_S1.);
#8677 = LINE('',#8678,#8679);
#8678 = CARTESIAN_POINT('',(-48.95,-53.10407428263,25.6));
#8679 = VECTOR('',#8680,1.);
#8680 = DIRECTION('',(-0.,-0.,-1.));
#8681 = PCURVE('',#6863,#8682);
#8682 = DEFINITIONAL_REPRESENTATION('',(#8683),#8686);
#8683 = B_SPLINE_CURVE_WITH_KNOTS('',1,(#8684,#8685),.UNSPECIFIED.,.F.,
  .F.,(2,2),(-1.2000006,-0.1999994),.PIECEWISE_BEZIER_KNOTS.);
#8684 = CARTESIAN_POINT('',(2.0000006,4.454074282633));
#8685 = CARTESIAN_POINT('',(0.9999994,4.454074282633));
#8686 = ( GEOMETRIC_REPRESENTATION_CONTEXT(2) 
PARAMETRIC_REPRESENTATION_CONTEXT() REPRESENTATION_CONTEXT('2D SPACE',''
  ) );
#8687 = PCURVE('',#6896,#8688);
#8688 = DEFINITIONAL_REPRESENTATION('',(#8689),#8692);
#8689 = B_SPLINE_CURVE_WITH_KNOTS('',1,(#8690,#8691),.UNSPECIFIED.,.F.,
  .F.,(2,2),(-1.2000006,-0.1999994),.PIECEWISE_BEZIER_KNOTS.);
#8690 = CARTESIAN_POINT('',(-4.311757387683,-1.2000006));
#8691 = CARTESIAN_POINT('',(-4.311757387683,-0.1999994));
#8692 = ( GEOMETRIC_REPRESENTATION_CONTEXT(2) 
PARAMETRIC_REPRESENTATION_CONTEXT() REPRESENTATION_CONTEXT('2D SPACE',''
  ) );
#8693 = ORIENTED_EDGE('',*,*,#7991,.F.);
#8694 = ORIENTED_EDGE('',*,*,#8695,.F.);
#8695 = EDGE_CURVE('',#8651,#7966,#8696,.T.);
#8696 = SURFACE_CURVE('',#8697,(#8701,#8708),.PCURVE_S1.);
#8697 = LINE('',#8698,#8699);
#8698 = CARTESIAN_POINT('',(-48.95,-54.3,24.8));
#8699 = VECTOR('',#8700,1.);
#8700 = DIRECTION('',(0.,0.,1.));
#8701 = PCURVE('',#6863,#8702);
#8702 = DEFINITIONAL_REPRESENTATION('',(#8703),#8707);
#8703 = LINE('',#8704,#8705);
#8704 = CARTESIAN_POINT('',(0.,5.65));
#8705 = VECTOR('',#8706,1.);
#8706 = DIRECTION('',(1.,0.));
#8707 = ( GEOMETRIC_REPRESENTATION_CONTEXT(2) 
PARAMETRIC_REPRESENTATION_CONTEXT() REPRESENTATION_CONTEXT('2D SPACE',''
  ) );
#8708 = PCURVE('',#7980,#8709);
#8709 = DEFINITIONAL_REPRESENTATION('',(#8710),#8714);
#8710 = LINE('',#8711,#8712);
#8711 = CARTESIAN_POINT('',(0.,0.));
#8712 = VECTOR('',#8713,1.);
#8713 = DIRECTION('',(1.,0.));
#8714 = ( GEOMETRIC_REPRESENTATION_CONTEXT(2) 
PARAMETRIC_REPRESENTATION_CONTEXT() REPRESENTATION_CONTEXT('2D SPACE',''
  ) );
#8715 = ADVANCED_FACE('',(#8716),#7161,.F.);
#8716 = FACE_BOUND('',#8717,.F.);
#8717 = EDGE_LOOP('',(#8718,#8748,#8767,#8768,#8769,#8770));
#8718 = ORIENTED_EDGE('',*,*,#8719,.F.);
#8719 = EDGE_CURVE('',#8720,#8722,#8724,.T.);
#8720 = VERTEX_POINT('',#8721);
#8721 = CARTESIAN_POINT('',(48.95,52.211951712194,24.8));
#8722 = VERTEX_POINT('',#8723);
#8723 = CARTESIAN_POINT('',(48.95,54.3,24.8));
#8724 = SURFACE_CURVE('',#8725,(#8729,#8736),.PCURVE_S1.);
#8725 = LINE('',#8726,#8727);
#8726 = CARTESIAN_POINT('',(48.95,48.65,24.8));
#8727 = VECTOR('',#8728,1.);
#8728 = DIRECTION('',(1.110223024625E-16,1.,0.));
#8729 = PCURVE('',#7161,#8730);
#8730 = DEFINITIONAL_REPRESENTATION('',(#8731),#8735);
#8731 = LINE('',#8732,#8733);
#8732 = CARTESIAN_POINT('',(0.,0.));
#8733 = VECTOR('',#8734,1.);
#8734 = DIRECTION('',(0.,1.));
#8735 = ( GEOMETRIC_REPRESENTATION_CONTEXT(2) 
PARAMETRIC_REPRESENTATION_CONTEXT() REPRESENTATION_CONTEXT('2D SPACE',''
  ) );
#8736 = PCURVE('',#8737,#8742);
#8737 = PLANE('',#8738);
#8738 = AXIS2_PLACEMENT_3D('',#8739,#8740,#8741);
#8739 = CARTESIAN_POINT('',(46.2,48.65,24.8));
#8740 = DIRECTION('',(0.,0.,1.));
#8741 = DIRECTION('',(1.,0.,-0.));
#8742 = DEFINITIONAL_REPRESENTATION('',(#8743),#8747);
#8743 = LINE('',#8744,#8745);
#8744 = CARTESIAN_POINT('',(2.75,-7.105427357601E-15));
#8745 = VECTOR('',#8746,1.);
#8746 = DIRECTION('',(1.110223024625E-16,1.));
#8747 = ( GEOMETRIC_REPRESENTATION_CONTEXT(2) 
PARAMETRIC_REPRESENTATION_CONTEXT() REPRESENTATION_CONTEXT('2D SPACE',''
  ) );
#8748 = ORIENTED_EDGE('',*,*,#8749,.F.);
#8749 = EDGE_CURVE('',#7113,#8720,#8750,.T.);
#8750 = SURFACE_CURVE('',#8751,(#8755,#8761),.PCURVE_S1.);
#8751 = LINE('',#8752,#8753);
#8752 = CARTESIAN_POINT('',(48.95,52.211951712194,24.8));
#8753 = VECTOR('',#8754,1.);
#8754 = DIRECTION('',(-0.,-0.,-1.));
#8755 = PCURVE('',#7161,#8756);
#8756 = DEFINITIONAL_REPRESENTATION('',(#8757),#8760);
#8757 = B_SPLINE_CURVE_WITH_KNOTS('',1,(#8758,#8759),.UNSPECIFIED.,.F.,
  .F.,(2,2),(-2.0000006,5.999999999062E-07),.PIECEWISE_BEZIER_KNOTS.);
#8758 = CARTESIAN_POINT('',(2.0000006,3.561951712194));
#8759 = CARTESIAN_POINT('',(-5.999999999062E-07,3.561951712194));
#8760 = ( GEOMETRIC_REPRESENTATION_CONTEXT(2) 
PARAMETRIC_REPRESENTATION_CONTEXT() REPRESENTATION_CONTEXT('2D SPACE',''
  ) );
#8761 = PCURVE('',#7133,#8762);
#8762 = DEFINITIONAL_REPRESENTATION('',(#8763),#8766);
#8763 = B_SPLINE_CURVE_WITH_KNOTS('',1,(#8764,#8765),.UNSPECIFIED.,.F.,
  .F.,(2,2),(-2.,0.),.PIECEWISE_BEZIER_KNOTS.);
#8764 = CARTESIAN_POINT('',(-7.196518077593,-2.));
#8765 = CARTESIAN_POINT('',(-7.196518077593,0.));
#8766 = ( GEOMETRIC_REPRESENTATION_CONTEXT(2) 
PARAMETRIC_REPRESENTATION_CONTEXT() REPRESENTATION_CONTEXT('2D SPACE',''
  ) );
#8767 = ORIENTED_EDGE('',*,*,#7145,.T.);
#8768 = ORIENTED_EDGE('',*,*,#8625,.T.);
#8769 = ORIENTED_EDGE('',*,*,#7824,.F.);
#8770 = ORIENTED_EDGE('',*,*,#8771,.F.);
#8771 = EDGE_CURVE('',#8722,#7799,#8772,.T.);
#8772 = SURFACE_CURVE('',#8773,(#8777,#8784),.PCURVE_S1.);
#8773 = LINE('',#8774,#8775);
#8774 = CARTESIAN_POINT('',(48.95,54.3,24.8));
#8775 = VECTOR('',#8776,1.);
#8776 = DIRECTION('',(0.,0.,1.));
#8777 = PCURVE('',#7161,#8778);
#8778 = DEFINITIONAL_REPRESENTATION('',(#8779),#8783);
#8779 = LINE('',#8780,#8781);
#8780 = CARTESIAN_POINT('',(0.,5.65));
#8781 = VECTOR('',#8782,1.);
#8782 = DIRECTION('',(1.,0.));
#8783 = ( GEOMETRIC_REPRESENTATION_CONTEXT(2) 
PARAMETRIC_REPRESENTATION_CONTEXT() REPRESENTATION_CONTEXT('2D SPACE',''
  ) );
#8784 = PCURVE('',#7813,#8785);
#8785 = DEFINITIONAL_REPRESENTATION('',(#8786),#8790);
#8786 = LINE('',#8787,#8788);
#8787 = CARTESIAN_POINT('',(0.,0.));
#8788 = VECTOR('',#8789,1.);
#8789 = DIRECTION('',(1.,0.));
#8790 = ( GEOMETRIC_REPRESENTATION_CONTEXT(2) 
PARAMETRIC_REPRESENTATION_CONTEXT() REPRESENTATION_CONTEXT('2D SPACE',''
  ) );
#8791 = ADVANCED_FACE('',(#8792),#6896,.F.);
#8792 = FACE_BOUND('',#8793,.T.);
#8793 = EDGE_LOOP('',(#8794,#8795,#8796,#8817));
#8794 = ORIENTED_EDGE('',*,*,#8675,.T.);
#8795 = ORIENTED_EDGE('',*,*,#8012,.T.);
#8796 = ORIENTED_EDGE('',*,*,#8797,.T.);
#8797 = EDGE_CURVE('',#7640,#6876,#8798,.T.);
#8798 = SURFACE_CURVE('',#8799,(#8803,#8810),.PCURVE_S1.);
#8799 = LINE('',#8800,#8801);
#8800 = CARTESIAN_POINT('',(-52.,-48.5,25.6));
#8801 = VECTOR('',#8802,1.);
#8802 = DIRECTION('',(0.,0.,1.));
#8803 = PCURVE('',#6896,#8804);
#8804 = DEFINITIONAL_REPRESENTATION('',(#8805),#8809);
#8805 = LINE('',#8806,#8807);
#8806 = CARTESIAN_POINT('',(-3.14159265359,0.));
#8807 = VECTOR('',#8808,1.);
#8808 = DIRECTION('',(-0.,-1.));
#8809 = ( GEOMETRIC_REPRESENTATION_CONTEXT(2) 
PARAMETRIC_REPRESENTATION_CONTEXT() REPRESENTATION_CONTEXT('2D SPACE',''
  ) );
#8810 = PCURVE('',#6924,#8811);
#8811 = DEFINITIONAL_REPRESENTATION('',(#8812),#8816);
#8812 = LINE('',#8813,#8814);
#8813 = CARTESIAN_POINT('',(0.,0.));
#8814 = VECTOR('',#8815,1.);
#8815 = DIRECTION('',(0.,-1.));
#8816 = ( GEOMETRIC_REPRESENTATION_CONTEXT(2) 
PARAMETRIC_REPRESENTATION_CONTEXT() REPRESENTATION_CONTEXT('2D SPACE',''
  ) );
#8817 = ORIENTED_EDGE('',*,*,#6875,.F.);
#8818 = ADVANCED_FACE('',(#8819),#7133,.T.);
#8819 = FACE_BOUND('',#8820,.F.);
#8820 = EDGE_LOOP('',(#8821,#8845,#8864,#8865));
#8821 = ORIENTED_EDGE('',*,*,#8822,.F.);
#8822 = EDGE_CURVE('',#8823,#8720,#8825,.T.);
#8823 = VERTEX_POINT('',#8824);
#8824 = CARTESIAN_POINT('',(43.45,52.211951712194,24.8));
#8825 = SURFACE_CURVE('',#8826,(#8831,#8838),.PCURVE_S1.);
#8826 = CIRCLE('',#8827,4.5);
#8827 = AXIS2_PLACEMENT_3D('',#8828,#8829,#8830);
#8828 = CARTESIAN_POINT('',(46.2,48.65,24.8));
#8829 = DIRECTION('',(0.,0.,1.));
#8830 = DIRECTION('',(-0.611111111111,0.791544824932,0.));
#8831 = PCURVE('',#7133,#8832);
#8832 = DEFINITIONAL_REPRESENTATION('',(#8833),#8837);
#8833 = LINE('',#8834,#8835);
#8834 = CARTESIAN_POINT('',(-2.228259883177,0.));
#8835 = VECTOR('',#8836,1.);
#8836 = DIRECTION('',(-1.,0.));
#8837 = ( GEOMETRIC_REPRESENTATION_CONTEXT(2) 
PARAMETRIC_REPRESENTATION_CONTEXT() REPRESENTATION_CONTEXT('2D SPACE',''
  ) );
#8838 = PCURVE('',#8737,#8839);
#8839 = DEFINITIONAL_REPRESENTATION('',(#8840),#8844);
#8840 = CIRCLE('',#8841,4.5);
#8841 = AXIS2_PLACEMENT_2D('',#8842,#8843);
#8842 = CARTESIAN_POINT('',(-7.105427357601E-15,0.));
#8843 = DIRECTION('',(-0.611111111111,0.791544824932));
#8844 = ( GEOMETRIC_REPRESENTATION_CONTEXT(2) 
PARAMETRIC_REPRESENTATION_CONTEXT() REPRESENTATION_CONTEXT('2D SPACE',''
  ) );
#8845 = ORIENTED_EDGE('',*,*,#8846,.F.);
#8846 = EDGE_CURVE('',#7085,#8823,#8847,.T.);
#8847 = SURFACE_CURVE('',#8848,(#8852,#8858),.PCURVE_S1.);
#8848 = LINE('',#8849,#8850);
#8849 = CARTESIAN_POINT('',(43.45,52.211951712194,24.8));
#8850 = VECTOR('',#8851,1.);
#8851 = DIRECTION('',(-0.,-0.,-1.));
#8852 = PCURVE('',#7133,#8853);
#8853 = DEFINITIONAL_REPRESENTATION('',(#8854),#8857);
#8854 = B_SPLINE_CURVE_WITH_KNOTS('',1,(#8855,#8856),.UNSPECIFIED.,.F.,
  .F.,(2,2),(-2.,-0.),.PIECEWISE_BEZIER_KNOTS.);
#8855 = CARTESIAN_POINT('',(-2.228259883177,-2.));
#8856 = CARTESIAN_POINT('',(-2.228259883177,0.));
#8857 = ( GEOMETRIC_REPRESENTATION_CONTEXT(2) 
PARAMETRIC_REPRESENTATION_CONTEXT() REPRESENTATION_CONTEXT('2D SPACE',''
  ) );
#8858 = PCURVE('',#7100,#8859);
#8859 = DEFINITIONAL_REPRESENTATION('',(#8860),#8863);
#8860 = B_SPLINE_CURVE_WITH_KNOTS('',1,(#8861,#8862),.UNSPECIFIED.,.F.,
  .F.,(2,2),(-2.0000006,5.999999999062E-07),.PIECEWISE_BEZIER_KNOTS.);
#8861 = CARTESIAN_POINT('',(2.0000006,3.561951712194));
#8862 = CARTESIAN_POINT('',(-5.999999999062E-07,3.561951712194));
#8863 = ( GEOMETRIC_REPRESENTATION_CONTEXT(2) 
PARAMETRIC_REPRESENTATION_CONTEXT() REPRESENTATION_CONTEXT('2D SPACE',''
  ) );
#8864 = ORIENTED_EDGE('',*,*,#7112,.F.);
#8865 = ORIENTED_EDGE('',*,*,#8749,.T.);
#8866 = ADVANCED_FACE('',(#8867),#6924,.F.);
#8867 = FACE_BOUND('',#8868,.F.);
#8868 = EDGE_LOOP('',(#8869,#8870,#8871,#8872));
#8869 = ORIENTED_EDGE('',*,*,#7637,.T.);
#8870 = ORIENTED_EDGE('',*,*,#8797,.T.);
#8871 = ORIENTED_EDGE('',*,*,#6908,.F.);
#8872 = ORIENTED_EDGE('',*,*,#8873,.F.);
#8873 = EDGE_CURVE('',#7638,#6909,#8874,.T.);
#8874 = SURFACE_CURVE('',#8875,(#8879,#8886),.PCURVE_S1.);
#8875 = LINE('',#8876,#8877);
#8876 = CARTESIAN_POINT('',(-52.,48.5,25.6));
#8877 = VECTOR('',#8878,1.);
#8878 = DIRECTION('',(0.,0.,1.));
#8879 = PCURVE('',#6924,#8880);
#8880 = DEFINITIONAL_REPRESENTATION('',(#8881),#8885);
#8881 = LINE('',#8882,#8883);
#8882 = CARTESIAN_POINT('',(97.,0.));
#8883 = VECTOR('',#8884,1.);
#8884 = DIRECTION('',(0.,-1.));
#8885 = ( GEOMETRIC_REPRESENTATION_CONTEXT(2) 
PARAMETRIC_REPRESENTATION_CONTEXT() REPRESENTATION_CONTEXT('2D SPACE',''
  ) );
#8886 = PCURVE('',#6956,#8887);
#8887 = DEFINITIONAL_REPRESENTATION('',(#8888),#8892);
#8888 = LINE('',#8889,#8890);
#8889 = CARTESIAN_POINT('',(-3.14159265359,0.));
#8890 = VECTOR('',#8891,1.);
#8891 = DIRECTION('',(-0.,-1.));
#8892 = ( GEOMETRIC_REPRESENTATION_CONTEXT(2) 
PARAMETRIC_REPRESENTATION_CONTEXT() REPRESENTATION_CONTEXT('2D SPACE',''
  ) );
#8893 = ADVANCED_FACE('',(#8894),#7100,.T.);
#8894 = FACE_BOUND('',#8895,.T.);
#8895 = EDGE_LOOP('',(#8896,#8919,#8920,#8921,#8940,#8941));
#8896 = ORIENTED_EDGE('',*,*,#8897,.F.);
#8897 = EDGE_CURVE('',#8823,#8898,#8900,.T.);
#8898 = VERTEX_POINT('',#8899);
#8899 = CARTESIAN_POINT('',(43.45,54.3,24.8));
#8900 = SURFACE_CURVE('',#8901,(#8905,#8912),.PCURVE_S1.);
#8901 = LINE('',#8902,#8903);
#8902 = CARTESIAN_POINT('',(43.45,48.65,24.8));
#8903 = VECTOR('',#8904,1.);
#8904 = DIRECTION('',(1.110223024625E-16,1.,0.));
#8905 = PCURVE('',#7100,#8906);
#8906 = DEFINITIONAL_REPRESENTATION('',(#8907),#8911);
#8907 = LINE('',#8908,#8909);
#8908 = CARTESIAN_POINT('',(0.,0.));
#8909 = VECTOR('',#8910,1.);
#8910 = DIRECTION('',(0.,1.));
#8911 = ( GEOMETRIC_REPRESENTATION_CONTEXT(2) 
PARAMETRIC_REPRESENTATION_CONTEXT() REPRESENTATION_CONTEXT('2D SPACE',''
  ) );
#8912 = PCURVE('',#8737,#8913);
#8913 = DEFINITIONAL_REPRESENTATION('',(#8914),#8918);
#8914 = LINE('',#8915,#8916);
#8915 = CARTESIAN_POINT('',(-2.75,0.));
#8916 = VECTOR('',#8917,1.);
#8917 = DIRECTION('',(1.110223024625E-16,1.));
#8918 = ( GEOMETRIC_REPRESENTATION_CONTEXT(2) 
PARAMETRIC_REPRESENTATION_CONTEXT() REPRESENTATION_CONTEXT('2D SPACE',''
  ) );
#8919 = ORIENTED_EDGE('',*,*,#8846,.F.);
#8920 = ORIENTED_EDGE('',*,*,#7084,.T.);
#8921 = ORIENTED_EDGE('',*,*,#8922,.F.);
#8922 = EDGE_CURVE('',#7757,#7058,#8923,.T.);
#8923 = SURFACE_CURVE('',#8924,(#8928,#8934),.PCURVE_S1.);
#8924 = LINE('',#8925,#8926);
#8925 = CARTESIAN_POINT('',(43.45,53.5,25.2));
#8926 = VECTOR('',#8927,1.);
#8927 = DIRECTION('',(0.,-0.,1.));
#8928 = PCURVE('',#7100,#8929);
#8929 = DEFINITIONAL_REPRESENTATION('',(#8930),#8933);
#8930 = B_SPLINE_CURVE_WITH_KNOTS('',1,(#8931,#8932),.UNSPECIFIED.,.F.,
  .F.,(2,2),(0.6,1.6),.PIECEWISE_BEZIER_KNOTS.);
#8931 = CARTESIAN_POINT('',(1.,4.85));
#8932 = CARTESIAN_POINT('',(2.,4.85));
#8933 = ( GEOMETRIC_REPRESENTATION_CONTEXT(2) 
PARAMETRIC_REPRESENTATION_CONTEXT() REPRESENTATION_CONTEXT('2D SPACE',''
  ) );
#8934 = PCURVE('',#7073,#8935);
#8935 = DEFINITIONAL_REPRESENTATION('',(#8936),#8939);
#8936 = B_SPLINE_CURVE_WITH_KNOTS('',1,(#8937,#8938),.UNSPECIFIED.,.F.,
  .F.,(2,2),(0.6,1.6),.PIECEWISE_BEZIER_KNOTS.);
#8937 = CARTESIAN_POINT('',(90.45,-0.2));
#8938 = CARTESIAN_POINT('',(90.45,-1.2));
#8939 = ( GEOMETRIC_REPRESENTATION_CONTEXT(2) 
PARAMETRIC_REPRESENTATION_CONTEXT() REPRESENTATION_CONTEXT('2D SPACE',''
  ) );
#8940 = ORIENTED_EDGE('',*,*,#7777,.F.);
#8941 = ORIENTED_EDGE('',*,*,#8942,.F.);
#8942 = EDGE_CURVE('',#8898,#7778,#8943,.T.);
#8943 = SURFACE_CURVE('',#8944,(#8948,#8955),.PCURVE_S1.);
#8944 = LINE('',#8945,#8946);
#8945 = CARTESIAN_POINT('',(43.45,54.3,24.8));
#8946 = VECTOR('',#8947,1.);
#8947 = DIRECTION('',(0.,0.,1.));
#8948 = PCURVE('',#7100,#8949);
#8949 = DEFINITIONAL_REPRESENTATION('',(#8950),#8954);
#8950 = LINE('',#8951,#8952);
#8951 = CARTESIAN_POINT('',(0.,5.65));
#8952 = VECTOR('',#8953,1.);
#8953 = DIRECTION('',(1.,0.));
#8954 = ( GEOMETRIC_REPRESENTATION_CONTEXT(2) 
PARAMETRIC_REPRESENTATION_CONTEXT() REPRESENTATION_CONTEXT('2D SPACE',''
  ) );
#8955 = PCURVE('',#7813,#8956);
#8956 = DEFINITIONAL_REPRESENTATION('',(#8957),#8961);
#8957 = LINE('',#8958,#8959);
#8958 = CARTESIAN_POINT('',(0.,-5.5));
#8959 = VECTOR('',#8960,1.);
#8960 = DIRECTION('',(1.,0.));
#8961 = ( GEOMETRIC_REPRESENTATION_CONTEXT(2) 
PARAMETRIC_REPRESENTATION_CONTEXT() REPRESENTATION_CONTEXT('2D SPACE',''
  ) );
#8962 = ADVANCED_FACE('',(#8963),#6956,.F.);
#8963 = FACE_BOUND('',#8964,.T.);
#8964 = EDGE_LOOP('',(#8965,#8966,#8967,#8986));
#8965 = ORIENTED_EDGE('',*,*,#8873,.F.);
#8966 = ORIENTED_EDGE('',*,*,#7660,.T.);
#8967 = ORIENTED_EDGE('',*,*,#8968,.F.);
#8968 = EDGE_CURVE('',#6936,#7661,#8969,.T.);
#8969 = SURFACE_CURVE('',#8970,(#8974,#8980),.PCURVE_S1.);
#8970 = LINE('',#8971,#8972);
#8971 = CARTESIAN_POINT('',(-48.95,53.104074282633,25.6));
#8972 = VECTOR('',#8973,1.);
#8973 = DIRECTION('',(-0.,-0.,-1.));
#8974 = PCURVE('',#6956,#8975);
#8975 = DEFINITIONAL_REPRESENTATION('',(#8976),#8979);
#8976 = B_SPLINE_CURVE_WITH_KNOTS('',1,(#8977,#8978),.UNSPECIFIED.,.F.,
  .F.,(2,2),(-1.2000006,-0.1999994),.PIECEWISE_BEZIER_KNOTS.);
#8977 = CARTESIAN_POINT('',(-1.971427919496,-1.2000006));
#8978 = CARTESIAN_POINT('',(-1.971427919496,-0.1999994));
#8979 = ( GEOMETRIC_REPRESENTATION_CONTEXT(2) 
PARAMETRIC_REPRESENTATION_CONTEXT() REPRESENTATION_CONTEXT('2D SPACE',''
  ) );
#8980 = PCURVE('',#6984,#8981);
#8981 = DEFINITIONAL_REPRESENTATION('',(#8982),#8985);
#8982 = B_SPLINE_CURVE_WITH_KNOTS('',1,(#8983,#8984),.UNSPECIFIED.,.F.,
  .F.,(2,2),(-1.2000006,-0.1999994),.PIECEWISE_BEZIER_KNOTS.);
#8983 = CARTESIAN_POINT('',(2.0000006,4.454074282633));
#8984 = CARTESIAN_POINT('',(0.9999994,4.454074282633));
#8985 = ( GEOMETRIC_REPRESENTATION_CONTEXT(2) 
PARAMETRIC_REPRESENTATION_CONTEXT() REPRESENTATION_CONTEXT('2D SPACE',''
  ) );
#8986 = ORIENTED_EDGE('',*,*,#6935,.F.);
#8987 = ADVANCED_FACE('',(#8988),#7073,.F.);
#8988 = FACE_BOUND('',#8989,.F.);
#8989 = EDGE_LOOP('',(#8990,#8991,#8992,#9011));
#8990 = ORIENTED_EDGE('',*,*,#8922,.F.);
#8991 = ORIENTED_EDGE('',*,*,#7756,.T.);
#8992 = ORIENTED_EDGE('',*,*,#8993,.T.);
#8993 = EDGE_CURVE('',#7736,#7030,#8994,.T.);
#8994 = SURFACE_CURVE('',#8995,(#8999,#9005),.PCURVE_S1.);
#8995 = LINE('',#8996,#8997);
#8996 = CARTESIAN_POINT('',(-43.45,53.5,25.2));
#8997 = VECTOR('',#8998,1.);
#8998 = DIRECTION('',(0.,-0.,1.));
#8999 = PCURVE('',#7073,#9000);
#9000 = DEFINITIONAL_REPRESENTATION('',(#9001),#9004);
#9001 = B_SPLINE_CURVE_WITH_KNOTS('',1,(#9002,#9003),.UNSPECIFIED.,.F.,
  .F.,(2,2),(0.6,1.6),.PIECEWISE_BEZIER_KNOTS.);
#9002 = CARTESIAN_POINT('',(3.55,-0.2));
#9003 = CARTESIAN_POINT('',(3.55,-1.2));
#9004 = ( GEOMETRIC_REPRESENTATION_CONTEXT(2) 
PARAMETRIC_REPRESENTATION_CONTEXT() REPRESENTATION_CONTEXT('2D SPACE',''
  ) );
#9005 = PCURVE('',#7045,#9006);
#9006 = DEFINITIONAL_REPRESENTATION('',(#9007),#9010);
#9007 = B_SPLINE_CURVE_WITH_KNOTS('',1,(#9008,#9009),.UNSPECIFIED.,.F.,
  .F.,(2,2),(0.6,1.6),.PIECEWISE_BEZIER_KNOTS.);
#9008 = CARTESIAN_POINT('',(1.,4.85));
#9009 = CARTESIAN_POINT('',(2.,4.85));
#9010 = ( GEOMETRIC_REPRESENTATION_CONTEXT(2) 
PARAMETRIC_REPRESENTATION_CONTEXT() REPRESENTATION_CONTEXT('2D SPACE',''
  ) );
#9011 = ORIENTED_EDGE('',*,*,#7057,.F.);
#9012 = ADVANCED_FACE('',(#9013),#6984,.T.);
#9013 = FACE_BOUND('',#9014,.T.);
#9014 = EDGE_LOOP('',(#9015,#9045,#9064,#9065,#9066,#9067));
#9015 = ORIENTED_EDGE('',*,*,#9016,.F.);
#9016 = EDGE_CURVE('',#9017,#9019,#9021,.T.);
#9017 = VERTEX_POINT('',#9018);
#9018 = CARTESIAN_POINT('',(-48.95,52.211951712194,24.8));
#9019 = VERTEX_POINT('',#9020);
#9020 = CARTESIAN_POINT('',(-48.95,54.3,24.8));
#9021 = SURFACE_CURVE('',#9022,(#9026,#9033),.PCURVE_S1.);
#9022 = LINE('',#9023,#9024);
#9023 = CARTESIAN_POINT('',(-48.95,48.65,24.8));
#9024 = VECTOR('',#9025,1.);
#9025 = DIRECTION('',(1.110223024625E-16,1.,0.));
#9026 = PCURVE('',#6984,#9027);
#9027 = DEFINITIONAL_REPRESENTATION('',(#9028),#9032);
#9028 = LINE('',#9029,#9030);
#9029 = CARTESIAN_POINT('',(0.,0.));
#9030 = VECTOR('',#9031,1.);
#9031 = DIRECTION('',(0.,1.));
#9032 = ( GEOMETRIC_REPRESENTATION_CONTEXT(2) 
PARAMETRIC_REPRESENTATION_CONTEXT() REPRESENTATION_CONTEXT('2D SPACE',''
  ) );
#9033 = PCURVE('',#9034,#9039);
#9034 = PLANE('',#9035);
#9035 = AXIS2_PLACEMENT_3D('',#9036,#9037,#9038);
#9036 = CARTESIAN_POINT('',(-46.2,48.65,24.8));
#9037 = DIRECTION('',(0.,0.,1.));
#9038 = DIRECTION('',(1.,0.,-0.));
#9039 = DEFINITIONAL_REPRESENTATION('',(#9040),#9044);
#9040 = LINE('',#9041,#9042);
#9041 = CARTESIAN_POINT('',(-2.75,0.));
#9042 = VECTOR('',#9043,1.);
#9043 = DIRECTION('',(1.110223024625E-16,1.));
#9044 = ( GEOMETRIC_REPRESENTATION_CONTEXT(2) 
PARAMETRIC_REPRESENTATION_CONTEXT() REPRESENTATION_CONTEXT('2D SPACE',''
  ) );
#9045 = ORIENTED_EDGE('',*,*,#9046,.F.);
#9046 = EDGE_CURVE('',#6969,#9017,#9047,.T.);
#9047 = SURFACE_CURVE('',#9048,(#9052,#9058),.PCURVE_S1.);
#9048 = LINE('',#9049,#9050);
#9049 = CARTESIAN_POINT('',(-48.95,52.211951712194,24.8));
#9050 = VECTOR('',#9051,1.);
#9051 = DIRECTION('',(-0.,-0.,-1.));
#9052 = PCURVE('',#6984,#9053);
#9053 = DEFINITIONAL_REPRESENTATION('',(#9054),#9057);
#9054 = B_SPLINE_CURVE_WITH_KNOTS('',1,(#9055,#9056),.UNSPECIFIED.,.F.,
  .F.,(2,2),(-2.0000006,5.999999999062E-07),.PIECEWISE_BEZIER_KNOTS.);
#9055 = CARTESIAN_POINT('',(2.0000006,3.561951712194));
#9056 = CARTESIAN_POINT('',(-5.999999999062E-07,3.561951712194));
#9057 = ( GEOMETRIC_REPRESENTATION_CONTEXT(2) 
PARAMETRIC_REPRESENTATION_CONTEXT() REPRESENTATION_CONTEXT('2D SPACE',''
  ) );
#9058 = PCURVE('',#7017,#9059);
#9059 = DEFINITIONAL_REPRESENTATION('',(#9060),#9063);
#9060 = B_SPLINE_CURVE_WITH_KNOTS('',1,(#9061,#9062),.UNSPECIFIED.,.F.,
  .F.,(2,2),(-2.,-0.),.PIECEWISE_BEZIER_KNOTS.);
#9061 = CARTESIAN_POINT('',(-2.228259883177,-2.));
#9062 = CARTESIAN_POINT('',(-2.228259883177,0.));
#9063 = ( GEOMETRIC_REPRESENTATION_CONTEXT(2) 
PARAMETRIC_REPRESENTATION_CONTEXT() REPRESENTATION_CONTEXT('2D SPACE',''
  ) );
#9064 = ORIENTED_EDGE('',*,*,#6968,.T.);
#9065 = ORIENTED_EDGE('',*,*,#8968,.T.);
#9066 = ORIENTED_EDGE('',*,*,#7688,.F.);
#9067 = ORIENTED_EDGE('',*,*,#9068,.F.);
#9068 = EDGE_CURVE('',#9019,#7689,#9069,.T.);
#9069 = SURFACE_CURVE('',#9070,(#9074,#9081),.PCURVE_S1.);
#9070 = LINE('',#9071,#9072);
#9071 = CARTESIAN_POINT('',(-48.95,54.3,24.8));
#9072 = VECTOR('',#9073,1.);
#9073 = DIRECTION('',(0.,0.,1.));
#9074 = PCURVE('',#6984,#9075);
#9075 = DEFINITIONAL_REPRESENTATION('',(#9076),#9080);
#9076 = LINE('',#9077,#9078);
#9077 = CARTESIAN_POINT('',(0.,5.65));
#9078 = VECTOR('',#9079,1.);
#9079 = DIRECTION('',(1.,0.));
#9080 = ( GEOMETRIC_REPRESENTATION_CONTEXT(2) 
PARAMETRIC_REPRESENTATION_CONTEXT() REPRESENTATION_CONTEXT('2D SPACE',''
  ) );
#9081 = PCURVE('',#7724,#9082);
#9082 = DEFINITIONAL_REPRESENTATION('',(#9083),#9087);
#9083 = LINE('',#9084,#9085);
#9084 = CARTESIAN_POINT('',(0.,-5.5));
#9085 = VECTOR('',#9086,1.);
#9086 = DIRECTION('',(1.,0.));
#9087 = ( GEOMETRIC_REPRESENTATION_CONTEXT(2) 
PARAMETRIC_REPRESENTATION_CONTEXT() REPRESENTATION_CONTEXT('2D SPACE',''
  ) );
#9088 = ADVANCED_FACE('',(#9089),#7045,.F.);
#9089 = FACE_BOUND('',#9090,.F.);
#9090 = EDGE_LOOP('',(#9091,#9116,#9135,#9136,#9137,#9138));
#9091 = ORIENTED_EDGE('',*,*,#9092,.F.);
#9092 = EDGE_CURVE('',#9093,#9095,#9097,.T.);
#9093 = VERTEX_POINT('',#9094);
#9094 = CARTESIAN_POINT('',(-43.45,52.211951712194,24.8));
#9095 = VERTEX_POINT('',#9096);
#9096 = CARTESIAN_POINT('',(-43.45,54.3,24.8));
#9097 = SURFACE_CURVE('',#9098,(#9102,#9109),.PCURVE_S1.);
#9098 = LINE('',#9099,#9100);
#9099 = CARTESIAN_POINT('',(-43.45,48.65,24.8));
#9100 = VECTOR('',#9101,1.);
#9101 = DIRECTION('',(1.110223024625E-16,1.,0.));
#9102 = PCURVE('',#7045,#9103);
#9103 = DEFINITIONAL_REPRESENTATION('',(#9104),#9108);
#9104 = LINE('',#9105,#9106);
#9105 = CARTESIAN_POINT('',(0.,0.));
#9106 = VECTOR('',#9107,1.);
#9107 = DIRECTION('',(0.,1.));
#9108 = ( GEOMETRIC_REPRESENTATION_CONTEXT(2) 
PARAMETRIC_REPRESENTATION_CONTEXT() REPRESENTATION_CONTEXT('2D SPACE',''
  ) );
#9109 = PCURVE('',#9034,#9110);
#9110 = DEFINITIONAL_REPRESENTATION('',(#9111),#9115);
#9111 = LINE('',#9112,#9113);
#9112 = CARTESIAN_POINT('',(2.75,-7.105427357601E-15));
#9113 = VECTOR('',#9114,1.);
#9114 = DIRECTION('',(1.110223024625E-16,1.));
#9115 = ( GEOMETRIC_REPRESENTATION_CONTEXT(2) 
PARAMETRIC_REPRESENTATION_CONTEXT() REPRESENTATION_CONTEXT('2D SPACE',''
  ) );
#9116 = ORIENTED_EDGE('',*,*,#9117,.F.);
#9117 = EDGE_CURVE('',#6997,#9093,#9118,.T.);
#9118 = SURFACE_CURVE('',#9119,(#9123,#9129),.PCURVE_S1.);
#9119 = LINE('',#9120,#9121);
#9120 = CARTESIAN_POINT('',(-43.45,52.211951712194,24.8));
#9121 = VECTOR('',#9122,1.);
#9122 = DIRECTION('',(-0.,-0.,-1.));
#9123 = PCURVE('',#7045,#9124);
#9124 = DEFINITIONAL_REPRESENTATION('',(#9125),#9128);
#9125 = B_SPLINE_CURVE_WITH_KNOTS('',1,(#9126,#9127),.UNSPECIFIED.,.F.,
  .F.,(2,2),(-2.0000006,5.999999999062E-07),.PIECEWISE_BEZIER_KNOTS.);
#9126 = CARTESIAN_POINT('',(2.0000006,3.561951712194));
#9127 = CARTESIAN_POINT('',(-5.999999999062E-07,3.561951712194));
#9128 = ( GEOMETRIC_REPRESENTATION_CONTEXT(2) 
PARAMETRIC_REPRESENTATION_CONTEXT() REPRESENTATION_CONTEXT('2D SPACE',''
  ) );
#9129 = PCURVE('',#7017,#9130);
#9130 = DEFINITIONAL_REPRESENTATION('',(#9131),#9134);
#9131 = B_SPLINE_CURVE_WITH_KNOTS('',1,(#9132,#9133),.UNSPECIFIED.,.F.,
  .F.,(2,2),(-2.,0.),.PIECEWISE_BEZIER_KNOTS.);
#9132 = CARTESIAN_POINT('',(-7.196518077593,-2.));
#9133 = CARTESIAN_POINT('',(-7.196518077593,0.));
#9134 = ( GEOMETRIC_REPRESENTATION_CONTEXT(2) 
PARAMETRIC_REPRESENTATION_CONTEXT() REPRESENTATION_CONTEXT('2D SPACE',''
  ) );
#9135 = ORIENTED_EDGE('',*,*,#7029,.T.);
#9136 = ORIENTED_EDGE('',*,*,#8993,.F.);
#9137 = ORIENTED_EDGE('',*,*,#7735,.F.);
#9138 = ORIENTED_EDGE('',*,*,#9139,.F.);
#9139 = EDGE_CURVE('',#9095,#7710,#9140,.T.);
#9140 = SURFACE_CURVE('',#9141,(#9145,#9152),.PCURVE_S1.);
#9141 = LINE('',#9142,#9143);
#9142 = CARTESIAN_POINT('',(-43.45,54.3,24.8));
#9143 = VECTOR('',#9144,1.);
#9144 = DIRECTION('',(0.,0.,1.));
#9145 = PCURVE('',#7045,#9146);
#9146 = DEFINITIONAL_REPRESENTATION('',(#9147),#9151);
#9147 = LINE('',#9148,#9149);
#9148 = CARTESIAN_POINT('',(0.,5.65));
#9149 = VECTOR('',#9150,1.);
#9150 = DIRECTION('',(1.,0.));
#9151 = ( GEOMETRIC_REPRESENTATION_CONTEXT(2) 
PARAMETRIC_REPRESENTATION_CONTEXT() REPRESENTATION_CONTEXT('2D SPACE',''
  ) );
#9152 = PCURVE('',#7724,#9153);
#9153 = DEFINITIONAL_REPRESENTATION('',(#9154),#9158);
#9154 = LINE('',#9155,#9156);
#9155 = CARTESIAN_POINT('',(0.,0.));
#9156 = VECTOR('',#9157,1.);
#9157 = DIRECTION('',(1.,0.));
#9158 = ( GEOMETRIC_REPRESENTATION_CONTEXT(2) 
PARAMETRIC_REPRESENTATION_CONTEXT() REPRESENTATION_CONTEXT('2D SPACE',''
  ) );
#9159 = ADVANCED_FACE('',(#9160),#7017,.T.);
#9160 = FACE_BOUND('',#9161,.F.);
#9161 = EDGE_LOOP('',(#9162,#9184,#9185,#9186));
#9162 = ORIENTED_EDGE('',*,*,#9163,.F.);
#9163 = EDGE_CURVE('',#9017,#9093,#9164,.T.);
#9164 = SURFACE_CURVE('',#9165,(#9170,#9177),.PCURVE_S1.);
#9165 = CIRCLE('',#9166,4.5);
#9166 = AXIS2_PLACEMENT_3D('',#9167,#9168,#9169);
#9167 = CARTESIAN_POINT('',(-46.2,48.65,24.8));
#9168 = DIRECTION('',(0.,0.,1.));
#9169 = DIRECTION('',(-0.611111111111,0.791544824932,0.));
#9170 = PCURVE('',#7017,#9171);
#9171 = DEFINITIONAL_REPRESENTATION('',(#9172),#9176);
#9172 = LINE('',#9173,#9174);
#9173 = CARTESIAN_POINT('',(-2.228259883177,0.));
#9174 = VECTOR('',#9175,1.);
#9175 = DIRECTION('',(-1.,0.));
#9176 = ( GEOMETRIC_REPRESENTATION_CONTEXT(2) 
PARAMETRIC_REPRESENTATION_CONTEXT() REPRESENTATION_CONTEXT('2D SPACE',''
  ) );
#9177 = PCURVE('',#9034,#9178);
#9178 = DEFINITIONAL_REPRESENTATION('',(#9179),#9183);
#9179 = CIRCLE('',#9180,4.5);
#9180 = AXIS2_PLACEMENT_2D('',#9181,#9182);
#9181 = CARTESIAN_POINT('',(0.,0.));
#9182 = DIRECTION('',(-0.611111111111,0.791544824932));
#9183 = ( GEOMETRIC_REPRESENTATION_CONTEXT(2) 
PARAMETRIC_REPRESENTATION_CONTEXT() REPRESENTATION_CONTEXT('2D SPACE',''
  ) );
#9184 = ORIENTED_EDGE('',*,*,#9046,.F.);
#9185 = ORIENTED_EDGE('',*,*,#6996,.F.);
#9186 = ORIENTED_EDGE('',*,*,#9117,.T.);
#9187 = ADVANCED_FACE('',(#9188),#7283,.F.);
#9188 = FACE_BOUND('',#9189,.T.);
#9189 = EDGE_LOOP('',(#9190,#9219,#9240,#9241));
#9190 = ORIENTED_EDGE('',*,*,#9191,.F.);
#9191 = EDGE_CURVE('',#9192,#9192,#9194,.T.);
#9192 = VERTEX_POINT('',#9193);
#9193 = CARTESIAN_POINT('',(48.8,48.65,25.6));
#9194 = SURFACE_CURVE('',#9195,(#9200,#9207),.PCURVE_S1.);
#9195 = CIRCLE('',#9196,2.6);
#9196 = AXIS2_PLACEMENT_3D('',#9197,#9198,#9199);
#9197 = CARTESIAN_POINT('',(46.2,48.65,25.6));
#9198 = DIRECTION('',(0.,0.,1.));
#9199 = DIRECTION('',(1.,0.,0.));
#9200 = PCURVE('',#7283,#9201);
#9201 = DEFINITIONAL_REPRESENTATION('',(#9202),#9206);
#9202 = LINE('',#9203,#9204);
#9203 = CARTESIAN_POINT('',(-0.,0.));
#9204 = VECTOR('',#9205,1.);
#9205 = DIRECTION('',(-1.,0.));
#9206 = ( GEOMETRIC_REPRESENTATION_CONTEXT(2) 
PARAMETRIC_REPRESENTATION_CONTEXT() REPRESENTATION_CONTEXT('2D SPACE',''
  ) );
#9207 = PCURVE('',#9208,#9213);
#9208 = PLANE('',#9209);
#9209 = AXIS2_PLACEMENT_3D('',#9210,#9211,#9212);
#9210 = CARTESIAN_POINT('',(46.2,48.65,25.6));
#9211 = DIRECTION('',(0.,0.,1.));
#9212 = DIRECTION('',(1.,0.,-0.));
#9213 = DEFINITIONAL_REPRESENTATION('',(#9214),#9218);
#9214 = CIRCLE('',#9215,2.6);
#9215 = AXIS2_PLACEMENT_2D('',#9216,#9217);
#9216 = CARTESIAN_POINT('',(-7.105427357601E-15,0.));
#9217 = DIRECTION('',(1.,0.));
#9218 = ( GEOMETRIC_REPRESENTATION_CONTEXT(2) 
PARAMETRIC_REPRESENTATION_CONTEXT() REPRESENTATION_CONTEXT('2D SPACE',''
  ) );
#9219 = ORIENTED_EDGE('',*,*,#9220,.T.);
#9220 = EDGE_CURVE('',#9192,#7263,#9221,.T.);
#9221 = SEAM_CURVE('',#9222,(#9226,#9233),.PCURVE_S1.);
#9222 = LINE('',#9223,#9224);
#9223 = CARTESIAN_POINT('',(48.8,48.65,25.6));
#9224 = VECTOR('',#9225,1.);
#9225 = DIRECTION('',(0.,0.,1.));
#9226 = PCURVE('',#7283,#9227);
#9227 = DEFINITIONAL_REPRESENTATION('',(#9228),#9232);
#9228 = LINE('',#9229,#9230);
#9229 = CARTESIAN_POINT('',(-6.28318530718,0.));
#9230 = VECTOR('',#9231,1.);
#9231 = DIRECTION('',(-0.,-1.));
#9232 = ( GEOMETRIC_REPRESENTATION_CONTEXT(2) 
PARAMETRIC_REPRESENTATION_CONTEXT() REPRESENTATION_CONTEXT('2D SPACE',''
  ) );
#9233 = PCURVE('',#7283,#9234);
#9234 = DEFINITIONAL_REPRESENTATION('',(#9235),#9239);
#9235 = LINE('',#9236,#9237);
#9236 = CARTESIAN_POINT('',(-0.,0.));
#9237 = VECTOR('',#9238,1.);
#9238 = DIRECTION('',(-0.,-1.));
#9239 = ( GEOMETRIC_REPRESENTATION_CONTEXT(2) 
PARAMETRIC_REPRESENTATION_CONTEXT() REPRESENTATION_CONTEXT('2D SPACE',''
  ) );
#9240 = ORIENTED_EDGE('',*,*,#7262,.F.);
#9241 = ORIENTED_EDGE('',*,*,#9220,.F.);
#9242 = ADVANCED_FACE('',(#9243,#9246),#7409,.F.);
#9243 = FACE_BOUND('',#9244,.F.);
#9244 = EDGE_LOOP('',(#9245));
#9245 = ORIENTED_EDGE('',*,*,#7392,.T.);
#9246 = FACE_BOUND('',#9247,.F.);
#9247 = EDGE_LOOP('',(#9248));
#9248 = ORIENTED_EDGE('',*,*,#9249,.T.);
#9249 = EDGE_CURVE('',#9250,#9250,#9252,.T.);
#9250 = VERTEX_POINT('',#9251);
#9251 = CARTESIAN_POINT('',(47.9,-48.65,11.9));
#9252 = SURFACE_CURVE('',#9253,(#9258,#9269),.PCURVE_S1.);
#9253 = CIRCLE('',#9254,1.7);
#9254 = AXIS2_PLACEMENT_3D('',#9255,#9256,#9257);
#9255 = CARTESIAN_POINT('',(46.2,-48.65,11.9));
#9256 = DIRECTION('',(0.,0.,-1.));
#9257 = DIRECTION('',(1.,0.,0.));
#9258 = PCURVE('',#7409,#9259);
#9259 = DEFINITIONAL_REPRESENTATION('',(#9260),#9268);
#9260 = ( BOUNDED_CURVE() B_SPLINE_CURVE(2,(#9261,#9262,#9263,#9264,
#9265,#9266,#9267),.UNSPECIFIED.,.T.,.F.) B_SPLINE_CURVE_WITH_KNOTS((1,2
    ,2,2,2,1),(-2.094395102393,0.,2.094395102393,4.188790204786,
6.28318530718,8.377580409573),.UNSPECIFIED.) CURVE() 
GEOMETRIC_REPRESENTATION_ITEM() RATIONAL_B_SPLINE_CURVE((1.,0.5,1.,0.5,
1.,0.5,1.)) REPRESENTATION_ITEM('') );
#9261 = CARTESIAN_POINT('',(1.7,7.105427357601E-15));
#9262 = CARTESIAN_POINT('',(1.7,-2.944486372867));
#9263 = CARTESIAN_POINT('',(-0.85,-1.472243186434));
#9264 = CARTESIAN_POINT('',(-3.4,6.689047445891E-15));
#9265 = CARTESIAN_POINT('',(-0.85,1.472243186434));
#9266 = CARTESIAN_POINT('',(1.7,2.944486372867));
#9267 = CARTESIAN_POINT('',(1.7,7.105427357601E-15));
#9268 = ( GEOMETRIC_REPRESENTATION_CONTEXT(2) 
PARAMETRIC_REPRESENTATION_CONTEXT() REPRESENTATION_CONTEXT('2D SPACE',''
  ) );
#9269 = PCURVE('',#9270,#9275);
#9270 = CYLINDRICAL_SURFACE('',#9271,1.7);
#9271 = AXIS2_PLACEMENT_3D('',#9272,#9273,#9274);
#9272 = CARTESIAN_POINT('',(46.2,-48.65,11.1));
#9273 = DIRECTION('',(-0.,-0.,-1.));
#9274 = DIRECTION('',(1.,0.,0.));
#9275 = DEFINITIONAL_REPRESENTATION('',(#9276),#9280);
#9276 = LINE('',#9277,#9278);
#9277 = CARTESIAN_POINT('',(-6.28318530718,-0.8));
#9278 = VECTOR('',#9279,1.);
#9279 = DIRECTION('',(1.,-0.));
#9280 = ( GEOMETRIC_REPRESENTATION_CONTEXT(2) 
PARAMETRIC_REPRESENTATION_CONTEXT() REPRESENTATION_CONTEXT('2D SPACE',''
  ) );
#9281 = ADVANCED_FACE('',(#9282),#7980,.T.);
#9282 = FACE_BOUND('',#9283,.T.);
#9283 = EDGE_LOOP('',(#9284,#9285,#9306,#9307));
#9284 = ORIENTED_EDGE('',*,*,#8695,.F.);
#9285 = ORIENTED_EDGE('',*,*,#9286,.T.);
#9286 = EDGE_CURVE('',#8651,#8477,#9287,.T.);
#9287 = SURFACE_CURVE('',#9288,(#9292,#9299),.PCURVE_S1.);
#9288 = LINE('',#9289,#9290);
#9289 = CARTESIAN_POINT('',(-48.95,-54.3,24.8));
#9290 = VECTOR('',#9291,1.);
#9291 = DIRECTION('',(1.,1.110223024625E-16,0.));
#9292 = PCURVE('',#7980,#9293);
#9293 = DEFINITIONAL_REPRESENTATION('',(#9294),#9298);
#9294 = LINE('',#9295,#9296);
#9295 = CARTESIAN_POINT('',(0.,0.));
#9296 = VECTOR('',#9297,1.);
#9297 = DIRECTION('',(0.,-1.));
#9298 = ( GEOMETRIC_REPRESENTATION_CONTEXT(2) 
PARAMETRIC_REPRESENTATION_CONTEXT() REPRESENTATION_CONTEXT('2D SPACE',''
  ) );
#9299 = PCURVE('',#8492,#9300);
#9300 = DEFINITIONAL_REPRESENTATION('',(#9301),#9305);
#9301 = LINE('',#9302,#9303);
#9302 = CARTESIAN_POINT('',(-2.75,-5.65));
#9303 = VECTOR('',#9304,1.);
#9304 = DIRECTION('',(1.,1.110223024625E-16));
#9305 = ( GEOMETRIC_REPRESENTATION_CONTEXT(2) 
PARAMETRIC_REPRESENTATION_CONTEXT() REPRESENTATION_CONTEXT('2D SPACE',''
  ) );
#9306 = ORIENTED_EDGE('',*,*,#8526,.T.);
#9307 = ORIENTED_EDGE('',*,*,#7965,.F.);
#9308 = ADVANCED_FACE('',(#9309),#7813,.T.);
#9309 = FACE_BOUND('',#9310,.T.);
#9310 = EDGE_LOOP('',(#9311,#9312,#9333,#9334));
#9311 = ORIENTED_EDGE('',*,*,#8771,.F.);
#9312 = ORIENTED_EDGE('',*,*,#9313,.T.);
#9313 = EDGE_CURVE('',#8722,#8898,#9314,.T.);
#9314 = SURFACE_CURVE('',#9315,(#9319,#9326),.PCURVE_S1.);
#9315 = LINE('',#9316,#9317);
#9316 = CARTESIAN_POINT('',(48.95,54.3,24.8));
#9317 = VECTOR('',#9318,1.);
#9318 = DIRECTION('',(-1.,1.110223024625E-16,0.));
#9319 = PCURVE('',#7813,#9320);
#9320 = DEFINITIONAL_REPRESENTATION('',(#9321),#9325);
#9321 = LINE('',#9322,#9323);
#9322 = CARTESIAN_POINT('',(0.,0.));
#9323 = VECTOR('',#9324,1.);
#9324 = DIRECTION('',(0.,-1.));
#9325 = ( GEOMETRIC_REPRESENTATION_CONTEXT(2) 
PARAMETRIC_REPRESENTATION_CONTEXT() REPRESENTATION_CONTEXT('2D SPACE',''
  ) );
#9326 = PCURVE('',#8737,#9327);
#9327 = DEFINITIONAL_REPRESENTATION('',(#9328),#9332);
#9328 = LINE('',#9329,#9330);
#9329 = CARTESIAN_POINT('',(2.75,5.65));
#9330 = VECTOR('',#9331,1.);
#9331 = DIRECTION('',(-1.,1.110223024625E-16));
#9332 = ( GEOMETRIC_REPRESENTATION_CONTEXT(2) 
PARAMETRIC_REPRESENTATION_CONTEXT() REPRESENTATION_CONTEXT('2D SPACE',''
  ) );
#9333 = ORIENTED_EDGE('',*,*,#8942,.T.);
#9334 = ORIENTED_EDGE('',*,*,#7798,.F.);
#9335 = ADVANCED_FACE('',(#9336),#7724,.T.);
#9336 = FACE_BOUND('',#9337,.T.);
#9337 = EDGE_LOOP('',(#9338,#9339,#9360,#9361));
#9338 = ORIENTED_EDGE('',*,*,#9139,.F.);
#9339 = ORIENTED_EDGE('',*,*,#9340,.T.);
#9340 = EDGE_CURVE('',#9095,#9019,#9341,.T.);
#9341 = SURFACE_CURVE('',#9342,(#9346,#9353),.PCURVE_S1.);
#9342 = LINE('',#9343,#9344);
#9343 = CARTESIAN_POINT('',(-43.45,54.3,24.8));
#9344 = VECTOR('',#9345,1.);
#9345 = DIRECTION('',(-1.,1.110223024625E-16,0.));
#9346 = PCURVE('',#7724,#9347);
#9347 = DEFINITIONAL_REPRESENTATION('',(#9348),#9352);
#9348 = LINE('',#9349,#9350);
#9349 = CARTESIAN_POINT('',(0.,0.));
#9350 = VECTOR('',#9351,1.);
#9351 = DIRECTION('',(0.,-1.));
#9352 = ( GEOMETRIC_REPRESENTATION_CONTEXT(2) 
PARAMETRIC_REPRESENTATION_CONTEXT() REPRESENTATION_CONTEXT('2D SPACE',''
  ) );
#9353 = PCURVE('',#9034,#9354);
#9354 = DEFINITIONAL_REPRESENTATION('',(#9355),#9359);
#9355 = LINE('',#9356,#9357);
#9356 = CARTESIAN_POINT('',(2.75,5.65));
#9357 = VECTOR('',#9358,1.);
#9358 = DIRECTION('',(-1.,1.110223024625E-16));
#9359 = ( GEOMETRIC_REPRESENTATION_CONTEXT(2) 
PARAMETRIC_REPRESENTATION_CONTEXT() REPRESENTATION_CONTEXT('2D SPACE',''
  ) );
#9360 = ORIENTED_EDGE('',*,*,#9068,.T.);
#9361 = ORIENTED_EDGE('',*,*,#7709,.F.);
#9362 = ADVANCED_FACE('',(#9363,#9366),#8301,.T.);
#9363 = FACE_BOUND('',#9364,.T.);
#9364 = EDGE_LOOP('',(#9365));
#9365 = ORIENTED_EDGE('',*,*,#8284,.T.);
#9366 = FACE_BOUND('',#9367,.T.);
#9367 = EDGE_LOOP('',(#9368));
#9368 = ORIENTED_EDGE('',*,*,#9369,.T.);
#9369 = EDGE_CURVE('',#9370,#9370,#9372,.T.);
#9370 = VERTEX_POINT('',#9371);
#9371 = CARTESIAN_POINT('',(-44.5,-48.65,25.6));
#9372 = SURFACE_CURVE('',#9373,(#9378,#9389),.PCURVE_S1.);
#9373 = CIRCLE('',#9374,1.7);
#9374 = AXIS2_PLACEMENT_3D('',#9375,#9376,#9377);
#9375 = CARTESIAN_POINT('',(-46.2,-48.65,25.6));
#9376 = DIRECTION('',(0.,0.,-1.));
#9377 = DIRECTION('',(1.,0.,0.));
#9378 = PCURVE('',#8301,#9379);
#9379 = DEFINITIONAL_REPRESENTATION('',(#9380),#9388);
#9380 = ( BOUNDED_CURVE() B_SPLINE_CURVE(2,(#9381,#9382,#9383,#9384,
#9385,#9386,#9387),.UNSPECIFIED.,.T.,.F.) B_SPLINE_CURVE_WITH_KNOTS((1,2
    ,2,2,2,1),(-2.094395102393,0.,2.094395102393,4.188790204786,
6.28318530718,8.377580409573),.UNSPECIFIED.) CURVE() 
GEOMETRIC_REPRESENTATION_ITEM() RATIONAL_B_SPLINE_CURVE((1.,0.5,1.,0.5,
1.,0.5,1.)) REPRESENTATION_ITEM('') );
#9381 = CARTESIAN_POINT('',(1.7,0.));
#9382 = CARTESIAN_POINT('',(1.7,-2.944486372867));
#9383 = CARTESIAN_POINT('',(-0.85,-1.472243186434));
#9384 = CARTESIAN_POINT('',(-3.4,-4.163799117101E-16));
#9385 = CARTESIAN_POINT('',(-0.85,1.472243186434));
#9386 = CARTESIAN_POINT('',(1.7,2.944486372867));
#9387 = CARTESIAN_POINT('',(1.7,0.));
#9388 = ( GEOMETRIC_REPRESENTATION_CONTEXT(2) 
PARAMETRIC_REPRESENTATION_CONTEXT() REPRESENTATION_CONTEXT('2D SPACE',''
  ) );
#9389 = PCURVE('',#9390,#9395);
#9390 = CYLINDRICAL_SURFACE('',#9391,1.7);
#9391 = AXIS2_PLACEMENT_3D('',#9392,#9393,#9394);
#9392 = CARTESIAN_POINT('',(-46.2,-48.65,11.1));
#9393 = DIRECTION('',(-0.,-0.,-1.));
#9394 = DIRECTION('',(1.,0.,0.));
#9395 = DEFINITIONAL_REPRESENTATION('',(#9396),#9400);
#9396 = LINE('',#9397,#9398);
#9397 = CARTESIAN_POINT('',(-6.28318530718,-14.5));
#9398 = VECTOR('',#9399,1.);
#9399 = DIRECTION('',(1.,-0.));
#9400 = ( GEOMETRIC_REPRESENTATION_CONTEXT(2) 
PARAMETRIC_REPRESENTATION_CONTEXT() REPRESENTATION_CONTEXT('2D SPACE',''
  ) );
#9401 = ADVANCED_FACE('',(#9402,#9405),#8356,.T.);
#9402 = FACE_BOUND('',#9403,.T.);
#9403 = EDGE_LOOP('',(#9404));
#9404 = ORIENTED_EDGE('',*,*,#8339,.T.);
#9405 = FACE_BOUND('',#9406,.T.);
#9406 = EDGE_LOOP('',(#9407));
#9407 = ORIENTED_EDGE('',*,*,#9408,.T.);
#9408 = EDGE_CURVE('',#9409,#9409,#9411,.T.);
#9409 = VERTEX_POINT('',#9410);
#9410 = CARTESIAN_POINT('',(47.9,-48.65,25.6));
#9411 = SURFACE_CURVE('',#9412,(#9417,#9428),.PCURVE_S1.);
#9412 = CIRCLE('',#9413,1.7);
#9413 = AXIS2_PLACEMENT_3D('',#9414,#9415,#9416);
#9414 = CARTESIAN_POINT('',(46.2,-48.65,25.6));
#9415 = DIRECTION('',(0.,0.,-1.));
#9416 = DIRECTION('',(1.,0.,0.));
#9417 = PCURVE('',#8356,#9418);
#9418 = DEFINITIONAL_REPRESENTATION('',(#9419),#9427);
#9419 = ( BOUNDED_CURVE() B_SPLINE_CURVE(2,(#9420,#9421,#9422,#9423,
#9424,#9425,#9426),.UNSPECIFIED.,.T.,.F.) B_SPLINE_CURVE_WITH_KNOTS((1,2
    ,2,2,2,1),(-2.094395102393,0.,2.094395102393,4.188790204786,
6.28318530718,8.377580409573),.UNSPECIFIED.) CURVE() 
GEOMETRIC_REPRESENTATION_ITEM() RATIONAL_B_SPLINE_CURVE((1.,0.5,1.,0.5,
1.,0.5,1.)) REPRESENTATION_ITEM('') );
#9420 = CARTESIAN_POINT('',(1.7,0.));
#9421 = CARTESIAN_POINT('',(1.7,-2.944486372867));
#9422 = CARTESIAN_POINT('',(-0.85,-1.472243186434));
#9423 = CARTESIAN_POINT('',(-3.4,-4.163799117101E-16));
#9424 = CARTESIAN_POINT('',(-0.85,1.472243186434));
#9425 = CARTESIAN_POINT('',(1.7,2.944486372867));
#9426 = CARTESIAN_POINT('',(1.7,0.));
#9427 = ( GEOMETRIC_REPRESENTATION_CONTEXT(2) 
PARAMETRIC_REPRESENTATION_CONTEXT() REPRESENTATION_CONTEXT('2D SPACE',''
  ) );
#9428 = PCURVE('',#9270,#9429);
#9429 = DEFINITIONAL_REPRESENTATION('',(#9430),#9434);
#9430 = LINE('',#9431,#9432);
#9431 = CARTESIAN_POINT('',(-6.28318530718,-14.5));
#9432 = VECTOR('',#9433,1.);
#9433 = DIRECTION('',(1.,-0.));
#9434 = ( GEOMETRIC_REPRESENTATION_CONTEXT(2) 
PARAMETRIC_REPRESENTATION_CONTEXT() REPRESENTATION_CONTEXT('2D SPACE',''
  ) );
#9435 = ADVANCED_FACE('',(#9436,#9439),#8411,.T.);
#9436 = FACE_BOUND('',#9437,.T.);
#9437 = EDGE_LOOP('',(#9438));
#9438 = ORIENTED_EDGE('',*,*,#8394,.T.);
#9439 = FACE_BOUND('',#9440,.T.);
#9440 = EDGE_LOOP('',(#9441));
#9441 = ORIENTED_EDGE('',*,*,#9442,.T.);
#9442 = EDGE_CURVE('',#9443,#9443,#9445,.T.);
#9443 = VERTEX_POINT('',#9444);
#9444 = CARTESIAN_POINT('',(-44.5,48.65,25.6));
#9445 = SURFACE_CURVE('',#9446,(#9451,#9462),.PCURVE_S1.);
#9446 = CIRCLE('',#9447,1.7);
#9447 = AXIS2_PLACEMENT_3D('',#9448,#9449,#9450);
#9448 = CARTESIAN_POINT('',(-46.2,48.65,25.6));
#9449 = DIRECTION('',(0.,0.,-1.));
#9450 = DIRECTION('',(1.,0.,0.));
#9451 = PCURVE('',#8411,#9452);
#9452 = DEFINITIONAL_REPRESENTATION('',(#9453),#9461);
#9453 = ( BOUNDED_CURVE() B_SPLINE_CURVE(2,(#9454,#9455,#9456,#9457,
#9458,#9459,#9460),.UNSPECIFIED.,.T.,.F.) B_SPLINE_CURVE_WITH_KNOTS((1,2
    ,2,2,2,1),(-2.094395102393,0.,2.094395102393,4.188790204786,
6.28318530718,8.377580409573),.UNSPECIFIED.) CURVE() 
GEOMETRIC_REPRESENTATION_ITEM() RATIONAL_B_SPLINE_CURVE((1.,0.5,1.,0.5,
1.,0.5,1.)) REPRESENTATION_ITEM('') );
#9454 = CARTESIAN_POINT('',(1.7,0.));
#9455 = CARTESIAN_POINT('',(1.7,-2.944486372867));
#9456 = CARTESIAN_POINT('',(-0.85,-1.472243186434));
#9457 = CARTESIAN_POINT('',(-3.4,-4.163799117101E-16));
#9458 = CARTESIAN_POINT('',(-0.85,1.472243186434));
#9459 = CARTESIAN_POINT('',(1.7,2.944486372867));
#9460 = CARTESIAN_POINT('',(1.7,0.));
#9461 = ( GEOMETRIC_REPRESENTATION_CONTEXT(2) 
PARAMETRIC_REPRESENTATION_CONTEXT() REPRESENTATION_CONTEXT('2D SPACE',''
  ) );
#9462 = PCURVE('',#9463,#9468);
#9463 = CYLINDRICAL_SURFACE('',#9464,1.7);
#9464 = AXIS2_PLACEMENT_3D('',#9465,#9466,#9467);
#9465 = CARTESIAN_POINT('',(-46.2,48.65,11.1));
#9466 = DIRECTION('',(-0.,-0.,-1.));
#9467 = DIRECTION('',(1.,0.,0.));
#9468 = DEFINITIONAL_REPRESENTATION('',(#9469),#9473);
#9469 = LINE('',#9470,#9471);
#9470 = CARTESIAN_POINT('',(-6.28318530718,-14.5));
#9471 = VECTOR('',#9472,1.);
#9472 = DIRECTION('',(1.,-0.));
#9473 = ( GEOMETRIC_REPRESENTATION_CONTEXT(2) 
PARAMETRIC_REPRESENTATION_CONTEXT() REPRESENTATION_CONTEXT('2D SPACE',''
  ) );
#9474 = ADVANCED_FACE('',(#9475,#9481),#8492,.F.);
#9475 = FACE_BOUND('',#9476,.F.);
#9476 = EDGE_LOOP('',(#9477,#9478,#9479,#9480));
#9477 = ORIENTED_EDGE('',*,*,#8577,.T.);
#9478 = ORIENTED_EDGE('',*,*,#8650,.T.);
#9479 = ORIENTED_EDGE('',*,*,#9286,.T.);
#9480 = ORIENTED_EDGE('',*,*,#8474,.F.);
#9481 = FACE_BOUND('',#9482,.F.);
#9482 = EDGE_LOOP('',(#9483));
#9483 = ORIENTED_EDGE('',*,*,#9484,.F.);
#9484 = EDGE_CURVE('',#9485,#9485,#9487,.T.);
#9485 = VERTEX_POINT('',#9486);
#9486 = CARTESIAN_POINT('',(-43.3,-48.65,24.8));
#9487 = SURFACE_CURVE('',#9488,(#9493,#9500),.PCURVE_S1.);
#9488 = CIRCLE('',#9489,2.9);
#9489 = AXIS2_PLACEMENT_3D('',#9490,#9491,#9492);
#9490 = CARTESIAN_POINT('',(-46.2,-48.65,24.8));
#9491 = DIRECTION('',(0.,0.,1.));
#9492 = DIRECTION('',(1.,0.,0.));
#9493 = PCURVE('',#8492,#9494);
#9494 = DEFINITIONAL_REPRESENTATION('',(#9495),#9499);
#9495 = CIRCLE('',#9496,2.9);
#9496 = AXIS2_PLACEMENT_2D('',#9497,#9498);
#9497 = CARTESIAN_POINT('',(0.,0.));
#9498 = DIRECTION('',(1.,0.));
#9499 = ( GEOMETRIC_REPRESENTATION_CONTEXT(2) 
PARAMETRIC_REPRESENTATION_CONTEXT() REPRESENTATION_CONTEXT('2D SPACE',''
  ) );
#9500 = PCURVE('',#9501,#9506);
#9501 = CYLINDRICAL_SURFACE('',#9502,2.9);
#9502 = AXIS2_PLACEMENT_3D('',#9503,#9504,#9505);
#9503 = CARTESIAN_POINT('',(-46.2,-48.65,11.9));
#9504 = DIRECTION('',(-0.,-0.,-1.));
#9505 = DIRECTION('',(1.,0.,0.));
#9506 = DEFINITIONAL_REPRESENTATION('',(#9507),#9511);
#9507 = LINE('',#9508,#9509);
#9508 = CARTESIAN_POINT('',(-0.,-12.9));
#9509 = VECTOR('',#9510,1.);
#9510 = DIRECTION('',(-1.,0.));
#9511 = ( GEOMETRIC_REPRESENTATION_CONTEXT(2) 
PARAMETRIC_REPRESENTATION_CONTEXT() REPRESENTATION_CONTEXT('2D SPACE',''
  ) );
#9512 = ADVANCED_FACE('',(#9513,#9519),#8737,.F.);
#9513 = FACE_BOUND('',#9514,.F.);
#9514 = EDGE_LOOP('',(#9515,#9516,#9517,#9518));
#9515 = ORIENTED_EDGE('',*,*,#8822,.T.);
#9516 = ORIENTED_EDGE('',*,*,#8719,.T.);
#9517 = ORIENTED_EDGE('',*,*,#9313,.T.);
#9518 = ORIENTED_EDGE('',*,*,#8897,.F.);
#9519 = FACE_BOUND('',#9520,.F.);
#9520 = EDGE_LOOP('',(#9521));
#9521 = ORIENTED_EDGE('',*,*,#9522,.F.);
#9522 = EDGE_CURVE('',#9523,#9523,#9525,.T.);
#9523 = VERTEX_POINT('',#9524);
#9524 = CARTESIAN_POINT('',(49.1,48.65,24.8));
#9525 = SURFACE_CURVE('',#9526,(#9531,#9538),.PCURVE_S1.);
#9526 = CIRCLE('',#9527,2.9);
#9527 = AXIS2_PLACEMENT_3D('',#9528,#9529,#9530);
#9528 = CARTESIAN_POINT('',(46.2,48.65,24.8));
#9529 = DIRECTION('',(0.,0.,1.));
#9530 = DIRECTION('',(1.,0.,0.));
#9531 = PCURVE('',#8737,#9532);
#9532 = DEFINITIONAL_REPRESENTATION('',(#9533),#9537);
#9533 = CIRCLE('',#9534,2.9);
#9534 = AXIS2_PLACEMENT_2D('',#9535,#9536);
#9535 = CARTESIAN_POINT('',(-7.105427357601E-15,0.));
#9536 = DIRECTION('',(1.,0.));
#9537 = ( GEOMETRIC_REPRESENTATION_CONTEXT(2) 
PARAMETRIC_REPRESENTATION_CONTEXT() REPRESENTATION_CONTEXT('2D SPACE',''
  ) );
#9538 = PCURVE('',#9539,#9544);
#9539 = CYLINDRICAL_SURFACE('',#9540,2.9);
#9540 = AXIS2_PLACEMENT_3D('',#9541,#9542,#9543);
#9541 = CARTESIAN_POINT('',(46.2,48.65,11.9));
#9542 = DIRECTION('',(-0.,-0.,-1.));
#9543 = DIRECTION('',(1.,0.,0.));
#9544 = DEFINITIONAL_REPRESENTATION('',(#9545),#9549);
#9545 = LINE('',#9546,#9547);
#9546 = CARTESIAN_POINT('',(-0.,-12.9));
#9547 = VECTOR('',#9548,1.);
#9548 = DIRECTION('',(-1.,0.));
#9549 = ( GEOMETRIC_REPRESENTATION_CONTEXT(2) 
PARAMETRIC_REPRESENTATION_CONTEXT() REPRESENTATION_CONTEXT('2D SPACE',''
  ) );
#9550 = ADVANCED_FACE('',(#9551,#9557),#9034,.F.);
#9551 = FACE_BOUND('',#9552,.F.);
#9552 = EDGE_LOOP('',(#9553,#9554,#9555,#9556));
#9553 = ORIENTED_EDGE('',*,*,#9163,.T.);
#9554 = ORIENTED_EDGE('',*,*,#9092,.T.);
#9555 = ORIENTED_EDGE('',*,*,#9340,.T.);
#9556 = ORIENTED_EDGE('',*,*,#9016,.F.);
#9557 = FACE_BOUND('',#9558,.F.);
#9558 = EDGE_LOOP('',(#9559));
#9559 = ORIENTED_EDGE('',*,*,#9560,.F.);
#9560 = EDGE_CURVE('',#9561,#9561,#9563,.T.);
#9561 = VERTEX_POINT('',#9562);
#9562 = CARTESIAN_POINT('',(-43.3,48.65,24.8));
#9563 = SURFACE_CURVE('',#9564,(#9569,#9576),.PCURVE_S1.);
#9564 = CIRCLE('',#9565,2.9);
#9565 = AXIS2_PLACEMENT_3D('',#9566,#9567,#9568);
#9566 = CARTESIAN_POINT('',(-46.2,48.65,24.8));
#9567 = DIRECTION('',(0.,0.,1.));
#9568 = DIRECTION('',(1.,0.,0.));
#9569 = PCURVE('',#9034,#9570);
#9570 = DEFINITIONAL_REPRESENTATION('',(#9571),#9575);
#9571 = CIRCLE('',#9572,2.9);
#9572 = AXIS2_PLACEMENT_2D('',#9573,#9574);
#9573 = CARTESIAN_POINT('',(0.,0.));
#9574 = DIRECTION('',(1.,0.));
#9575 = ( GEOMETRIC_REPRESENTATION_CONTEXT(2) 
PARAMETRIC_REPRESENTATION_CONTEXT() REPRESENTATION_CONTEXT('2D SPACE',''
  ) );
#9576 = PCURVE('',#9577,#9582);
#9577 = CYLINDRICAL_SURFACE('',#9578,2.9);
#9578 = AXIS2_PLACEMENT_3D('',#9579,#9580,#9581);
#9579 = CARTESIAN_POINT('',(-46.2,48.65,11.9));
#9580 = DIRECTION('',(-0.,-0.,-1.));
#9581 = DIRECTION('',(1.,0.,0.));
#9582 = DEFINITIONAL_REPRESENTATION('',(#9583),#9587);
#9583 = LINE('',#9584,#9585);
#9584 = CARTESIAN_POINT('',(-0.,-12.9));
#9585 = VECTOR('',#9586,1.);
#9586 = DIRECTION('',(-1.,0.));
#9587 = ( GEOMETRIC_REPRESENTATION_CONTEXT(2) 
PARAMETRIC_REPRESENTATION_CONTEXT() REPRESENTATION_CONTEXT('2D SPACE',''
  ) );
#9588 = ADVANCED_FACE('',(#9589,#9592),#9208,.T.);
#9589 = FACE_BOUND('',#9590,.T.);
#9590 = EDGE_LOOP('',(#9591));
#9591 = ORIENTED_EDGE('',*,*,#9191,.T.);
#9592 = FACE_BOUND('',#9593,.T.);
#9593 = EDGE_LOOP('',(#9594));
#9594 = ORIENTED_EDGE('',*,*,#9595,.T.);
#9595 = EDGE_CURVE('',#9596,#9596,#9598,.T.);
#9596 = VERTEX_POINT('',#9597);
#9597 = CARTESIAN_POINT('',(47.9,48.65,25.6));
#9598 = SURFACE_CURVE('',#9599,(#9604,#9615),.PCURVE_S1.);
#9599 = CIRCLE('',#9600,1.7);
#9600 = AXIS2_PLACEMENT_3D('',#9601,#9602,#9603);
#9601 = CARTESIAN_POINT('',(46.2,48.65,25.6));
#9602 = DIRECTION('',(0.,0.,-1.));
#9603 = DIRECTION('',(1.,0.,0.));
#9604 = PCURVE('',#9208,#9605);
#9605 = DEFINITIONAL_REPRESENTATION('',(#9606),#9614);
#9606 = ( BOUNDED_CURVE() B_SPLINE_CURVE(2,(#9607,#9608,#9609,#9610,
#9611,#9612,#9613),.UNSPECIFIED.,.T.,.F.) B_SPLINE_CURVE_WITH_KNOTS((1,2
    ,2,2,2,1),(-2.094395102393,0.,2.094395102393,4.188790204786,
6.28318530718,8.377580409573),.UNSPECIFIED.) CURVE() 
GEOMETRIC_REPRESENTATION_ITEM() RATIONAL_B_SPLINE_CURVE((1.,0.5,1.,0.5,
1.,0.5,1.)) REPRESENTATION_ITEM('') );
#9607 = CARTESIAN_POINT('',(1.7,0.));
#9608 = CARTESIAN_POINT('',(1.7,-2.944486372867));
#9609 = CARTESIAN_POINT('',(-0.85,-1.472243186434));
#9610 = CARTESIAN_POINT('',(-3.4,-4.163799117101E-16));
#9611 = CARTESIAN_POINT('',(-0.85,1.472243186434));
#9612 = CARTESIAN_POINT('',(1.7,2.944486372867));
#9613 = CARTESIAN_POINT('',(1.7,0.));
#9614 = ( GEOMETRIC_REPRESENTATION_CONTEXT(2) 
PARAMETRIC_REPRESENTATION_CONTEXT() REPRESENTATION_CONTEXT('2D SPACE',''
  ) );
#9615 = PCURVE('',#9616,#9621);
#9616 = CYLINDRICAL_SURFACE('',#9617,1.7);
#9617 = AXIS2_PLACEMENT_3D('',#9618,#9619,#9620);
#9618 = CARTESIAN_POINT('',(46.2,48.65,11.1));
#9619 = DIRECTION('',(-0.,-0.,-1.));
#9620 = DIRECTION('',(1.,0.,0.));
#9621 = DEFINITIONAL_REPRESENTATION('',(#9622),#9626);
#9622 = LINE('',#9623,#9624);
#9623 = CARTESIAN_POINT('',(-6.28318530718,-14.5));
#9624 = VECTOR('',#9625,1.);
#9625 = DIRECTION('',(1.,-0.));
#9626 = ( GEOMETRIC_REPRESENTATION_CONTEXT(2) 
PARAMETRIC_REPRESENTATION_CONTEXT() REPRESENTATION_CONTEXT('2D SPACE',''
  ) );
#9627 = ADVANCED_FACE('',(#9628),#9270,.F.);
#9628 = FACE_BOUND('',#9629,.T.);
#9629 = EDGE_LOOP('',(#9630,#9651,#9652,#9653));
#9630 = ORIENTED_EDGE('',*,*,#9631,.F.);
#9631 = EDGE_CURVE('',#9250,#9409,#9632,.T.);
#9632 = SEAM_CURVE('',#9633,(#9637,#9644),.PCURVE_S1.);
#9633 = LINE('',#9634,#9635);
#9634 = CARTESIAN_POINT('',(47.9,-48.65,11.1));
#9635 = VECTOR('',#9636,1.);
#9636 = DIRECTION('',(0.,0.,1.));
#9637 = PCURVE('',#9270,#9638);
#9638 = DEFINITIONAL_REPRESENTATION('',(#9639),#9643);
#9639 = LINE('',#9640,#9641);
#9640 = CARTESIAN_POINT('',(-6.28318530718,0.));
#9641 = VECTOR('',#9642,1.);
#9642 = DIRECTION('',(-0.,-1.));
#9643 = ( GEOMETRIC_REPRESENTATION_CONTEXT(2) 
PARAMETRIC_REPRESENTATION_CONTEXT() REPRESENTATION_CONTEXT('2D SPACE',''
  ) );
#9644 = PCURVE('',#9270,#9645);
#9645 = DEFINITIONAL_REPRESENTATION('',(#9646),#9650);
#9646 = LINE('',#9647,#9648);
#9647 = CARTESIAN_POINT('',(-0.,0.));
#9648 = VECTOR('',#9649,1.);
#9649 = DIRECTION('',(-0.,-1.));
#9650 = ( GEOMETRIC_REPRESENTATION_CONTEXT(2) 
PARAMETRIC_REPRESENTATION_CONTEXT() REPRESENTATION_CONTEXT('2D SPACE',''
  ) );
#9651 = ORIENTED_EDGE('',*,*,#9249,.T.);
#9652 = ORIENTED_EDGE('',*,*,#9631,.T.);
#9653 = ORIENTED_EDGE('',*,*,#9408,.F.);
#9654 = ADVANCED_FACE('',(#9655),#9390,.F.);
#9655 = FACE_BOUND('',#9656,.T.);
#9656 = EDGE_LOOP('',(#9657,#9680,#9711,#9712));
#9657 = ORIENTED_EDGE('',*,*,#9658,.F.);
#9658 = EDGE_CURVE('',#9659,#9370,#9661,.T.);
#9659 = VERTEX_POINT('',#9660);
#9660 = CARTESIAN_POINT('',(-44.5,-48.65,11.9));
#9661 = SEAM_CURVE('',#9662,(#9666,#9673),.PCURVE_S1.);
#9662 = LINE('',#9663,#9664);
#9663 = CARTESIAN_POINT('',(-44.5,-48.65,11.1));
#9664 = VECTOR('',#9665,1.);
#9665 = DIRECTION('',(0.,0.,1.));
#9666 = PCURVE('',#9390,#9667);
#9667 = DEFINITIONAL_REPRESENTATION('',(#9668),#9672);
#9668 = LINE('',#9669,#9670);
#9669 = CARTESIAN_POINT('',(-6.28318530718,0.));
#9670 = VECTOR('',#9671,1.);
#9671 = DIRECTION('',(-0.,-1.));
#9672 = ( GEOMETRIC_REPRESENTATION_CONTEXT(2) 
PARAMETRIC_REPRESENTATION_CONTEXT() REPRESENTATION_CONTEXT('2D SPACE',''
  ) );
#9673 = PCURVE('',#9390,#9674);
#9674 = DEFINITIONAL_REPRESENTATION('',(#9675),#9679);
#9675 = LINE('',#9676,#9677);
#9676 = CARTESIAN_POINT('',(-0.,0.));
#9677 = VECTOR('',#9678,1.);
#9678 = DIRECTION('',(-0.,-1.));
#9679 = ( GEOMETRIC_REPRESENTATION_CONTEXT(2) 
PARAMETRIC_REPRESENTATION_CONTEXT() REPRESENTATION_CONTEXT('2D SPACE',''
  ) );
#9680 = ORIENTED_EDGE('',*,*,#9681,.T.);
#9681 = EDGE_CURVE('',#9659,#9659,#9682,.T.);
#9682 = SURFACE_CURVE('',#9683,(#9688,#9695),.PCURVE_S1.);
#9683 = CIRCLE('',#9684,1.7);
#9684 = AXIS2_PLACEMENT_3D('',#9685,#9686,#9687);
#9685 = CARTESIAN_POINT('',(-46.2,-48.65,11.9));
#9686 = DIRECTION('',(0.,0.,-1.));
#9687 = DIRECTION('',(1.,0.,0.));
#9688 = PCURVE('',#9390,#9689);
#9689 = DEFINITIONAL_REPRESENTATION('',(#9690),#9694);
#9690 = LINE('',#9691,#9692);
#9691 = CARTESIAN_POINT('',(-6.28318530718,-0.8));
#9692 = VECTOR('',#9693,1.);
#9693 = DIRECTION('',(1.,-0.));
#9694 = ( GEOMETRIC_REPRESENTATION_CONTEXT(2) 
PARAMETRIC_REPRESENTATION_CONTEXT() REPRESENTATION_CONTEXT('2D SPACE',''
  ) );
#9695 = PCURVE('',#9696,#9701);
#9696 = PLANE('',#9697);
#9697 = AXIS2_PLACEMENT_3D('',#9698,#9699,#9700);
#9698 = CARTESIAN_POINT('',(-46.2,-48.65,11.9));
#9699 = DIRECTION('',(0.,0.,1.));
#9700 = DIRECTION('',(1.,0.,-0.));
#9701 = DEFINITIONAL_REPRESENTATION('',(#9702),#9710);
#9702 = ( BOUNDED_CURVE() B_SPLINE_CURVE(2,(#9703,#9704,#9705,#9706,
#9707,#9708,#9709),.UNSPECIFIED.,.T.,.F.) B_SPLINE_CURVE_WITH_KNOTS((1,2
    ,2,2,2,1),(-2.094395102393,0.,2.094395102393,4.188790204786,
6.28318530718,8.377580409573),.UNSPECIFIED.) CURVE() 
GEOMETRIC_REPRESENTATION_ITEM() RATIONAL_B_SPLINE_CURVE((1.,0.5,1.,0.5,
1.,0.5,1.)) REPRESENTATION_ITEM('') );
#9703 = CARTESIAN_POINT('',(1.7,7.105427357601E-15));
#9704 = CARTESIAN_POINT('',(1.7,-2.944486372867));
#9705 = CARTESIAN_POINT('',(-0.85,-1.472243186434));
#9706 = CARTESIAN_POINT('',(-3.4,6.689047445891E-15));
#9707 = CARTESIAN_POINT('',(-0.85,1.472243186434));
#9708 = CARTESIAN_POINT('',(1.7,2.944486372867));
#9709 = CARTESIAN_POINT('',(1.7,7.105427357601E-15));
#9710 = ( GEOMETRIC_REPRESENTATION_CONTEXT(2) 
PARAMETRIC_REPRESENTATION_CONTEXT() REPRESENTATION_CONTEXT('2D SPACE',''
  ) );
#9711 = ORIENTED_EDGE('',*,*,#9658,.T.);
#9712 = ORIENTED_EDGE('',*,*,#9369,.F.);
#9713 = ADVANCED_FACE('',(#9714),#9463,.F.);
#9714 = FACE_BOUND('',#9715,.T.);
#9715 = EDGE_LOOP('',(#9716,#9739,#9770,#9771));
#9716 = ORIENTED_EDGE('',*,*,#9717,.F.);
#9717 = EDGE_CURVE('',#9718,#9443,#9720,.T.);
#9718 = VERTEX_POINT('',#9719);
#9719 = CARTESIAN_POINT('',(-44.5,48.65,11.9));
#9720 = SEAM_CURVE('',#9721,(#9725,#9732),.PCURVE_S1.);
#9721 = LINE('',#9722,#9723);
#9722 = CARTESIAN_POINT('',(-44.5,48.65,11.1));
#9723 = VECTOR('',#9724,1.);
#9724 = DIRECTION('',(0.,0.,1.));
#9725 = PCURVE('',#9463,#9726);
#9726 = DEFINITIONAL_REPRESENTATION('',(#9727),#9731);
#9727 = LINE('',#9728,#9729);
#9728 = CARTESIAN_POINT('',(-6.28318530718,0.));
#9729 = VECTOR('',#9730,1.);
#9730 = DIRECTION('',(-0.,-1.));
#9731 = ( GEOMETRIC_REPRESENTATION_CONTEXT(2) 
PARAMETRIC_REPRESENTATION_CONTEXT() REPRESENTATION_CONTEXT('2D SPACE',''
  ) );
#9732 = PCURVE('',#9463,#9733);
#9733 = DEFINITIONAL_REPRESENTATION('',(#9734),#9738);
#9734 = LINE('',#9735,#9736);
#9735 = CARTESIAN_POINT('',(-0.,0.));
#9736 = VECTOR('',#9737,1.);
#9737 = DIRECTION('',(-0.,-1.));
#9738 = ( GEOMETRIC_REPRESENTATION_CONTEXT(2) 
PARAMETRIC_REPRESENTATION_CONTEXT() REPRESENTATION_CONTEXT('2D SPACE',''
  ) );
#9739 = ORIENTED_EDGE('',*,*,#9740,.T.);
#9740 = EDGE_CURVE('',#9718,#9718,#9741,.T.);
#9741 = SURFACE_CURVE('',#9742,(#9747,#9754),.PCURVE_S1.);
#9742 = CIRCLE('',#9743,1.7);
#9743 = AXIS2_PLACEMENT_3D('',#9744,#9745,#9746);
#9744 = CARTESIAN_POINT('',(-46.2,48.65,11.9));
#9745 = DIRECTION('',(0.,0.,-1.));
#9746 = DIRECTION('',(1.,0.,0.));
#9747 = PCURVE('',#9463,#9748);
#9748 = DEFINITIONAL_REPRESENTATION('',(#9749),#9753);
#9749 = LINE('',#9750,#9751);
#9750 = CARTESIAN_POINT('',(-6.28318530718,-0.8));
#9751 = VECTOR('',#9752,1.);
#9752 = DIRECTION('',(1.,-0.));
#9753 = ( GEOMETRIC_REPRESENTATION_CONTEXT(2) 
PARAMETRIC_REPRESENTATION_CONTEXT() REPRESENTATION_CONTEXT('2D SPACE',''
  ) );
#9754 = PCURVE('',#9755,#9760);
#9755 = PLANE('',#9756);
#9756 = AXIS2_PLACEMENT_3D('',#9757,#9758,#9759);
#9757 = CARTESIAN_POINT('',(-46.2,48.65,11.9));
#9758 = DIRECTION('',(0.,0.,1.));
#9759 = DIRECTION('',(1.,0.,-0.));
#9760 = DEFINITIONAL_REPRESENTATION('',(#9761),#9769);
#9761 = ( BOUNDED_CURVE() B_SPLINE_CURVE(2,(#9762,#9763,#9764,#9765,
#9766,#9767,#9768),.UNSPECIFIED.,.T.,.F.) B_SPLINE_CURVE_WITH_KNOTS((1,2
    ,2,2,2,1),(-2.094395102393,0.,2.094395102393,4.188790204786,
6.28318530718,8.377580409573),.UNSPECIFIED.) CURVE() 
GEOMETRIC_REPRESENTATION_ITEM() RATIONAL_B_SPLINE_CURVE((1.,0.5,1.,0.5,
1.,0.5,1.)) REPRESENTATION_ITEM('') );
#9762 = CARTESIAN_POINT('',(1.7,-7.105427357601E-15));
#9763 = CARTESIAN_POINT('',(1.7,-2.944486372867));
#9764 = CARTESIAN_POINT('',(-0.85,-1.472243186434));
#9765 = CARTESIAN_POINT('',(-3.4,-7.521807269311E-15));
#9766 = CARTESIAN_POINT('',(-0.85,1.472243186434));
#9767 = CARTESIAN_POINT('',(1.7,2.944486372867));
#9768 = CARTESIAN_POINT('',(1.7,-7.105427357601E-15));
#9769 = ( GEOMETRIC_REPRESENTATION_CONTEXT(2) 
PARAMETRIC_REPRESENTATION_CONTEXT() REPRESENTATION_CONTEXT('2D SPACE',''
  ) );
#9770 = ORIENTED_EDGE('',*,*,#9717,.T.);
#9771 = ORIENTED_EDGE('',*,*,#9442,.F.);
#9772 = ADVANCED_FACE('',(#9773),#9501,.T.);
#9773 = FACE_BOUND('',#9774,.F.);
#9774 = EDGE_LOOP('',(#9775,#9799,#9820,#9821));
#9775 = ORIENTED_EDGE('',*,*,#9776,.F.);
#9776 = EDGE_CURVE('',#9777,#9777,#9779,.T.);
#9777 = VERTEX_POINT('',#9778);
#9778 = CARTESIAN_POINT('',(-43.3,-48.65,11.9));
#9779 = SURFACE_CURVE('',#9780,(#9785,#9792),.PCURVE_S1.);
#9780 = CIRCLE('',#9781,2.9);
#9781 = AXIS2_PLACEMENT_3D('',#9782,#9783,#9784);
#9782 = CARTESIAN_POINT('',(-46.2,-48.65,11.9));
#9783 = DIRECTION('',(0.,0.,1.));
#9784 = DIRECTION('',(1.,0.,0.));
#9785 = PCURVE('',#9501,#9786);
#9786 = DEFINITIONAL_REPRESENTATION('',(#9787),#9791);
#9787 = LINE('',#9788,#9789);
#9788 = CARTESIAN_POINT('',(-0.,0.));
#9789 = VECTOR('',#9790,1.);
#9790 = DIRECTION('',(-1.,0.));
#9791 = ( GEOMETRIC_REPRESENTATION_CONTEXT(2) 
PARAMETRIC_REPRESENTATION_CONTEXT() REPRESENTATION_CONTEXT('2D SPACE',''
  ) );
#9792 = PCURVE('',#9696,#9793);
#9793 = DEFINITIONAL_REPRESENTATION('',(#9794),#9798);
#9794 = CIRCLE('',#9795,2.9);
#9795 = AXIS2_PLACEMENT_2D('',#9796,#9797);
#9796 = CARTESIAN_POINT('',(0.,7.105427357601E-15));
#9797 = DIRECTION('',(1.,0.));
#9798 = ( GEOMETRIC_REPRESENTATION_CONTEXT(2) 
PARAMETRIC_REPRESENTATION_CONTEXT() REPRESENTATION_CONTEXT('2D SPACE',''
  ) );
#9799 = ORIENTED_EDGE('',*,*,#9800,.T.);
#9800 = EDGE_CURVE('',#9777,#9485,#9801,.T.);
#9801 = SEAM_CURVE('',#9802,(#9806,#9813),.PCURVE_S1.);
#9802 = LINE('',#9803,#9804);
#9803 = CARTESIAN_POINT('',(-43.3,-48.65,11.9));
#9804 = VECTOR('',#9805,1.);
#9805 = DIRECTION('',(0.,0.,1.));
#9806 = PCURVE('',#9501,#9807);
#9807 = DEFINITIONAL_REPRESENTATION('',(#9808),#9812);
#9808 = LINE('',#9809,#9810);
#9809 = CARTESIAN_POINT('',(-0.,0.));
#9810 = VECTOR('',#9811,1.);
#9811 = DIRECTION('',(-0.,-1.));
#9812 = ( GEOMETRIC_REPRESENTATION_CONTEXT(2) 
PARAMETRIC_REPRESENTATION_CONTEXT() REPRESENTATION_CONTEXT('2D SPACE',''
  ) );
#9813 = PCURVE('',#9501,#9814);
#9814 = DEFINITIONAL_REPRESENTATION('',(#9815),#9819);
#9815 = LINE('',#9816,#9817);
#9816 = CARTESIAN_POINT('',(-6.28318530718,0.));
#9817 = VECTOR('',#9818,1.);
#9818 = DIRECTION('',(-0.,-1.));
#9819 = ( GEOMETRIC_REPRESENTATION_CONTEXT(2) 
PARAMETRIC_REPRESENTATION_CONTEXT() REPRESENTATION_CONTEXT('2D SPACE',''
  ) );
#9820 = ORIENTED_EDGE('',*,*,#9484,.T.);
#9821 = ORIENTED_EDGE('',*,*,#9800,.F.);
#9822 = ADVANCED_FACE('',(#9823),#9539,.T.);
#9823 = FACE_BOUND('',#9824,.F.);
#9824 = EDGE_LOOP('',(#9825,#9854,#9875,#9876));
#9825 = ORIENTED_EDGE('',*,*,#9826,.F.);
#9826 = EDGE_CURVE('',#9827,#9827,#9829,.T.);
#9827 = VERTEX_POINT('',#9828);
#9828 = CARTESIAN_POINT('',(49.1,48.65,11.9));
#9829 = SURFACE_CURVE('',#9830,(#9835,#9842),.PCURVE_S1.);
#9830 = CIRCLE('',#9831,2.9);
#9831 = AXIS2_PLACEMENT_3D('',#9832,#9833,#9834);
#9832 = CARTESIAN_POINT('',(46.2,48.65,11.9));
#9833 = DIRECTION('',(0.,0.,1.));
#9834 = DIRECTION('',(1.,0.,0.));
#9835 = PCURVE('',#9539,#9836);
#9836 = DEFINITIONAL_REPRESENTATION('',(#9837),#9841);
#9837 = LINE('',#9838,#9839);
#9838 = CARTESIAN_POINT('',(-0.,0.));
#9839 = VECTOR('',#9840,1.);
#9840 = DIRECTION('',(-1.,0.));
#9841 = ( GEOMETRIC_REPRESENTATION_CONTEXT(2) 
PARAMETRIC_REPRESENTATION_CONTEXT() REPRESENTATION_CONTEXT('2D SPACE',''
  ) );
#9842 = PCURVE('',#9843,#9848);
#9843 = PLANE('',#9844);
#9844 = AXIS2_PLACEMENT_3D('',#9845,#9846,#9847);
#9845 = CARTESIAN_POINT('',(46.2,48.65,11.9));
#9846 = DIRECTION('',(0.,0.,1.));
#9847 = DIRECTION('',(1.,0.,-0.));
#9848 = DEFINITIONAL_REPRESENTATION('',(#9849),#9853);
#9849 = CIRCLE('',#9850,2.9);
#9850 = AXIS2_PLACEMENT_2D('',#9851,#9852);
#9851 = CARTESIAN_POINT('',(0.,-7.105427357601E-15));
#9852 = DIRECTION('',(1.,0.));
#9853 = ( GEOMETRIC_REPRESENTATION_CONTEXT(2) 
PARAMETRIC_REPRESENTATION_CONTEXT() REPRESENTATION_CONTEXT('2D SPACE',''
  ) );
#9854 = ORIENTED_EDGE('',*,*,#9855,.T.);
#9855 = EDGE_CURVE('',#9827,#9523,#9856,.T.);
#9856 = SEAM_CURVE('',#9857,(#9861,#9868),.PCURVE_S1.);
#9857 = LINE('',#9858,#9859);
#9858 = CARTESIAN_POINT('',(49.1,48.65,11.9));
#9859 = VECTOR('',#9860,1.);
#9860 = DIRECTION('',(0.,0.,1.));
#9861 = PCURVE('',#9539,#9862);
#9862 = DEFINITIONAL_REPRESENTATION('',(#9863),#9867);
#9863 = LINE('',#9864,#9865);
#9864 = CARTESIAN_POINT('',(-0.,0.));
#9865 = VECTOR('',#9866,1.);
#9866 = DIRECTION('',(-0.,-1.));
#9867 = ( GEOMETRIC_REPRESENTATION_CONTEXT(2) 
PARAMETRIC_REPRESENTATION_CONTEXT() REPRESENTATION_CONTEXT('2D SPACE',''
  ) );
#9868 = PCURVE('',#9539,#9869);
#9869 = DEFINITIONAL_REPRESENTATION('',(#9870),#9874);
#9870 = LINE('',#9871,#9872);
#9871 = CARTESIAN_POINT('',(-6.28318530718,0.));
#9872 = VECTOR('',#9873,1.);
#9873 = DIRECTION('',(-0.,-1.));
#9874 = ( GEOMETRIC_REPRESENTATION_CONTEXT(2) 
PARAMETRIC_REPRESENTATION_CONTEXT() REPRESENTATION_CONTEXT('2D SPACE',''
  ) );
#9875 = ORIENTED_EDGE('',*,*,#9522,.T.);
#9876 = ORIENTED_EDGE('',*,*,#9855,.F.);
#9877 = ADVANCED_FACE('',(#9878),#9577,.T.);
#9878 = FACE_BOUND('',#9879,.F.);
#9879 = EDGE_LOOP('',(#9880,#9904,#9925,#9926));
#9880 = ORIENTED_EDGE('',*,*,#9881,.F.);
#9881 = EDGE_CURVE('',#9882,#9882,#9884,.T.);
#9882 = VERTEX_POINT('',#9883);
#9883 = CARTESIAN_POINT('',(-43.3,48.65,11.9));
#9884 = SURFACE_CURVE('',#9885,(#9890,#9897),.PCURVE_S1.);
#9885 = CIRCLE('',#9886,2.9);
#9886 = AXIS2_PLACEMENT_3D('',#9887,#9888,#9889);
#9887 = CARTESIAN_POINT('',(-46.2,48.65,11.9));
#9888 = DIRECTION('',(0.,0.,1.));
#9889 = DIRECTION('',(1.,0.,0.));
#9890 = PCURVE('',#9577,#9891);
#9891 = DEFINITIONAL_REPRESENTATION('',(#9892),#9896);
#9892 = LINE('',#9893,#9894);
#9893 = CARTESIAN_POINT('',(-0.,0.));
#9894 = VECTOR('',#9895,1.);
#9895 = DIRECTION('',(-1.,0.));
#9896 = ( GEOMETRIC_REPRESENTATION_CONTEXT(2) 
PARAMETRIC_REPRESENTATION_CONTEXT() REPRESENTATION_CONTEXT('2D SPACE',''
  ) );
#9897 = PCURVE('',#9755,#9898);
#9898 = DEFINITIONAL_REPRESENTATION('',(#9899),#9903);
#9899 = CIRCLE('',#9900,2.9);
#9900 = AXIS2_PLACEMENT_2D('',#9901,#9902);
#9901 = CARTESIAN_POINT('',(0.,-7.105427357601E-15));
#9902 = DIRECTION('',(1.,0.));
#9903 = ( GEOMETRIC_REPRESENTATION_CONTEXT(2) 
PARAMETRIC_REPRESENTATION_CONTEXT() REPRESENTATION_CONTEXT('2D SPACE',''
  ) );
#9904 = ORIENTED_EDGE('',*,*,#9905,.T.);
#9905 = EDGE_CURVE('',#9882,#9561,#9906,.T.);
#9906 = SEAM_CURVE('',#9907,(#9911,#9918),.PCURVE_S1.);
#9907 = LINE('',#9908,#9909);
#9908 = CARTESIAN_POINT('',(-43.3,48.65,11.9));
#9909 = VECTOR('',#9910,1.);
#9910 = DIRECTION('',(0.,0.,1.));
#9911 = PCURVE('',#9577,#9912);
#9912 = DEFINITIONAL_REPRESENTATION('',(#9913),#9917);
#9913 = LINE('',#9914,#9915);
#9914 = CARTESIAN_POINT('',(-0.,0.));
#9915 = VECTOR('',#9916,1.);
#9916 = DIRECTION('',(-0.,-1.));
#9917 = ( GEOMETRIC_REPRESENTATION_CONTEXT(2) 
PARAMETRIC_REPRESENTATION_CONTEXT() REPRESENTATION_CONTEXT('2D SPACE',''
  ) );
#9918 = PCURVE('',#9577,#9919);
#9919 = DEFINITIONAL_REPRESENTATION('',(#9920),#9924);
#9920 = LINE('',#9921,#9922);
#9921 = CARTESIAN_POINT('',(-6.28318530718,0.));
#9922 = VECTOR('',#9923,1.);
#9923 = DIRECTION('',(-0.,-1.));
#9924 = ( GEOMETRIC_REPRESENTATION_CONTEXT(2) 
PARAMETRIC_REPRESENTATION_CONTEXT() REPRESENTATION_CONTEXT('2D SPACE',''
  ) );
#9925 = ORIENTED_EDGE('',*,*,#9560,.T.);
#9926 = ORIENTED_EDGE('',*,*,#9905,.F.);
#9927 = ADVANCED_FACE('',(#9928),#9616,.F.);
#9928 = FACE_BOUND('',#9929,.T.);
#9929 = EDGE_LOOP('',(#9930,#9953,#9979,#9980));
#9930 = ORIENTED_EDGE('',*,*,#9931,.F.);
#9931 = EDGE_CURVE('',#9932,#9596,#9934,.T.);
#9932 = VERTEX_POINT('',#9933);
#9933 = CARTESIAN_POINT('',(47.9,48.65,11.9));
#9934 = SEAM_CURVE('',#9935,(#9939,#9946),.PCURVE_S1.);
#9935 = LINE('',#9936,#9937);
#9936 = CARTESIAN_POINT('',(47.9,48.65,11.1));
#9937 = VECTOR('',#9938,1.);
#9938 = DIRECTION('',(0.,0.,1.));
#9939 = PCURVE('',#9616,#9940);
#9940 = DEFINITIONAL_REPRESENTATION('',(#9941),#9945);
#9941 = LINE('',#9942,#9943);
#9942 = CARTESIAN_POINT('',(-6.28318530718,0.));
#9943 = VECTOR('',#9944,1.);
#9944 = DIRECTION('',(-0.,-1.));
#9945 = ( GEOMETRIC_REPRESENTATION_CONTEXT(2) 
PARAMETRIC_REPRESENTATION_CONTEXT() REPRESENTATION_CONTEXT('2D SPACE',''
  ) );
#9946 = PCURVE('',#9616,#9947);
#9947 = DEFINITIONAL_REPRESENTATION('',(#9948),#9952);
#9948 = LINE('',#9949,#9950);
#9949 = CARTESIAN_POINT('',(-0.,0.));
#9950 = VECTOR('',#9951,1.);
#9951 = DIRECTION('',(-0.,-1.));
#9952 = ( GEOMETRIC_REPRESENTATION_CONTEXT(2) 
PARAMETRIC_REPRESENTATION_CONTEXT() REPRESENTATION_CONTEXT('2D SPACE',''
  ) );
#9953 = ORIENTED_EDGE('',*,*,#9954,.T.);
#9954 = EDGE_CURVE('',#9932,#9932,#9955,.T.);
#9955 = SURFACE_CURVE('',#9956,(#9961,#9968),.PCURVE_S1.);
#9956 = CIRCLE('',#9957,1.7);
#9957 = AXIS2_PLACEMENT_3D('',#9958,#9959,#9960);
#9958 = CARTESIAN_POINT('',(46.2,48.65,11.9));
#9959 = DIRECTION('',(0.,0.,-1.));
#9960 = DIRECTION('',(1.,0.,0.));
#9961 = PCURVE('',#9616,#9962);
#9962 = DEFINITIONAL_REPRESENTATION('',(#9963),#9967);
#9963 = LINE('',#9964,#9965);
#9964 = CARTESIAN_POINT('',(-6.28318530718,-0.8));
#9965 = VECTOR('',#9966,1.);
#9966 = DIRECTION('',(1.,-0.));
#9967 = ( GEOMETRIC_REPRESENTATION_CONTEXT(2) 
PARAMETRIC_REPRESENTATION_CONTEXT() REPRESENTATION_CONTEXT('2D SPACE',''
  ) );
#9968 = PCURVE('',#9843,#9969);
#9969 = DEFINITIONAL_REPRESENTATION('',(#9970),#9978);
#9970 = ( BOUNDED_CURVE() B_SPLINE_CURVE(2,(#9971,#9972,#9973,#9974,
#9975,#9976,#9977),.UNSPECIFIED.,.T.,.F.) B_SPLINE_CURVE_WITH_KNOTS((1,2
    ,2,2,2,1),(-2.094395102393,0.,2.094395102393,4.188790204786,
6.28318530718,8.377580409573),.UNSPECIFIED.) CURVE() 
GEOMETRIC_REPRESENTATION_ITEM() RATIONAL_B_SPLINE_CURVE((1.,0.5,1.,0.5,
1.,0.5,1.)) REPRESENTATION_ITEM('') );
#9971 = CARTESIAN_POINT('',(1.7,-7.105427357601E-15));
#9972 = CARTESIAN_POINT('',(1.7,-2.944486372867));
#9973 = CARTESIAN_POINT('',(-0.85,-1.472243186434));
#9974 = CARTESIAN_POINT('',(-3.4,-7.521807269311E-15));
#9975 = CARTESIAN_POINT('',(-0.85,1.472243186434));
#9976 = CARTESIAN_POINT('',(1.7,2.944486372867));
#9977 = CARTESIAN_POINT('',(1.7,-7.105427357601E-15));
#9978 = ( GEOMETRIC_REPRESENTATION_CONTEXT(2) 
PARAMETRIC_REPRESENTATION_CONTEXT() REPRESENTATION_CONTEXT('2D SPACE',''
  ) );
#9979 = ORIENTED_EDGE('',*,*,#9931,.T.);
#9980 = ORIENTED_EDGE('',*,*,#9595,.F.);
#9981 = ADVANCED_FACE('',(#9982,#9985),#9696,.F.);
#9982 = FACE_BOUND('',#9983,.F.);
#9983 = EDGE_LOOP('',(#9984));
#9984 = ORIENTED_EDGE('',*,*,#9776,.T.);
#9985 = FACE_BOUND('',#9986,.F.);
#9986 = EDGE_LOOP('',(#9987));
#9987 = ORIENTED_EDGE('',*,*,#9681,.T.);
#9988 = ADVANCED_FACE('',(#9989,#9992),#9755,.F.);
#9989 = FACE_BOUND('',#9990,.F.);
#9990 = EDGE_LOOP('',(#9991));
#9991 = ORIENTED_EDGE('',*,*,#9881,.T.);
#9992 = FACE_BOUND('',#9993,.F.);
#9993 = EDGE_LOOP('',(#9994));
#9994 = ORIENTED_EDGE('',*,*,#9740,.T.);
#9995 = ADVANCED_FACE('',(#9996,#9999),#9843,.F.);
#9996 = FACE_BOUND('',#9997,.F.);
#9997 = EDGE_LOOP('',(#9998));
#9998 = ORIENTED_EDGE('',*,*,#9826,.T.);
#9999 = FACE_BOUND('',#10000,.F.);
#10000 = EDGE_LOOP('',(#10001));
#10001 = ORIENTED_EDGE('',*,*,#9954,.T.);
#10002 = ( GEOMETRIC_REPRESENTATION_CONTEXT(3) 
GLOBAL_UNCERTAINTY_ASSIGNED_CONTEXT((#10006)) 
GLOBAL_UNIT_ASSIGNED_CONTEXT((#10003,#10004,#10005)) 
REPRESENTATION_CONTEXT('Context #1',
  '3D Context with UNIT and UNCERTAINTY') );
#10003 = ( LENGTH_UNIT() NAMED_UNIT(*) SI_UNIT(.MILLI.,.METRE.) );
#10004 = ( NAMED_UNIT(*) PLANE_ANGLE_UNIT() SI_UNIT($,.RADIAN.) );
#10005 = ( NAMED_UNIT(*) SI_UNIT($,.STERADIAN.) SOLID_ANGLE_UNIT() );
#10006 = UNCERTAINTY_MEASURE_WITH_UNIT(LENGTH_MEASURE(1.E-07),#10003,
  'distance_accuracy_value','confusion accuracy');
#10007 = CONTEXT_DEPENDENT_SHAPE_REPRESENTATION(#10008,#10010);
#10008 = ( REPRESENTATION_RELATIONSHIP('','',#6063,#10) 
REPRESENTATION_RELATIONSHIP_WITH_TRANSFORMATION(#10009) 
SHAPE_REPRESENTATION_RELATIONSHIP() );
#10009 = ITEM_DEFINED_TRANSFORMATION('','',#11,#19);
#10010 = PRODUCT_DEFINITION_SHAPE('Placement','Placement of an item',
  #10011);
#10011 = NEXT_ASSEMBLY_USAGE_OCCURRENCE('2','top_bumper','',#5,#6058,$);
#10012 = PRODUCT_RELATED_PRODUCT_CATEGORY('part',$,(#6060));
#10013 = SHAPE_DEFINITION_REPRESENTATION(#10014,#10020);
#10014 = PRODUCT_DEFINITION_SHAPE('','',#10015);
#10015 = PRODUCT_DEFINITION('design','',#10016,#10019);
#10016 = PRODUCT_DEFINITION_FORMATION('','',#10017);
#10017 = PRODUCT('fan_mesh_frame_A','fan_mesh_frame_A','',(#10018));
#10018 = PRODUCT_CONTEXT('',#2,'mechanical');
#10019 = PRODUCT_DEFINITION_CONTEXT('part definition',#2,'design');
#10020 = ADVANCED_BREP_SHAPE_REPRESENTATION('',(#11,#10021),#10305);
#10021 = MANIFOLD_SOLID_BREP('',#10022);
#10022 = CLOSED_SHELL('',(#10023,#10111,#10150,#10189,#10248,#10298));
#10023 = ADVANCED_FACE('',(#10024),#10038,.T.);
#10024 = FACE_BOUND('',#10025,.F.);
#10025 = EDGE_LOOP('',(#10026,#10056,#10083,#10084));
#10026 = ORIENTED_EDGE('',*,*,#10027,.T.);
#10027 = EDGE_CURVE('',#10028,#10030,#10032,.T.);
#10028 = VERTEX_POINT('',#10029);
#10029 = CARTESIAN_POINT('',(21.75,0.,0.));
#10030 = VERTEX_POINT('',#10031);
#10031 = CARTESIAN_POINT('',(21.75,0.,0.8));
#10032 = SEAM_CURVE('',#10033,(#10037,#10049),.PCURVE_S1.);
#10033 = LINE('',#10034,#10035);
#10034 = CARTESIAN_POINT('',(21.75,0.,0.));
#10035 = VECTOR('',#10036,1.);
#10036 = DIRECTION('',(0.,0.,1.));
#10037 = PCURVE('',#10038,#10043);
#10038 = CYLINDRICAL_SURFACE('',#10039,21.75);
#10039 = AXIS2_PLACEMENT_3D('',#10040,#10041,#10042);
#10040 = CARTESIAN_POINT('',(0.,0.,0.));
#10041 = DIRECTION('',(-0.,-0.,-1.));
#10042 = DIRECTION('',(1.,0.,0.));
#10043 = DEFINITIONAL_REPRESENTATION('',(#10044),#10048);
#10044 = LINE('',#10045,#10046);
#10045 = CARTESIAN_POINT('',(-0.,0.));
#10046 = VECTOR('',#10047,1.);
#10047 = DIRECTION('',(-0.,-1.));
#10048 = ( GEOMETRIC_REPRESENTATION_CONTEXT(2) 
PARAMETRIC_REPRESENTATION_CONTEXT() REPRESENTATION_CONTEXT('2D SPACE',''
  ) );
#10049 = PCURVE('',#10038,#10050);
#10050 = DEFINITIONAL_REPRESENTATION('',(#10051),#10055);
#10051 = LINE('',#10052,#10053);
#10052 = CARTESIAN_POINT('',(-6.28318530718,0.));
#10053 = VECTOR('',#10054,1.);
#10054 = DIRECTION('',(-0.,-1.));
#10055 = ( GEOMETRIC_REPRESENTATION_CONTEXT(2) 
PARAMETRIC_REPRESENTATION_CONTEXT() REPRESENTATION_CONTEXT('2D SPACE',''
  ) );
#10056 = ORIENTED_EDGE('',*,*,#10057,.T.);
#10057 = EDGE_CURVE('',#10030,#10030,#10058,.T.);
#10058 = SURFACE_CURVE('',#10059,(#10064,#10071),.PCURVE_S1.);
#10059 = CIRCLE('',#10060,21.75);
#10060 = AXIS2_PLACEMENT_3D('',#10061,#10062,#10063);
#10061 = CARTESIAN_POINT('',(0.,0.,0.8));
#10062 = DIRECTION('',(0.,0.,1.));
#10063 = DIRECTION('',(1.,0.,0.));
#10064 = PCURVE('',#10038,#10065);
#10065 = DEFINITIONAL_REPRESENTATION('',(#10066),#10070);
#10066 = LINE('',#10067,#10068);
#10067 = CARTESIAN_POINT('',(-0.,-0.8));
#10068 = VECTOR('',#10069,1.);
#10069 = DIRECTION('',(-1.,0.));
#10070 = ( GEOMETRIC_REPRESENTATION_CONTEXT(2) 
PARAMETRIC_REPRESENTATION_CONTEXT() REPRESENTATION_CONTEXT('2D SPACE',''
  ) );
#10071 = PCURVE('',#10072,#10077);
#10072 = PLANE('',#10073);
#10073 = AXIS2_PLACEMENT_3D('',#10074,#10075,#10076);
#10074 = CARTESIAN_POINT('',(-1.005932971063E-15,1.180640416817E-16,0.8)
  );
#10075 = DIRECTION('',(0.,0.,1.));
#10076 = DIRECTION('',(1.,0.,-0.));
#10077 = DEFINITIONAL_REPRESENTATION('',(#10078),#10082);
#10078 = CIRCLE('',#10079,21.75);
#10079 = AXIS2_PLACEMENT_2D('',#10080,#10081);
#10080 = CARTESIAN_POINT('',(1.005932971063E-15,-1.180640416817E-16));
#10081 = DIRECTION('',(1.,0.));
#10082 = ( GEOMETRIC_REPRESENTATION_CONTEXT(2) 
PARAMETRIC_REPRESENTATION_CONTEXT() REPRESENTATION_CONTEXT('2D SPACE',''
  ) );
#10083 = ORIENTED_EDGE('',*,*,#10027,.F.);
#10084 = ORIENTED_EDGE('',*,*,#10085,.F.);
#10085 = EDGE_CURVE('',#10028,#10028,#10086,.T.);
#10086 = SURFACE_CURVE('',#10087,(#10092,#10099),.PCURVE_S1.);
#10087 = CIRCLE('',#10088,21.75);
#10088 = AXIS2_PLACEMENT_3D('',#10089,#10090,#10091);
#10089 = CARTESIAN_POINT('',(0.,0.,0.));
#10090 = DIRECTION('',(0.,0.,1.));
#10091 = DIRECTION('',(1.,0.,0.));
#10092 = PCURVE('',#10038,#10093);
#10093 = DEFINITIONAL_REPRESENTATION('',(#10094),#10098);
#10094 = LINE('',#10095,#10096);
#10095 = CARTESIAN_POINT('',(-0.,0.));
#10096 = VECTOR('',#10097,1.);
#10097 = DIRECTION('',(-1.,0.));
#10098 = ( GEOMETRIC_REPRESENTATION_CONTEXT(2) 
PARAMETRIC_REPRESENTATION_CONTEXT() REPRESENTATION_CONTEXT('2D SPACE',''
  ) );
#10099 = PCURVE('',#10100,#10105);
#10100 = PLANE('',#10101);
#10101 = AXIS2_PLACEMENT_3D('',#10102,#10103,#10104);
#10102 = CARTESIAN_POINT('',(-1.005932971063E-15,1.180640416817E-16,0.)
  );
#10103 = DIRECTION('',(0.,0.,1.));
#10104 = DIRECTION('',(1.,0.,-0.));
#10105 = DEFINITIONAL_REPRESENTATION('',(#10106),#10110);
#10106 = CIRCLE('',#10107,21.75);
#10107 = AXIS2_PLACEMENT_2D('',#10108,#10109);
#10108 = CARTESIAN_POINT('',(1.005932971063E-15,-1.180640416817E-16));
#10109 = DIRECTION('',(1.,0.));
#10110 = ( GEOMETRIC_REPRESENTATION_CONTEXT(2) 
PARAMETRIC_REPRESENTATION_CONTEXT() REPRESENTATION_CONTEXT('2D SPACE',''
  ) );
#10111 = ADVANCED_FACE('',(#10112,#10115),#10100,.F.);
#10112 = FACE_BOUND('',#10113,.F.);
#10113 = EDGE_LOOP('',(#10114));
#10114 = ORIENTED_EDGE('',*,*,#10085,.T.);
#10115 = FACE_BOUND('',#10116,.F.);
#10116 = EDGE_LOOP('',(#10117));
#10117 = ORIENTED_EDGE('',*,*,#10118,.T.);
#10118 = EDGE_CURVE('',#10119,#10119,#10121,.T.);
#10119 = VERTEX_POINT('',#10120);
#10120 = CARTESIAN_POINT('',(18.75,0.,0.));
#10121 = SURFACE_CURVE('',#10122,(#10127,#10138),.PCURVE_S1.);
#10122 = CIRCLE('',#10123,18.75);
#10123 = AXIS2_PLACEMENT_3D('',#10124,#10125,#10126);
#10124 = CARTESIAN_POINT('',(0.,0.,0.));
#10125 = DIRECTION('',(0.,0.,-1.));
#10126 = DIRECTION('',(1.,0.,0.));
#10127 = PCURVE('',#10100,#10128);
#10128 = DEFINITIONAL_REPRESENTATION('',(#10129),#10137);
#10129 = ( BOUNDED_CURVE() B_SPLINE_CURVE(2,(#10130,#10131,#10132,#10133
    ,#10134,#10135,#10136),.UNSPECIFIED.,.T.,.F.) 
B_SPLINE_CURVE_WITH_KNOTS((1,2,2,2,2,1),(-2.094395102393,0.,
    2.094395102393,4.188790204786,6.28318530718,8.377580409573),
.UNSPECIFIED.) CURVE() GEOMETRIC_REPRESENTATION_ITEM() 
RATIONAL_B_SPLINE_CURVE((1.,0.5,1.,0.5,1.,0.5,1.)) REPRESENTATION_ITEM(
  '') );
#10130 = CARTESIAN_POINT('',(18.75,-1.180640416817E-16));
#10131 = CARTESIAN_POINT('',(18.75,-32.47595264191));
#10132 = CARTESIAN_POINT('',(-9.375,-16.23797632095));
#10133 = CARTESIAN_POINT('',(-37.5,-4.710489538484E-15));
#10134 = CARTESIAN_POINT('',(-9.375,16.237976320958));
#10135 = CARTESIAN_POINT('',(18.75,32.475952641916));
#10136 = CARTESIAN_POINT('',(18.75,-1.180640416817E-16));
#10137 = ( GEOMETRIC_REPRESENTATION_CONTEXT(2) 
PARAMETRIC_REPRESENTATION_CONTEXT() REPRESENTATION_CONTEXT('2D SPACE',''
  ) );
#10138 = PCURVE('',#10139,#10144);
#10139 = CYLINDRICAL_SURFACE('',#10140,18.75);
#10140 = AXIS2_PLACEMENT_3D('',#10141,#10142,#10143);
#10141 = CARTESIAN_POINT('',(0.,0.,-0.2));
#10142 = DIRECTION('',(-0.,-0.,-1.));
#10143 = DIRECTION('',(1.,0.,0.));
#10144 = DEFINITIONAL_REPRESENTATION('',(#10145),#10149);
#10145 = LINE('',#10146,#10147);
#10146 = CARTESIAN_POINT('',(-6.28318530718,-0.2));
#10147 = VECTOR('',#10148,1.);
#10148 = DIRECTION('',(1.,-0.));
#10149 = ( GEOMETRIC_REPRESENTATION_CONTEXT(2) 
PARAMETRIC_REPRESENTATION_CONTEXT() REPRESENTATION_CONTEXT('2D SPACE',''
  ) );
#10150 = ADVANCED_FACE('',(#10151,#10154),#10072,.T.);
#10151 = FACE_BOUND('',#10152,.T.);
#10152 = EDGE_LOOP('',(#10153));
#10153 = ORIENTED_EDGE('',*,*,#10057,.T.);
#10154 = FACE_BOUND('',#10155,.T.);
#10155 = EDGE_LOOP('',(#10156));
#10156 = ORIENTED_EDGE('',*,*,#10157,.T.);
#10157 = EDGE_CURVE('',#10158,#10158,#10160,.T.);
#10158 = VERTEX_POINT('',#10159);
#10159 = CARTESIAN_POINT('',(20.75,0.,0.8));
#10160 = SURFACE_CURVE('',#10161,(#10166,#10177),.PCURVE_S1.);
#10161 = CIRCLE('',#10162,20.75);
#10162 = AXIS2_PLACEMENT_3D('',#10163,#10164,#10165);
#10163 = CARTESIAN_POINT('',(0.,0.,0.8));
#10164 = DIRECTION('',(0.,0.,-1.));
#10165 = DIRECTION('',(1.,0.,0.));
#10166 = PCURVE('',#10072,#10167);
#10167 = DEFINITIONAL_REPRESENTATION('',(#10168),#10176);
#10168 = ( BOUNDED_CURVE() B_SPLINE_CURVE(2,(#10169,#10170,#10171,#10172
    ,#10173,#10174,#10175),.UNSPECIFIED.,.T.,.F.) 
B_SPLINE_CURVE_WITH_KNOTS((1,2,2,2,2,1),(-2.094395102393,0.,
    2.094395102393,4.188790204786,6.28318530718,8.377580409573),
.UNSPECIFIED.) CURVE() GEOMETRIC_REPRESENTATION_ITEM() 
RATIONAL_B_SPLINE_CURVE((1.,0.5,1.,0.5,1.,0.5,1.)) REPRESENTATION_ITEM(
  '') );
#10169 = CARTESIAN_POINT('',(20.75,-1.180640416817E-16));
#10170 = CARTESIAN_POINT('',(20.75,-35.94005425705));
#10171 = CARTESIAN_POINT('',(-10.375,-17.97002712852));
#10172 = CARTESIAN_POINT('',(-41.5,-5.200348258143E-15));
#10173 = CARTESIAN_POINT('',(-10.375,17.970027128527));
#10174 = CARTESIAN_POINT('',(20.75,35.940054257054));
#10175 = CARTESIAN_POINT('',(20.75,-1.180640416817E-16));
#10176 = ( GEOMETRIC_REPRESENTATION_CONTEXT(2) 
PARAMETRIC_REPRESENTATION_CONTEXT() REPRESENTATION_CONTEXT('2D SPACE',''
  ) );
#10177 = PCURVE('',#10178,#10183);
#10178 = CYLINDRICAL_SURFACE('',#10179,20.75);
#10179 = AXIS2_PLACEMENT_3D('',#10180,#10181,#10182);
#10180 = CARTESIAN_POINT('',(0.,0.,0.55));
#10181 = DIRECTION('',(-0.,-0.,-1.));
#10182 = DIRECTION('',(1.,0.,0.));
#10183 = DEFINITIONAL_REPRESENTATION('',(#10184),#10188);
#10184 = LINE('',#10185,#10186);
#10185 = CARTESIAN_POINT('',(-6.28318530718,-0.25));
#10186 = VECTOR('',#10187,1.);
#10187 = DIRECTION('',(1.,-0.));
#10188 = ( GEOMETRIC_REPRESENTATION_CONTEXT(2) 
PARAMETRIC_REPRESENTATION_CONTEXT() REPRESENTATION_CONTEXT('2D SPACE',''
  ) );
#10189 = ADVANCED_FACE('',(#10190),#10139,.F.);
#10190 = FACE_BOUND('',#10191,.T.);
#10191 = EDGE_LOOP('',(#10192,#10215,#10216,#10217));
#10192 = ORIENTED_EDGE('',*,*,#10193,.F.);
#10193 = EDGE_CURVE('',#10119,#10194,#10196,.T.);
#10194 = VERTEX_POINT('',#10195);
#10195 = CARTESIAN_POINT('',(18.75,0.,0.55));
#10196 = SEAM_CURVE('',#10197,(#10201,#10208),.PCURVE_S1.);
#10197 = LINE('',#10198,#10199);
#10198 = CARTESIAN_POINT('',(18.75,0.,-0.2));
#10199 = VECTOR('',#10200,1.);
#10200 = DIRECTION('',(0.,0.,1.));
#10201 = PCURVE('',#10139,#10202);
#10202 = DEFINITIONAL_REPRESENTATION('',(#10203),#10207);
#10203 = LINE('',#10204,#10205);
#10204 = CARTESIAN_POINT('',(-6.28318530718,0.));
#10205 = VECTOR('',#10206,1.);
#10206 = DIRECTION('',(-0.,-1.));
#10207 = ( GEOMETRIC_REPRESENTATION_CONTEXT(2) 
PARAMETRIC_REPRESENTATION_CONTEXT() REPRESENTATION_CONTEXT('2D SPACE',''
  ) );
#10208 = PCURVE('',#10139,#10209);
#10209 = DEFINITIONAL_REPRESENTATION('',(#10210),#10214);
#10210 = LINE('',#10211,#10212);
#10211 = CARTESIAN_POINT('',(-0.,0.));
#10212 = VECTOR('',#10213,1.);
#10213 = DIRECTION('',(-0.,-1.));
#10214 = ( GEOMETRIC_REPRESENTATION_CONTEXT(2) 
PARAMETRIC_REPRESENTATION_CONTEXT() REPRESENTATION_CONTEXT('2D SPACE',''
  ) );
#10215 = ORIENTED_EDGE('',*,*,#10118,.T.);
#10216 = ORIENTED_EDGE('',*,*,#10193,.T.);
#10217 = ORIENTED_EDGE('',*,*,#10218,.F.);
#10218 = EDGE_CURVE('',#10194,#10194,#10219,.T.);
#10219 = SURFACE_CURVE('',#10220,(#10225,#10232),.PCURVE_S1.);
#10220 = CIRCLE('',#10221,18.75);
#10221 = AXIS2_PLACEMENT_3D('',#10222,#10223,#10224);
#10222 = CARTESIAN_POINT('',(0.,0.,0.55));
#10223 = DIRECTION('',(0.,0.,-1.));
#10224 = DIRECTION('',(1.,0.,0.));
#10225 = PCURVE('',#10139,#10226);
#10226 = DEFINITIONAL_REPRESENTATION('',(#10227),#10231);
#10227 = LINE('',#10228,#10229);
#10228 = CARTESIAN_POINT('',(-6.28318530718,-0.75));
#10229 = VECTOR('',#10230,1.);
#10230 = DIRECTION('',(1.,-0.));
#10231 = ( GEOMETRIC_REPRESENTATION_CONTEXT(2) 
PARAMETRIC_REPRESENTATION_CONTEXT() REPRESENTATION_CONTEXT('2D SPACE',''
  ) );
#10232 = PCURVE('',#10233,#10238);
#10233 = PLANE('',#10234);
#10234 = AXIS2_PLACEMENT_3D('',#10235,#10236,#10237);
#10235 = CARTESIAN_POINT('',(-1.054411668464E-15,1.261775967518E-15,0.55
    ));
#10236 = DIRECTION('',(0.,0.,1.));
#10237 = DIRECTION('',(1.,0.,-0.));
#10238 = DEFINITIONAL_REPRESENTATION('',(#10239),#10247);
#10239 = ( BOUNDED_CURVE() B_SPLINE_CURVE(2,(#10240,#10241,#10242,#10243
    ,#10244,#10245,#10246),.UNSPECIFIED.,.T.,.F.) 
B_SPLINE_CURVE_WITH_KNOTS((1,2,2,2,2,1),(-2.094395102393,0.,
    2.094395102393,4.188790204786,6.28318530718,8.377580409573),
.UNSPECIFIED.) CURVE() GEOMETRIC_REPRESENTATION_ITEM() 
RATIONAL_B_SPLINE_CURVE((1.,0.5,1.,0.5,1.,0.5,1.)) REPRESENTATION_ITEM(
  '') );
#10240 = CARTESIAN_POINT('',(18.75,-1.261775967518E-15));
#10241 = CARTESIAN_POINT('',(18.75,-32.47595264191));
#10242 = CARTESIAN_POINT('',(-9.375,-16.23797632095));
#10243 = CARTESIAN_POINT('',(-37.5,-5.854201464321E-15));
#10244 = CARTESIAN_POINT('',(-9.375,16.237976320958));
#10245 = CARTESIAN_POINT('',(18.75,32.475952641916));
#10246 = CARTESIAN_POINT('',(18.75,-1.261775967518E-15));
#10247 = ( GEOMETRIC_REPRESENTATION_CONTEXT(2) 
PARAMETRIC_REPRESENTATION_CONTEXT() REPRESENTATION_CONTEXT('2D SPACE',''
  ) );
#10248 = ADVANCED_FACE('',(#10249),#10178,.F.);
#10249 = FACE_BOUND('',#10250,.T.);
#10250 = EDGE_LOOP('',(#10251,#10275,#10296,#10297));
#10251 = ORIENTED_EDGE('',*,*,#10252,.F.);
#10252 = EDGE_CURVE('',#10253,#10253,#10255,.T.);
#10253 = VERTEX_POINT('',#10254);
#10254 = CARTESIAN_POINT('',(20.75,0.,0.55));
#10255 = SURFACE_CURVE('',#10256,(#10261,#10268),.PCURVE_S1.);
#10256 = CIRCLE('',#10257,20.75);
#10257 = AXIS2_PLACEMENT_3D('',#10258,#10259,#10260);
#10258 = CARTESIAN_POINT('',(0.,0.,0.55));
#10259 = DIRECTION('',(0.,0.,1.));
#10260 = DIRECTION('',(1.,0.,0.));
#10261 = PCURVE('',#10178,#10262);
#10262 = DEFINITIONAL_REPRESENTATION('',(#10263),#10267);
#10263 = LINE('',#10264,#10265);
#10264 = CARTESIAN_POINT('',(-0.,0.));
#10265 = VECTOR('',#10266,1.);
#10266 = DIRECTION('',(-1.,0.));
#10267 = ( GEOMETRIC_REPRESENTATION_CONTEXT(2) 
PARAMETRIC_REPRESENTATION_CONTEXT() REPRESENTATION_CONTEXT('2D SPACE',''
  ) );
#10268 = PCURVE('',#10233,#10269);
#10269 = DEFINITIONAL_REPRESENTATION('',(#10270),#10274);
#10270 = CIRCLE('',#10271,20.75);
#10271 = AXIS2_PLACEMENT_2D('',#10272,#10273);
#10272 = CARTESIAN_POINT('',(1.054411668464E-15,-1.261775967518E-15));
#10273 = DIRECTION('',(1.,0.));
#10274 = ( GEOMETRIC_REPRESENTATION_CONTEXT(2) 
PARAMETRIC_REPRESENTATION_CONTEXT() REPRESENTATION_CONTEXT('2D SPACE',''
  ) );
#10275 = ORIENTED_EDGE('',*,*,#10276,.T.);
#10276 = EDGE_CURVE('',#10253,#10158,#10277,.T.);
#10277 = SEAM_CURVE('',#10278,(#10282,#10289),.PCURVE_S1.);
#10278 = LINE('',#10279,#10280);
#10279 = CARTESIAN_POINT('',(20.75,0.,0.55));
#10280 = VECTOR('',#10281,1.);
#10281 = DIRECTION('',(0.,0.,1.));
#10282 = PCURVE('',#10178,#10283);
#10283 = DEFINITIONAL_REPRESENTATION('',(#10284),#10288);
#10284 = LINE('',#10285,#10286);
#10285 = CARTESIAN_POINT('',(-6.28318530718,0.));
#10286 = VECTOR('',#10287,1.);
#10287 = DIRECTION('',(-0.,-1.));
#10288 = ( GEOMETRIC_REPRESENTATION_CONTEXT(2) 
PARAMETRIC_REPRESENTATION_CONTEXT() REPRESENTATION_CONTEXT('2D SPACE',''
  ) );
#10289 = PCURVE('',#10178,#10290);
#10290 = DEFINITIONAL_REPRESENTATION('',(#10291),#10295);
#10291 = LINE('',#10292,#10293);
#10292 = CARTESIAN_POINT('',(-0.,0.));
#10293 = VECTOR('',#10294,1.);
#10294 = DIRECTION('',(-0.,-1.));
#10295 = ( GEOMETRIC_REPRESENTATION_CONTEXT(2) 
PARAMETRIC_REPRESENTATION_CONTEXT() REPRESENTATION_CONTEXT('2D SPACE',''
  ) );
#10296 = ORIENTED_EDGE('',*,*,#10157,.F.);
#10297 = ORIENTED_EDGE('',*,*,#10276,.F.);
#10298 = ADVANCED_FACE('',(#10299,#10302),#10233,.T.);
#10299 = FACE_BOUND('',#10300,.T.);
#10300 = EDGE_LOOP('',(#10301));
#10301 = ORIENTED_EDGE('',*,*,#10252,.T.);
#10302 = FACE_BOUND('',#10303,.T.);
#10303 = EDGE_LOOP('',(#10304));
#10304 = ORIENTED_EDGE('',*,*,#10218,.T.);
#10305 = ( GEOMETRIC_REPRESENTATION_CONTEXT(3) 
GLOBAL_UNCERTAINTY_ASSIGNED_CONTEXT((#10309)) 
GLOBAL_UNIT_ASSIGNED_CONTEXT((#10306,#10307,#10308)) 
REPRESENTATION_CONTEXT('Context #1',
  '3D Context with UNIT and UNCERTAINTY') );
#10306 = ( LENGTH_UNIT() NAMED_UNIT(*) SI_UNIT(.MILLI.,.METRE.) );
#10307 = ( NAMED_UNIT(*) PLANE_ANGLE_UNIT() SI_UNIT($,.RADIAN.) );
#10308 = ( NAMED_UNIT(*) SI_UNIT($,.STERADIAN.) SOLID_ANGLE_UNIT() );
#10309 = UNCERTAINTY_MEASURE_WITH_UNIT(LENGTH_MEASURE(1.E-07),#10306,
  'distance_accuracy_value','confusion accuracy');
#10310 = CONTEXT_DEPENDENT_SHAPE_REPRESENTATION(#10311,#10313);
#10311 = ( REPRESENTATION_RELATIONSHIP('','',#10020,#10) 
REPRESENTATION_RELATIONSHIP_WITH_TRANSFORMATION(#10312) 
SHAPE_REPRESENTATION_RELATIONSHIP() );
#10312 = ITEM_DEFINED_TRANSFORMATION('','',#11,#23);
#10313 = PRODUCT_DEFINITION_SHAPE('Placement','Placement of an item',
  #10314);
#10314 = NEXT_ASSEMBLY_USAGE_OCCURRENCE('3','fan_mesh_frame_A','',#5,
  #10015,$);
#10315 = PRODUCT_RELATED_PRODUCT_CATEGORY('part',$,(#10017));
#10316 = SHAPE_DEFINITION_REPRESENTATION(#10317,#10323);
#10317 = PRODUCT_DEFINITION_SHAPE('','',#10318);
#10318 = PRODUCT_DEFINITION('design','',#10319,#10322);
#10319 = PRODUCT_DEFINITION_FORMATION('','',#10320);
#10320 = PRODUCT('power_button','power_button','',(#10321));
#10321 = PRODUCT_CONTEXT('',#2,'mechanical');
#10322 = PRODUCT_DEFINITION_CONTEXT('part definition',#2,'design');
#10323 = ADVANCED_BREP_SHAPE_REPRESENTATION('',(#11,#10324),#11066);
#10324 = MANIFOLD_SOLID_BREP('',#10325);
#10325 = CLOSED_SHELL('',(#10326,#10446,#10522,#10571,#10620,#10761,
    #10768,#10844,#10893,#10942,#10969,#11007,#11062));
#10326 = ADVANCED_FACE('',(#10327),#10341,.F.);
#10327 = FACE_BOUND('',#10328,.F.);
#10328 = EDGE_LOOP('',(#10329,#10364,#10392,#10420));
#10329 = ORIENTED_EDGE('',*,*,#10330,.F.);
#10330 = EDGE_CURVE('',#10331,#10333,#10335,.T.);
#10331 = VERTEX_POINT('',#10332);
#10332 = CARTESIAN_POINT('',(-6.25,4.6,3.5));
#10333 = VERTEX_POINT('',#10334);
#10334 = CARTESIAN_POINT('',(-6.25,5.6,3.5));
#10335 = SURFACE_CURVE('',#10336,(#10340,#10352),.PCURVE_S1.);
#10336 = LINE('',#10337,#10338);
#10337 = CARTESIAN_POINT('',(-6.25,4.6,3.5));
#10338 = VECTOR('',#10339,1.);
#10339 = DIRECTION('',(0.,1.,1.110223024625E-16));
#10340 = PCURVE('',#10341,#10346);
#10341 = PLANE('',#10342);
#10342 = AXIS2_PLACEMENT_3D('',#10343,#10344,#10345);
#10343 = CARTESIAN_POINT('',(-6.25,4.6,3.5));
#10344 = DIRECTION('',(1.,0.,0.));
#10345 = DIRECTION('',(0.,1.,1.110223024625E-16));
#10346 = DEFINITIONAL_REPRESENTATION('',(#10347),#10351);
#10347 = LINE('',#10348,#10349);
#10348 = CARTESIAN_POINT('',(0.,0.));
#10349 = VECTOR('',#10350,1.);
#10350 = DIRECTION('',(1.,0.));
#10351 = ( GEOMETRIC_REPRESENTATION_CONTEXT(2) 
PARAMETRIC_REPRESENTATION_CONTEXT() REPRESENTATION_CONTEXT('2D SPACE',''
  ) );
#10352 = PCURVE('',#10353,#10358);
#10353 = PLANE('',#10354);
#10354 = AXIS2_PLACEMENT_3D('',#10355,#10356,#10357);
#10355 = CARTESIAN_POINT('',(-6.25,4.6,3.5));
#10356 = DIRECTION('',(0.,1.110223024625E-16,-1.));
#10357 = DIRECTION('',(0.,1.,1.110223024625E-16));
#10358 = DEFINITIONAL_REPRESENTATION('',(#10359),#10363);
#10359 = LINE('',#10360,#10361);
#10360 = CARTESIAN_POINT('',(0.,0.));
#10361 = VECTOR('',#10362,1.);
#10362 = DIRECTION('',(1.,0.));
#10363 = ( GEOMETRIC_REPRESENTATION_CONTEXT(2) 
PARAMETRIC_REPRESENTATION_CONTEXT() REPRESENTATION_CONTEXT('2D SPACE',''
  ) );
#10364 = ORIENTED_EDGE('',*,*,#10365,.T.);
#10365 = EDGE_CURVE('',#10331,#10366,#10368,.T.);
#10366 = VERTEX_POINT('',#10367);
#10367 = CARTESIAN_POINT('',(-6.25,4.6,-3.5));
#10368 = SURFACE_CURVE('',#10369,(#10373,#10380),.PCURVE_S1.);
#10369 = LINE('',#10370,#10371);
#10370 = CARTESIAN_POINT('',(-6.25,4.6,3.5));
#10371 = VECTOR('',#10372,1.);
#10372 = DIRECTION('',(0.,1.110223024625E-16,-1.));
#10373 = PCURVE('',#10341,#10374);
#10374 = DEFINITIONAL_REPRESENTATION('',(#10375),#10379);
#10375 = LINE('',#10376,#10377);
#10376 = CARTESIAN_POINT('',(0.,0.));
#10377 = VECTOR('',#10378,1.);
#10378 = DIRECTION('',(0.,-1.));
#10379 = ( GEOMETRIC_REPRESENTATION_CONTEXT(2) 
PARAMETRIC_REPRESENTATION_CONTEXT() REPRESENTATION_CONTEXT('2D SPACE',''
  ) );
#10380 = PCURVE('',#10381,#10386);
#10381 = PLANE('',#10382);
#10382 = AXIS2_PLACEMENT_3D('',#10383,#10384,#10385);
#10383 = CARTESIAN_POINT('',(-6.25,4.6,3.5));
#10384 = DIRECTION('',(0.,1.,1.110223024625E-16));
#10385 = DIRECTION('',(1.,0.,0.));
#10386 = DEFINITIONAL_REPRESENTATION('',(#10387),#10391);
#10387 = LINE('',#10388,#10389);
#10388 = CARTESIAN_POINT('',(0.,0.));
#10389 = VECTOR('',#10390,1.);
#10390 = DIRECTION('',(0.,1.));
#10391 = ( GEOMETRIC_REPRESENTATION_CONTEXT(2) 
PARAMETRIC_REPRESENTATION_CONTEXT() REPRESENTATION_CONTEXT('2D SPACE',''
  ) );
#10392 = ORIENTED_EDGE('',*,*,#10393,.T.);
#10393 = EDGE_CURVE('',#10366,#10394,#10396,.T.);
#10394 = VERTEX_POINT('',#10395);
#10395 = CARTESIAN_POINT('',(-6.25,5.6,-3.5));
#10396 = SURFACE_CURVE('',#10397,(#10401,#10408),.PCURVE_S1.);
#10397 = LINE('',#10398,#10399);
#10398 = CARTESIAN_POINT('',(-6.25,4.6,-3.5));
#10399 = VECTOR('',#10400,1.);
#10400 = DIRECTION('',(0.,1.,1.110223024625E-16));
#10401 = PCURVE('',#10341,#10402);
#10402 = DEFINITIONAL_REPRESENTATION('',(#10403),#10407);
#10403 = LINE('',#10404,#10405);
#10404 = CARTESIAN_POINT('',(-7.771561172376E-16,-7.));
#10405 = VECTOR('',#10406,1.);
#10406 = DIRECTION('',(1.,0.));
#10407 = ( GEOMETRIC_REPRESENTATION_CONTEXT(2) 
PARAMETRIC_REPRESENTATION_CONTEXT() REPRESENTATION_CONTEXT('2D SPACE',''
  ) );
#10408 = PCURVE('',#10409,#10414);
#10409 = PLANE('',#10410);
#10410 = AXIS2_PLACEMENT_3D('',#10411,#10412,#10413);
#10411 = CARTESIAN_POINT('',(-6.25,4.6,-3.5));
#10412 = DIRECTION('',(0.,1.110223024625E-16,-1.));
#10413 = DIRECTION('',(0.,1.,1.110223024625E-16));
#10414 = DEFINITIONAL_REPRESENTATION('',(#10415),#10419);
#10415 = LINE('',#10416,#10417);
#10416 = CARTESIAN_POINT('',(0.,0.));
#10417 = VECTOR('',#10418,1.);
#10418 = DIRECTION('',(1.,0.));
#10419 = ( GEOMETRIC_REPRESENTATION_CONTEXT(2) 
PARAMETRIC_REPRESENTATION_CONTEXT() REPRESENTATION_CONTEXT('2D SPACE',''
  ) );
#10420 = ORIENTED_EDGE('',*,*,#10421,.F.);
#10421 = EDGE_CURVE('',#10333,#10394,#10422,.T.);
#10422 = SURFACE_CURVE('',#10423,(#10427,#10434),.PCURVE_S1.);
#10423 = LINE('',#10424,#10425);
#10424 = CARTESIAN_POINT('',(-6.25,5.6,3.5));
#10425 = VECTOR('',#10426,1.);
#10426 = DIRECTION('',(0.,1.110223024625E-16,-1.));
#10427 = PCURVE('',#10341,#10428);
#10428 = DEFINITIONAL_REPRESENTATION('',(#10429),#10433);
#10429 = LINE('',#10430,#10431);
#10430 = CARTESIAN_POINT('',(1.,-1.110223024625E-16));
#10431 = VECTOR('',#10432,1.);
#10432 = DIRECTION('',(0.,-1.));
#10433 = ( GEOMETRIC_REPRESENTATION_CONTEXT(2) 
PARAMETRIC_REPRESENTATION_CONTEXT() REPRESENTATION_CONTEXT('2D SPACE',''
  ) );
#10434 = PCURVE('',#10435,#10440);
#10435 = PLANE('',#10436);
#10436 = AXIS2_PLACEMENT_3D('',#10437,#10438,#10439);
#10437 = CARTESIAN_POINT('',(-6.25,5.6,3.5));
#10438 = DIRECTION('',(0.,1.,1.110223024625E-16));
#10439 = DIRECTION('',(1.,0.,0.));
#10440 = DEFINITIONAL_REPRESENTATION('',(#10441),#10445);
#10441 = LINE('',#10442,#10443);
#10442 = CARTESIAN_POINT('',(0.,0.));
#10443 = VECTOR('',#10444,1.);
#10444 = DIRECTION('',(0.,1.));
#10445 = ( GEOMETRIC_REPRESENTATION_CONTEXT(2) 
PARAMETRIC_REPRESENTATION_CONTEXT() REPRESENTATION_CONTEXT('2D SPACE',''
  ) );
#10446 = ADVANCED_FACE('',(#10447),#10353,.F.);
#10447 = FACE_BOUND('',#10448,.F.);
#10448 = EDGE_LOOP('',(#10449,#10472,#10473,#10496));
#10449 = ORIENTED_EDGE('',*,*,#10450,.F.);
#10450 = EDGE_CURVE('',#10331,#10451,#10453,.T.);
#10451 = VERTEX_POINT('',#10452);
#10452 = CARTESIAN_POINT('',(6.25,4.6,3.5));
#10453 = SURFACE_CURVE('',#10454,(#10458,#10465),.PCURVE_S1.);
#10454 = LINE('',#10455,#10456);
#10455 = CARTESIAN_POINT('',(-6.25,4.6,3.5));
#10456 = VECTOR('',#10457,1.);
#10457 = DIRECTION('',(1.,0.,0.));
#10458 = PCURVE('',#10353,#10459);
#10459 = DEFINITIONAL_REPRESENTATION('',(#10460),#10464);
#10460 = LINE('',#10461,#10462);
#10461 = CARTESIAN_POINT('',(0.,0.));
#10462 = VECTOR('',#10463,1.);
#10463 = DIRECTION('',(0.,1.));
#10464 = ( GEOMETRIC_REPRESENTATION_CONTEXT(2) 
PARAMETRIC_REPRESENTATION_CONTEXT() REPRESENTATION_CONTEXT('2D SPACE',''
  ) );
#10465 = PCURVE('',#10381,#10466);
#10466 = DEFINITIONAL_REPRESENTATION('',(#10467),#10471);
#10467 = LINE('',#10468,#10469);
#10468 = CARTESIAN_POINT('',(0.,0.));
#10469 = VECTOR('',#10470,1.);
#10470 = DIRECTION('',(1.,0.));
#10471 = ( GEOMETRIC_REPRESENTATION_CONTEXT(2) 
PARAMETRIC_REPRESENTATION_CONTEXT() REPRESENTATION_CONTEXT('2D SPACE',''
  ) );
#10472 = ORIENTED_EDGE('',*,*,#10330,.T.);
#10473 = ORIENTED_EDGE('',*,*,#10474,.T.);
#10474 = EDGE_CURVE('',#10333,#10475,#10477,.T.);
#10475 = VERTEX_POINT('',#10476);
#10476 = CARTESIAN_POINT('',(6.25,5.6,3.5));
#10477 = SURFACE_CURVE('',#10478,(#10482,#10489),.PCURVE_S1.);
#10478 = LINE('',#10479,#10480);
#10479 = CARTESIAN_POINT('',(-6.25,5.6,3.5));
#10480 = VECTOR('',#10481,1.);
#10481 = DIRECTION('',(1.,0.,0.));
#10482 = PCURVE('',#10353,#10483);
#10483 = DEFINITIONAL_REPRESENTATION('',(#10484),#10488);
#10484 = LINE('',#10485,#10486);
#10485 = CARTESIAN_POINT('',(1.,0.));
#10486 = VECTOR('',#10487,1.);
#10487 = DIRECTION('',(0.,1.));
#10488 = ( GEOMETRIC_REPRESENTATION_CONTEXT(2) 
PARAMETRIC_REPRESENTATION_CONTEXT() REPRESENTATION_CONTEXT('2D SPACE',''
  ) );
#10489 = PCURVE('',#10435,#10490);
#10490 = DEFINITIONAL_REPRESENTATION('',(#10491),#10495);
#10491 = LINE('',#10492,#10493);
#10492 = CARTESIAN_POINT('',(0.,0.));
#10493 = VECTOR('',#10494,1.);
#10494 = DIRECTION('',(1.,0.));
#10495 = ( GEOMETRIC_REPRESENTATION_CONTEXT(2) 
PARAMETRIC_REPRESENTATION_CONTEXT() REPRESENTATION_CONTEXT('2D SPACE',''
  ) );
#10496 = ORIENTED_EDGE('',*,*,#10497,.F.);
#10497 = EDGE_CURVE('',#10451,#10475,#10498,.T.);
#10498 = SURFACE_CURVE('',#10499,(#10503,#10510),.PCURVE_S1.);
#10499 = LINE('',#10500,#10501);
#10500 = CARTESIAN_POINT('',(6.25,4.6,3.5));
#10501 = VECTOR('',#10502,1.);
#10502 = DIRECTION('',(0.,1.,1.110223024625E-16));
#10503 = PCURVE('',#10353,#10504);
#10504 = DEFINITIONAL_REPRESENTATION('',(#10505),#10509);
#10505 = LINE('',#10506,#10507);
#10506 = CARTESIAN_POINT('',(0.,12.5));
#10507 = VECTOR('',#10508,1.);
#10508 = DIRECTION('',(1.,0.));
#10509 = ( GEOMETRIC_REPRESENTATION_CONTEXT(2) 
PARAMETRIC_REPRESENTATION_CONTEXT() REPRESENTATION_CONTEXT('2D SPACE',''
  ) );
#10510 = PCURVE('',#10511,#10516);
#10511 = PLANE('',#10512);
#10512 = AXIS2_PLACEMENT_3D('',#10513,#10514,#10515);
#10513 = CARTESIAN_POINT('',(6.25,4.6,3.5));
#10514 = DIRECTION('',(1.,0.,0.));
#10515 = DIRECTION('',(0.,1.,1.110223024625E-16));
#10516 = DEFINITIONAL_REPRESENTATION('',(#10517),#10521);
#10517 = LINE('',#10518,#10519);
#10518 = CARTESIAN_POINT('',(0.,0.));
#10519 = VECTOR('',#10520,1.);
#10520 = DIRECTION('',(1.,0.));
#10521 = ( GEOMETRIC_REPRESENTATION_CONTEXT(2) 
PARAMETRIC_REPRESENTATION_CONTEXT() REPRESENTATION_CONTEXT('2D SPACE',''
  ) );
#10522 = ADVANCED_FACE('',(#10523),#10435,.T.);
#10523 = FACE_BOUND('',#10524,.T.);
#10524 = EDGE_LOOP('',(#10525,#10526,#10527,#10550));
#10525 = ORIENTED_EDGE('',*,*,#10421,.F.);
#10526 = ORIENTED_EDGE('',*,*,#10474,.T.);
#10527 = ORIENTED_EDGE('',*,*,#10528,.T.);
#10528 = EDGE_CURVE('',#10475,#10529,#10531,.T.);
#10529 = VERTEX_POINT('',#10530);
#10530 = CARTESIAN_POINT('',(6.25,5.6,-3.5));
#10531 = SURFACE_CURVE('',#10532,(#10536,#10543),.PCURVE_S1.);
#10532 = LINE('',#10533,#10534);
#10533 = CARTESIAN_POINT('',(6.25,5.6,3.5));
#10534 = VECTOR('',#10535,1.);
#10535 = DIRECTION('',(0.,1.110223024625E-16,-1.));
#10536 = PCURVE('',#10435,#10537);
#10537 = DEFINITIONAL_REPRESENTATION('',(#10538),#10542);
#10538 = LINE('',#10539,#10540);
#10539 = CARTESIAN_POINT('',(12.5,0.));
#10540 = VECTOR('',#10541,1.);
#10541 = DIRECTION('',(0.,1.));
#10542 = ( GEOMETRIC_REPRESENTATION_CONTEXT(2) 
PARAMETRIC_REPRESENTATION_CONTEXT() REPRESENTATION_CONTEXT('2D SPACE',''
  ) );
#10543 = PCURVE('',#10511,#10544);
#10544 = DEFINITIONAL_REPRESENTATION('',(#10545),#10549);
#10545 = LINE('',#10546,#10547);
#10546 = CARTESIAN_POINT('',(1.,-1.110223024625E-16));
#10547 = VECTOR('',#10548,1.);
#10548 = DIRECTION('',(0.,-1.));
#10549 = ( GEOMETRIC_REPRESENTATION_CONTEXT(2) 
PARAMETRIC_REPRESENTATION_CONTEXT() REPRESENTATION_CONTEXT('2D SPACE',''
  ) );
#10550 = ORIENTED_EDGE('',*,*,#10551,.F.);
#10551 = EDGE_CURVE('',#10394,#10529,#10552,.T.);
#10552 = SURFACE_CURVE('',#10553,(#10557,#10564),.PCURVE_S1.);
#10553 = LINE('',#10554,#10555);
#10554 = CARTESIAN_POINT('',(-6.25,5.6,-3.5));
#10555 = VECTOR('',#10556,1.);
#10556 = DIRECTION('',(1.,0.,0.));
#10557 = PCURVE('',#10435,#10558);
#10558 = DEFINITIONAL_REPRESENTATION('',(#10559),#10563);
#10559 = LINE('',#10560,#10561);
#10560 = CARTESIAN_POINT('',(0.,7.));
#10561 = VECTOR('',#10562,1.);
#10562 = DIRECTION('',(1.,0.));
#10563 = ( GEOMETRIC_REPRESENTATION_CONTEXT(2) 
PARAMETRIC_REPRESENTATION_CONTEXT() REPRESENTATION_CONTEXT('2D SPACE',''
  ) );
#10564 = PCURVE('',#10409,#10565);
#10565 = DEFINITIONAL_REPRESENTATION('',(#10566),#10570);
#10566 = LINE('',#10567,#10568);
#10567 = CARTESIAN_POINT('',(1.,0.));
#10568 = VECTOR('',#10569,1.);
#10569 = DIRECTION('',(0.,1.));
#10570 = ( GEOMETRIC_REPRESENTATION_CONTEXT(2) 
PARAMETRIC_REPRESENTATION_CONTEXT() REPRESENTATION_CONTEXT('2D SPACE',''
  ) );
#10571 = ADVANCED_FACE('',(#10572),#10409,.T.);
#10572 = FACE_BOUND('',#10573,.T.);
#10573 = EDGE_LOOP('',(#10574,#10597,#10598,#10599));
#10574 = ORIENTED_EDGE('',*,*,#10575,.F.);
#10575 = EDGE_CURVE('',#10366,#10576,#10578,.T.);
#10576 = VERTEX_POINT('',#10577);
#10577 = CARTESIAN_POINT('',(6.25,4.6,-3.5));
#10578 = SURFACE_CURVE('',#10579,(#10583,#10590),.PCURVE_S1.);
#10579 = LINE('',#10580,#10581);
#10580 = CARTESIAN_POINT('',(-6.25,4.6,-3.5));
#10581 = VECTOR('',#10582,1.);
#10582 = DIRECTION('',(1.,0.,0.));
#10583 = PCURVE('',#10409,#10584);
#10584 = DEFINITIONAL_REPRESENTATION('',(#10585),#10589);
#10585 = LINE('',#10586,#10587);
#10586 = CARTESIAN_POINT('',(0.,0.));
#10587 = VECTOR('',#10588,1.);
#10588 = DIRECTION('',(0.,1.));
#10589 = ( GEOMETRIC_REPRESENTATION_CONTEXT(2) 
PARAMETRIC_REPRESENTATION_CONTEXT() REPRESENTATION_CONTEXT('2D SPACE',''
  ) );
#10590 = PCURVE('',#10381,#10591);
#10591 = DEFINITIONAL_REPRESENTATION('',(#10592),#10596);
#10592 = LINE('',#10593,#10594);
#10593 = CARTESIAN_POINT('',(0.,7.));
#10594 = VECTOR('',#10595,1.);
#10595 = DIRECTION('',(1.,0.));
#10596 = ( GEOMETRIC_REPRESENTATION_CONTEXT(2) 
PARAMETRIC_REPRESENTATION_CONTEXT() REPRESENTATION_CONTEXT('2D SPACE',''
  ) );
#10597 = ORIENTED_EDGE('',*,*,#10393,.T.);
#10598 = ORIENTED_EDGE('',*,*,#10551,.T.);
#10599 = ORIENTED_EDGE('',*,*,#10600,.F.);
#10600 = EDGE_CURVE('',#10576,#10529,#10601,.T.);
#10601 = SURFACE_CURVE('',#10602,(#10606,#10613),.PCURVE_S1.);
#10602 = LINE('',#10603,#10604);
#10603 = CARTESIAN_POINT('',(6.25,4.6,-3.5));
#10604 = VECTOR('',#10605,1.);
#10605 = DIRECTION('',(0.,1.,1.110223024625E-16));
#10606 = PCURVE('',#10409,#10607);
#10607 = DEFINITIONAL_REPRESENTATION('',(#10608),#10612);
#10608 = LINE('',#10609,#10610);
#10609 = CARTESIAN_POINT('',(0.,12.5));
#10610 = VECTOR('',#10611,1.);
#10611 = DIRECTION('',(1.,0.));
#10612 = ( GEOMETRIC_REPRESENTATION_CONTEXT(2) 
PARAMETRIC_REPRESENTATION_CONTEXT() REPRESENTATION_CONTEXT('2D SPACE',''
  ) );
#10613 = PCURVE('',#10511,#10614);
#10614 = DEFINITIONAL_REPRESENTATION('',(#10615),#10619);
#10615 = LINE('',#10616,#10617);
#10616 = CARTESIAN_POINT('',(-7.771561172376E-16,-7.));
#10617 = VECTOR('',#10618,1.);
#10618 = DIRECTION('',(1.,0.));
#10619 = ( GEOMETRIC_REPRESENTATION_CONTEXT(2) 
PARAMETRIC_REPRESENTATION_CONTEXT() REPRESENTATION_CONTEXT('2D SPACE',''
  ) );
#10620 = ADVANCED_FACE('',(#10621,#10647),#10381,.F.);
#10621 = FACE_BOUND('',#10622,.F.);
#10622 = EDGE_LOOP('',(#10623,#10624,#10625,#10646));
#10623 = ORIENTED_EDGE('',*,*,#10365,.F.);
#10624 = ORIENTED_EDGE('',*,*,#10450,.T.);
#10625 = ORIENTED_EDGE('',*,*,#10626,.T.);
#10626 = EDGE_CURVE('',#10451,#10576,#10627,.T.);
#10627 = SURFACE_CURVE('',#10628,(#10632,#10639),.PCURVE_S1.);
#10628 = LINE('',#10629,#10630);
#10629 = CARTESIAN_POINT('',(6.25,4.6,3.5));
#10630 = VECTOR('',#10631,1.);
#10631 = DIRECTION('',(0.,1.110223024625E-16,-1.));
#10632 = PCURVE('',#10381,#10633);
#10633 = DEFINITIONAL_REPRESENTATION('',(#10634),#10638);
#10634 = LINE('',#10635,#10636);
#10635 = CARTESIAN_POINT('',(12.5,0.));
#10636 = VECTOR('',#10637,1.);
#10637 = DIRECTION('',(0.,1.));
#10638 = ( GEOMETRIC_REPRESENTATION_CONTEXT(2) 
PARAMETRIC_REPRESENTATION_CONTEXT() REPRESENTATION_CONTEXT('2D SPACE',''
  ) );
#10639 = PCURVE('',#10511,#10640);
#10640 = DEFINITIONAL_REPRESENTATION('',(#10641),#10645);
#10641 = LINE('',#10642,#10643);
#10642 = CARTESIAN_POINT('',(0.,0.));
#10643 = VECTOR('',#10644,1.);
#10644 = DIRECTION('',(0.,-1.));
#10645 = ( GEOMETRIC_REPRESENTATION_CONTEXT(2) 
PARAMETRIC_REPRESENTATION_CONTEXT() REPRESENTATION_CONTEXT('2D SPACE',''
  ) );
#10646 = ORIENTED_EDGE('',*,*,#10575,.F.);
#10647 = FACE_BOUND('',#10648,.F.);
#10648 = EDGE_LOOP('',(#10649,#10679,#10707,#10735));
#10649 = ORIENTED_EDGE('',*,*,#10650,.T.);
#10650 = EDGE_CURVE('',#10651,#10653,#10655,.T.);
#10651 = VERTEX_POINT('',#10652);
#10652 = CARTESIAN_POINT('',(-1.1,4.6,1.1));
#10653 = VERTEX_POINT('',#10654);
#10654 = CARTESIAN_POINT('',(-1.1,4.6,-1.1));
#10655 = SURFACE_CURVE('',#10656,(#10660,#10667),.PCURVE_S1.);
#10656 = LINE('',#10657,#10658);
#10657 = CARTESIAN_POINT('',(-1.1,4.6,1.1));
#10658 = VECTOR('',#10659,1.);
#10659 = DIRECTION('',(0.,1.110223024625E-16,-1.));
#10660 = PCURVE('',#10381,#10661);
#10661 = DEFINITIONAL_REPRESENTATION('',(#10662),#10666);
#10662 = LINE('',#10663,#10664);
#10663 = CARTESIAN_POINT('',(5.15,2.4));
#10664 = VECTOR('',#10665,1.);
#10665 = DIRECTION('',(0.,1.));
#10666 = ( GEOMETRIC_REPRESENTATION_CONTEXT(2) 
PARAMETRIC_REPRESENTATION_CONTEXT() REPRESENTATION_CONTEXT('2D SPACE',''
  ) );
#10667 = PCURVE('',#10668,#10673);
#10668 = PLANE('',#10669);
#10669 = AXIS2_PLACEMENT_3D('',#10670,#10671,#10672);
#10670 = CARTESIAN_POINT('',(-1.1,1.4,1.1));
#10671 = DIRECTION('',(1.,0.,0.));
#10672 = DIRECTION('',(0.,1.,1.110223024625E-16));
#10673 = DEFINITIONAL_REPRESENTATION('',(#10674),#10678);
#10674 = LINE('',#10675,#10676);
#10675 = CARTESIAN_POINT('',(3.2,-1.33226762955E-16));
#10676 = VECTOR('',#10677,1.);
#10677 = DIRECTION('',(0.,-1.));
#10678 = ( GEOMETRIC_REPRESENTATION_CONTEXT(2) 
PARAMETRIC_REPRESENTATION_CONTEXT() REPRESENTATION_CONTEXT('2D SPACE',''
  ) );
#10679 = ORIENTED_EDGE('',*,*,#10680,.T.);
#10680 = EDGE_CURVE('',#10653,#10681,#10683,.T.);
#10681 = VERTEX_POINT('',#10682);
#10682 = CARTESIAN_POINT('',(1.1,4.6,-1.1));
#10683 = SURFACE_CURVE('',#10684,(#10688,#10695),.PCURVE_S1.);
#10684 = LINE('',#10685,#10686);
#10685 = CARTESIAN_POINT('',(-1.1,4.6,-1.1));
#10686 = VECTOR('',#10687,1.);
#10687 = DIRECTION('',(1.,0.,0.));
#10688 = PCURVE('',#10381,#10689);
#10689 = DEFINITIONAL_REPRESENTATION('',(#10690),#10694);
#10690 = LINE('',#10691,#10692);
#10691 = CARTESIAN_POINT('',(5.15,4.6));
#10692 = VECTOR('',#10693,1.);
#10693 = DIRECTION('',(1.,0.));
#10694 = ( GEOMETRIC_REPRESENTATION_CONTEXT(2) 
PARAMETRIC_REPRESENTATION_CONTEXT() REPRESENTATION_CONTEXT('2D SPACE',''
  ) );
#10695 = PCURVE('',#10696,#10701);
#10696 = PLANE('',#10697);
#10697 = AXIS2_PLACEMENT_3D('',#10698,#10699,#10700);
#10698 = CARTESIAN_POINT('',(-1.1,1.4,-1.1));
#10699 = DIRECTION('',(0.,1.110223024625E-16,-1.));
#10700 = DIRECTION('',(0.,1.,1.110223024625E-16));
#10701 = DEFINITIONAL_REPRESENTATION('',(#10702),#10706);
#10702 = LINE('',#10703,#10704);
#10703 = CARTESIAN_POINT('',(3.2,0.));
#10704 = VECTOR('',#10705,1.);
#10705 = DIRECTION('',(0.,1.));
#10706 = ( GEOMETRIC_REPRESENTATION_CONTEXT(2) 
PARAMETRIC_REPRESENTATION_CONTEXT() REPRESENTATION_CONTEXT('2D SPACE',''
  ) );
#10707 = ORIENTED_EDGE('',*,*,#10708,.F.);
#10708 = EDGE_CURVE('',#10709,#10681,#10711,.T.);
#10709 = VERTEX_POINT('',#10710);
#10710 = CARTESIAN_POINT('',(1.1,4.6,1.1));
#10711 = SURFACE_CURVE('',#10712,(#10716,#10723),.PCURVE_S1.);
#10712 = LINE('',#10713,#10714);
#10713 = CARTESIAN_POINT('',(1.1,4.6,1.1));
#10714 = VECTOR('',#10715,1.);
#10715 = DIRECTION('',(0.,1.110223024625E-16,-1.));
#10716 = PCURVE('',#10381,#10717);
#10717 = DEFINITIONAL_REPRESENTATION('',(#10718),#10722);
#10718 = LINE('',#10719,#10720);
#10719 = CARTESIAN_POINT('',(7.35,2.4));
#10720 = VECTOR('',#10721,1.);
#10721 = DIRECTION('',(0.,1.));
#10722 = ( GEOMETRIC_REPRESENTATION_CONTEXT(2) 
PARAMETRIC_REPRESENTATION_CONTEXT() REPRESENTATION_CONTEXT('2D SPACE',''
  ) );
#10723 = PCURVE('',#10724,#10729);
#10724 = PLANE('',#10725);
#10725 = AXIS2_PLACEMENT_3D('',#10726,#10727,#10728);
#10726 = CARTESIAN_POINT('',(1.1,1.4,1.1));
#10727 = DIRECTION('',(1.,0.,0.));
#10728 = DIRECTION('',(0.,1.,1.110223024625E-16));
#10729 = DEFINITIONAL_REPRESENTATION('',(#10730),#10734);
#10730 = LINE('',#10731,#10732);
#10731 = CARTESIAN_POINT('',(3.2,-1.33226762955E-16));
#10732 = VECTOR('',#10733,1.);
#10733 = DIRECTION('',(0.,-1.));
#10734 = ( GEOMETRIC_REPRESENTATION_CONTEXT(2) 
PARAMETRIC_REPRESENTATION_CONTEXT() REPRESENTATION_CONTEXT('2D SPACE',''
  ) );
#10735 = ORIENTED_EDGE('',*,*,#10736,.F.);
#10736 = EDGE_CURVE('',#10651,#10709,#10737,.T.);
#10737 = SURFACE_CURVE('',#10738,(#10742,#10749),.PCURVE_S1.);
#10738 = LINE('',#10739,#10740);
#10739 = CARTESIAN_POINT('',(-1.1,4.6,1.1));
#10740 = VECTOR('',#10741,1.);
#10741 = DIRECTION('',(1.,0.,0.));
#10742 = PCURVE('',#10381,#10743);
#10743 = DEFINITIONAL_REPRESENTATION('',(#10744),#10748);
#10744 = LINE('',#10745,#10746);
#10745 = CARTESIAN_POINT('',(5.15,2.4));
#10746 = VECTOR('',#10747,1.);
#10747 = DIRECTION('',(1.,0.));
#10748 = ( GEOMETRIC_REPRESENTATION_CONTEXT(2) 
PARAMETRIC_REPRESENTATION_CONTEXT() REPRESENTATION_CONTEXT('2D SPACE',''
  ) );
#10749 = PCURVE('',#10750,#10755);
#10750 = PLANE('',#10751);
#10751 = AXIS2_PLACEMENT_3D('',#10752,#10753,#10754);
#10752 = CARTESIAN_POINT('',(-1.1,1.4,1.1));
#10753 = DIRECTION('',(0.,1.110223024625E-16,-1.));
#10754 = DIRECTION('',(0.,1.,1.110223024625E-16));
#10755 = DEFINITIONAL_REPRESENTATION('',(#10756),#10760);
#10756 = LINE('',#10757,#10758);
#10757 = CARTESIAN_POINT('',(3.2,0.));
#10758 = VECTOR('',#10759,1.);
#10759 = DIRECTION('',(0.,1.));
#10760 = ( GEOMETRIC_REPRESENTATION_CONTEXT(2) 
PARAMETRIC_REPRESENTATION_CONTEXT() REPRESENTATION_CONTEXT('2D SPACE',''
  ) );
#10761 = ADVANCED_FACE('',(#10762),#10511,.T.);
#10762 = FACE_BOUND('',#10763,.T.);
#10763 = EDGE_LOOP('',(#10764,#10765,#10766,#10767));
#10764 = ORIENTED_EDGE('',*,*,#10497,.F.);
#10765 = ORIENTED_EDGE('',*,*,#10626,.T.);
#10766 = ORIENTED_EDGE('',*,*,#10600,.T.);
#10767 = ORIENTED_EDGE('',*,*,#10528,.F.);
#10768 = ADVANCED_FACE('',(#10769),#10668,.F.);
#10769 = FACE_BOUND('',#10770,.F.);
#10770 = EDGE_LOOP('',(#10771,#10794,#10822,#10843));
#10771 = ORIENTED_EDGE('',*,*,#10772,.F.);
#10772 = EDGE_CURVE('',#10773,#10651,#10775,.T.);
#10773 = VERTEX_POINT('',#10774);
#10774 = CARTESIAN_POINT('',(-1.1,1.4,1.1));
#10775 = SURFACE_CURVE('',#10776,(#10780,#10787),.PCURVE_S1.);
#10776 = LINE('',#10777,#10778);
#10777 = CARTESIAN_POINT('',(-1.1,1.4,1.1));
#10778 = VECTOR('',#10779,1.);
#10779 = DIRECTION('',(0.,1.,1.110223024625E-16));
#10780 = PCURVE('',#10668,#10781);
#10781 = DEFINITIONAL_REPRESENTATION('',(#10782),#10786);
#10782 = LINE('',#10783,#10784);
#10783 = CARTESIAN_POINT('',(0.,0.));
#10784 = VECTOR('',#10785,1.);
#10785 = DIRECTION('',(1.,0.));
#10786 = ( GEOMETRIC_REPRESENTATION_CONTEXT(2) 
PARAMETRIC_REPRESENTATION_CONTEXT() REPRESENTATION_CONTEXT('2D SPACE',''
  ) );
#10787 = PCURVE('',#10750,#10788);
#10788 = DEFINITIONAL_REPRESENTATION('',(#10789),#10793);
#10789 = LINE('',#10790,#10791);
#10790 = CARTESIAN_POINT('',(0.,0.));
#10791 = VECTOR('',#10792,1.);
#10792 = DIRECTION('',(1.,0.));
#10793 = ( GEOMETRIC_REPRESENTATION_CONTEXT(2) 
PARAMETRIC_REPRESENTATION_CONTEXT() REPRESENTATION_CONTEXT('2D SPACE',''
  ) );
#10794 = ORIENTED_EDGE('',*,*,#10795,.T.);
#10795 = EDGE_CURVE('',#10773,#10796,#10798,.T.);
#10796 = VERTEX_POINT('',#10797);
#10797 = CARTESIAN_POINT('',(-1.1,1.4,-1.1));
#10798 = SURFACE_CURVE('',#10799,(#10803,#10810),.PCURVE_S1.);
#10799 = LINE('',#10800,#10801);
#10800 = CARTESIAN_POINT('',(-1.1,1.4,1.1));
#10801 = VECTOR('',#10802,1.);
#10802 = DIRECTION('',(0.,1.110223024625E-16,-1.));
#10803 = PCURVE('',#10668,#10804);
#10804 = DEFINITIONAL_REPRESENTATION('',(#10805),#10809);
#10805 = LINE('',#10806,#10807);
#10806 = CARTESIAN_POINT('',(0.,0.));
#10807 = VECTOR('',#10808,1.);
#10808 = DIRECTION('',(0.,-1.));
#10809 = ( GEOMETRIC_REPRESENTATION_CONTEXT(2) 
PARAMETRIC_REPRESENTATION_CONTEXT() REPRESENTATION_CONTEXT('2D SPACE',''
  ) );
#10810 = PCURVE('',#10811,#10816);
#10811 = PLANE('',#10812);
#10812 = AXIS2_PLACEMENT_3D('',#10813,#10814,#10815);
#10813 = CARTESIAN_POINT('',(-1.367440132539E-16,1.4,-1.600290313142E-17
    ));
#10814 = DIRECTION('',(0.,1.,1.110223024625E-16));
#10815 = DIRECTION('',(1.,0.,0.));
#10816 = DEFINITIONAL_REPRESENTATION('',(#10817),#10821);
#10817 = LINE('',#10818,#10819);
#10818 = CARTESIAN_POINT('',(-1.1,-1.1));
#10819 = VECTOR('',#10820,1.);
#10820 = DIRECTION('',(0.,1.));
#10821 = ( GEOMETRIC_REPRESENTATION_CONTEXT(2) 
PARAMETRIC_REPRESENTATION_CONTEXT() REPRESENTATION_CONTEXT('2D SPACE',''
  ) );
#10822 = ORIENTED_EDGE('',*,*,#10823,.T.);
#10823 = EDGE_CURVE('',#10796,#10653,#10824,.T.);
#10824 = SURFACE_CURVE('',#10825,(#10829,#10836),.PCURVE_S1.);
#10825 = LINE('',#10826,#10827);
#10826 = CARTESIAN_POINT('',(-1.1,1.4,-1.1));
#10827 = VECTOR('',#10828,1.);
#10828 = DIRECTION('',(0.,1.,1.110223024625E-16));
#10829 = PCURVE('',#10668,#10830);
#10830 = DEFINITIONAL_REPRESENTATION('',(#10831),#10835);
#10831 = LINE('',#10832,#10833);
#10832 = CARTESIAN_POINT('',(1.998401444325E-16,-2.2));
#10833 = VECTOR('',#10834,1.);
#10834 = DIRECTION('',(1.,0.));
#10835 = ( GEOMETRIC_REPRESENTATION_CONTEXT(2) 
PARAMETRIC_REPRESENTATION_CONTEXT() REPRESENTATION_CONTEXT('2D SPACE',''
  ) );
#10836 = PCURVE('',#10696,#10837);
#10837 = DEFINITIONAL_REPRESENTATION('',(#10838),#10842);
#10838 = LINE('',#10839,#10840);
#10839 = CARTESIAN_POINT('',(0.,0.));
#10840 = VECTOR('',#10841,1.);
#10841 = DIRECTION('',(1.,0.));
#10842 = ( GEOMETRIC_REPRESENTATION_CONTEXT(2) 
PARAMETRIC_REPRESENTATION_CONTEXT() REPRESENTATION_CONTEXT('2D SPACE',''
  ) );
#10843 = ORIENTED_EDGE('',*,*,#10650,.F.);
#10844 = ADVANCED_FACE('',(#10845),#10750,.F.);
#10845 = FACE_BOUND('',#10846,.F.);
#10846 = EDGE_LOOP('',(#10847,#10870,#10871,#10872));
#10847 = ORIENTED_EDGE('',*,*,#10848,.F.);
#10848 = EDGE_CURVE('',#10773,#10849,#10851,.T.);
#10849 = VERTEX_POINT('',#10850);
#10850 = CARTESIAN_POINT('',(1.1,1.4,1.1));
#10851 = SURFACE_CURVE('',#10852,(#10856,#10863),.PCURVE_S1.);
#10852 = LINE('',#10853,#10854);
#10853 = CARTESIAN_POINT('',(-1.1,1.4,1.1));
#10854 = VECTOR('',#10855,1.);
#10855 = DIRECTION('',(1.,0.,0.));
#10856 = PCURVE('',#10750,#10857);
#10857 = DEFINITIONAL_REPRESENTATION('',(#10858),#10862);
#10858 = LINE('',#10859,#10860);
#10859 = CARTESIAN_POINT('',(0.,0.));
#10860 = VECTOR('',#10861,1.);
#10861 = DIRECTION('',(0.,1.));
#10862 = ( GEOMETRIC_REPRESENTATION_CONTEXT(2) 
PARAMETRIC_REPRESENTATION_CONTEXT() REPRESENTATION_CONTEXT('2D SPACE',''
  ) );
#10863 = PCURVE('',#10811,#10864);
#10864 = DEFINITIONAL_REPRESENTATION('',(#10865),#10869);
#10865 = LINE('',#10866,#10867);
#10866 = CARTESIAN_POINT('',(-1.1,-1.1));
#10867 = VECTOR('',#10868,1.);
#10868 = DIRECTION('',(1.,0.));
#10869 = ( GEOMETRIC_REPRESENTATION_CONTEXT(2) 
PARAMETRIC_REPRESENTATION_CONTEXT() REPRESENTATION_CONTEXT('2D SPACE',''
  ) );
#10870 = ORIENTED_EDGE('',*,*,#10772,.T.);
#10871 = ORIENTED_EDGE('',*,*,#10736,.T.);
#10872 = ORIENTED_EDGE('',*,*,#10873,.F.);
#10873 = EDGE_CURVE('',#10849,#10709,#10874,.T.);
#10874 = SURFACE_CURVE('',#10875,(#10879,#10886),.PCURVE_S1.);
#10875 = LINE('',#10876,#10877);
#10876 = CARTESIAN_POINT('',(1.1,1.4,1.1));
#10877 = VECTOR('',#10878,1.);
#10878 = DIRECTION('',(0.,1.,1.110223024625E-16));
#10879 = PCURVE('',#10750,#10880);
#10880 = DEFINITIONAL_REPRESENTATION('',(#10881),#10885);
#10881 = LINE('',#10882,#10883);
#10882 = CARTESIAN_POINT('',(0.,2.2));
#10883 = VECTOR('',#10884,1.);
#10884 = DIRECTION('',(1.,0.));
#10885 = ( GEOMETRIC_REPRESENTATION_CONTEXT(2) 
PARAMETRIC_REPRESENTATION_CONTEXT() REPRESENTATION_CONTEXT('2D SPACE',''
  ) );
#10886 = PCURVE('',#10724,#10887);
#10887 = DEFINITIONAL_REPRESENTATION('',(#10888),#10892);
#10888 = LINE('',#10889,#10890);
#10889 = CARTESIAN_POINT('',(0.,0.));
#10890 = VECTOR('',#10891,1.);
#10891 = DIRECTION('',(1.,0.));
#10892 = ( GEOMETRIC_REPRESENTATION_CONTEXT(2) 
PARAMETRIC_REPRESENTATION_CONTEXT() REPRESENTATION_CONTEXT('2D SPACE',''
  ) );
#10893 = ADVANCED_FACE('',(#10894),#10724,.T.);
#10894 = FACE_BOUND('',#10895,.T.);
#10895 = EDGE_LOOP('',(#10896,#10897,#10920,#10941));
#10896 = ORIENTED_EDGE('',*,*,#10873,.F.);
#10897 = ORIENTED_EDGE('',*,*,#10898,.T.);
#10898 = EDGE_CURVE('',#10849,#10899,#10901,.T.);
#10899 = VERTEX_POINT('',#10900);
#10900 = CARTESIAN_POINT('',(1.1,1.4,-1.1));
#10901 = SURFACE_CURVE('',#10902,(#10906,#10913),.PCURVE_S1.);
#10902 = LINE('',#10903,#10904);
#10903 = CARTESIAN_POINT('',(1.1,1.4,1.1));
#10904 = VECTOR('',#10905,1.);
#10905 = DIRECTION('',(0.,1.110223024625E-16,-1.));
#10906 = PCURVE('',#10724,#10907);
#10907 = DEFINITIONAL_REPRESENTATION('',(#10908),#10912);
#10908 = LINE('',#10909,#10910);
#10909 = CARTESIAN_POINT('',(0.,0.));
#10910 = VECTOR('',#10911,1.);
#10911 = DIRECTION('',(0.,-1.));
#10912 = ( GEOMETRIC_REPRESENTATION_CONTEXT(2) 
PARAMETRIC_REPRESENTATION_CONTEXT() REPRESENTATION_CONTEXT('2D SPACE',''
  ) );
#10913 = PCURVE('',#10811,#10914);
#10914 = DEFINITIONAL_REPRESENTATION('',(#10915),#10919);
#10915 = LINE('',#10916,#10917);
#10916 = CARTESIAN_POINT('',(1.1,-1.1));
#10917 = VECTOR('',#10918,1.);
#10918 = DIRECTION('',(0.,1.));
#10919 = ( GEOMETRIC_REPRESENTATION_CONTEXT(2) 
PARAMETRIC_REPRESENTATION_CONTEXT() REPRESENTATION_CONTEXT('2D SPACE',''
  ) );
#10920 = ORIENTED_EDGE('',*,*,#10921,.T.);
#10921 = EDGE_CURVE('',#10899,#10681,#10922,.T.);
#10922 = SURFACE_CURVE('',#10923,(#10927,#10934),.PCURVE_S1.);
#10923 = LINE('',#10924,#10925);
#10924 = CARTESIAN_POINT('',(1.1,1.4,-1.1));
#10925 = VECTOR('',#10926,1.);
#10926 = DIRECTION('',(0.,1.,1.110223024625E-16));
#10927 = PCURVE('',#10724,#10928);
#10928 = DEFINITIONAL_REPRESENTATION('',(#10929),#10933);
#10929 = LINE('',#10930,#10931);
#10930 = CARTESIAN_POINT('',(1.998401444325E-16,-2.2));
#10931 = VECTOR('',#10932,1.);
#10932 = DIRECTION('',(1.,0.));
#10933 = ( GEOMETRIC_REPRESENTATION_CONTEXT(2) 
PARAMETRIC_REPRESENTATION_CONTEXT() REPRESENTATION_CONTEXT('2D SPACE',''
  ) );
#10934 = PCURVE('',#10696,#10935);
#10935 = DEFINITIONAL_REPRESENTATION('',(#10936),#10940);
#10936 = LINE('',#10937,#10938);
#10937 = CARTESIAN_POINT('',(0.,2.2));
#10938 = VECTOR('',#10939,1.);
#10939 = DIRECTION('',(1.,0.));
#10940 = ( GEOMETRIC_REPRESENTATION_CONTEXT(2) 
PARAMETRIC_REPRESENTATION_CONTEXT() REPRESENTATION_CONTEXT('2D SPACE',''
  ) );
#10941 = ORIENTED_EDGE('',*,*,#10708,.F.);
#10942 = ADVANCED_FACE('',(#10943),#10696,.T.);
#10943 = FACE_BOUND('',#10944,.T.);
#10944 = EDGE_LOOP('',(#10945,#10966,#10967,#10968));
#10945 = ORIENTED_EDGE('',*,*,#10946,.F.);
#10946 = EDGE_CURVE('',#10796,#10899,#10947,.T.);
#10947 = SURFACE_CURVE('',#10948,(#10952,#10959),.PCURVE_S1.);
#10948 = LINE('',#10949,#10950);
#10949 = CARTESIAN_POINT('',(-1.1,1.4,-1.1));
#10950 = VECTOR('',#10951,1.);
#10951 = DIRECTION('',(1.,0.,0.));
#10952 = PCURVE('',#10696,#10953);
#10953 = DEFINITIONAL_REPRESENTATION('',(#10954),#10958);
#10954 = LINE('',#10955,#10956);
#10955 = CARTESIAN_POINT('',(0.,0.));
#10956 = VECTOR('',#10957,1.);
#10957 = DIRECTION('',(0.,1.));
#10958 = ( GEOMETRIC_REPRESENTATION_CONTEXT(2) 
PARAMETRIC_REPRESENTATION_CONTEXT() REPRESENTATION_CONTEXT('2D SPACE',''
  ) );
#10959 = PCURVE('',#10811,#10960);
#10960 = DEFINITIONAL_REPRESENTATION('',(#10961),#10965);
#10961 = LINE('',#10962,#10963);
#10962 = CARTESIAN_POINT('',(-1.1,1.1));
#10963 = VECTOR('',#10964,1.);
#10964 = DIRECTION('',(1.,0.));
#10965 = ( GEOMETRIC_REPRESENTATION_CONTEXT(2) 
PARAMETRIC_REPRESENTATION_CONTEXT() REPRESENTATION_CONTEXT('2D SPACE',''
  ) );
#10966 = ORIENTED_EDGE('',*,*,#10823,.T.);
#10967 = ORIENTED_EDGE('',*,*,#10680,.T.);
#10968 = ORIENTED_EDGE('',*,*,#10921,.F.);
#10969 = ADVANCED_FACE('',(#10970,#11001),#10811,.T.);
#10970 = FACE_BOUND('',#10971,.T.);
#10971 = EDGE_LOOP('',(#10972));
#10972 = ORIENTED_EDGE('',*,*,#10973,.T.);
#10973 = EDGE_CURVE('',#10974,#10974,#10976,.T.);
#10974 = VERTEX_POINT('',#10975);
#10975 = CARTESIAN_POINT('',(2.5,1.4,1.554312234475E-16));
#10976 = SURFACE_CURVE('',#10977,(#10982,#10989),.PCURVE_S1.);
#10977 = CIRCLE('',#10978,2.5);
#10978 = AXIS2_PLACEMENT_3D('',#10979,#10980,#10981);
#10979 = CARTESIAN_POINT('',(0.,1.4,1.554312234475E-16));
#10980 = DIRECTION('',(-0.,1.,1.110223024625E-16));
#10981 = DIRECTION('',(1.,0.,0.));
#10982 = PCURVE('',#10811,#10983);
#10983 = DEFINITIONAL_REPRESENTATION('',(#10984),#10988);
#10984 = CIRCLE('',#10985,2.5);
#10985 = AXIS2_PLACEMENT_2D('',#10986,#10987);
#10986 = CARTESIAN_POINT('',(1.367440132539E-16,-1.714341265789E-16));
#10987 = DIRECTION('',(1.,0.));
#10988 = ( GEOMETRIC_REPRESENTATION_CONTEXT(2) 
PARAMETRIC_REPRESENTATION_CONTEXT() REPRESENTATION_CONTEXT('2D SPACE',''
  ) );
#10989 = PCURVE('',#10990,#10995);
#10990 = CYLINDRICAL_SURFACE('',#10991,2.5);
#10991 = AXIS2_PLACEMENT_3D('',#10992,#10993,#10994);
#10992 = CARTESIAN_POINT('',(0.,0.,0.));
#10993 = DIRECTION('',(-0.,-1.,-1.110223024625E-16));
#10994 = DIRECTION('',(1.,0.,0.));
#10995 = DEFINITIONAL_REPRESENTATION('',(#10996),#11000);
#10996 = LINE('',#10997,#10998);
#10997 = CARTESIAN_POINT('',(-0.,-1.4));
#10998 = VECTOR('',#10999,1.);
#10999 = DIRECTION('',(-1.,0.));
#11000 = ( GEOMETRIC_REPRESENTATION_CONTEXT(2) 
PARAMETRIC_REPRESENTATION_CONTEXT() REPRESENTATION_CONTEXT('2D SPACE',''
  ) );
#11001 = FACE_BOUND('',#11002,.T.);
#11002 = EDGE_LOOP('',(#11003,#11004,#11005,#11006));
#11003 = ORIENTED_EDGE('',*,*,#10795,.T.);
#11004 = ORIENTED_EDGE('',*,*,#10946,.T.);
#11005 = ORIENTED_EDGE('',*,*,#10898,.F.);
#11006 = ORIENTED_EDGE('',*,*,#10848,.F.);
#11007 = ADVANCED_FACE('',(#11008),#10990,.T.);
#11008 = FACE_BOUND('',#11009,.F.);
#11009 = EDGE_LOOP('',(#11010,#11033,#11034,#11035));
#11010 = ORIENTED_EDGE('',*,*,#11011,.T.);
#11011 = EDGE_CURVE('',#11012,#10974,#11014,.T.);
#11012 = VERTEX_POINT('',#11013);
#11013 = CARTESIAN_POINT('',(2.5,0.,0.));
#11014 = SEAM_CURVE('',#11015,(#11019,#11026),.PCURVE_S1.);
#11015 = LINE('',#11016,#11017);
#11016 = CARTESIAN_POINT('',(2.5,0.,0.));
#11017 = VECTOR('',#11018,1.);
#11018 = DIRECTION('',(0.,1.,1.110223024625E-16));
#11019 = PCURVE('',#10990,#11020);
#11020 = DEFINITIONAL_REPRESENTATION('',(#11021),#11025);
#11021 = LINE('',#11022,#11023);
#11022 = CARTESIAN_POINT('',(-0.,0.));
#11023 = VECTOR('',#11024,1.);
#11024 = DIRECTION('',(-0.,-1.));
#11025 = ( GEOMETRIC_REPRESENTATION_CONTEXT(2) 
PARAMETRIC_REPRESENTATION_CONTEXT() REPRESENTATION_CONTEXT('2D SPACE',''
  ) );
#11026 = PCURVE('',#10990,#11027);
#11027 = DEFINITIONAL_REPRESENTATION('',(#11028),#11032);
#11028 = LINE('',#11029,#11030);
#11029 = CARTESIAN_POINT('',(-6.28318530718,0.));
#11030 = VECTOR('',#11031,1.);
#11031 = DIRECTION('',(-0.,-1.));
#11032 = ( GEOMETRIC_REPRESENTATION_CONTEXT(2) 
PARAMETRIC_REPRESENTATION_CONTEXT() REPRESENTATION_CONTEXT('2D SPACE',''
  ) );
#11033 = ORIENTED_EDGE('',*,*,#10973,.T.);
#11034 = ORIENTED_EDGE('',*,*,#11011,.F.);
#11035 = ORIENTED_EDGE('',*,*,#11036,.F.);
#11036 = EDGE_CURVE('',#11012,#11012,#11037,.T.);
#11037 = SURFACE_CURVE('',#11038,(#11043,#11050),.PCURVE_S1.);
#11038 = CIRCLE('',#11039,2.5);
#11039 = AXIS2_PLACEMENT_3D('',#11040,#11041,#11042);
#11040 = CARTESIAN_POINT('',(0.,0.,0.));
#11041 = DIRECTION('',(-0.,1.,1.110223024625E-16));
#11042 = DIRECTION('',(1.,0.,0.));
#11043 = PCURVE('',#10990,#11044);
#11044 = DEFINITIONAL_REPRESENTATION('',(#11045),#11049);
#11045 = LINE('',#11046,#11047);
#11046 = CARTESIAN_POINT('',(-0.,0.));
#11047 = VECTOR('',#11048,1.);
#11048 = DIRECTION('',(-1.,0.));
#11049 = ( GEOMETRIC_REPRESENTATION_CONTEXT(2) 
PARAMETRIC_REPRESENTATION_CONTEXT() REPRESENTATION_CONTEXT('2D SPACE',''
  ) );
#11050 = PCURVE('',#11051,#11056);
#11051 = PLANE('',#11052);
#11052 = AXIS2_PLACEMENT_3D('',#11053,#11054,#11055);
#11053 = CARTESIAN_POINT('',(-1.367440132539E-16,1.903301145344E-32,
    -1.714341265789E-16));
#11054 = DIRECTION('',(0.,1.,1.110223024625E-16));
#11055 = DIRECTION('',(1.,0.,0.));
#11056 = DEFINITIONAL_REPRESENTATION('',(#11057),#11061);
#11057 = CIRCLE('',#11058,2.5);
#11058 = AXIS2_PLACEMENT_2D('',#11059,#11060);
#11059 = CARTESIAN_POINT('',(1.367440132539E-16,-1.714341265789E-16));
#11060 = DIRECTION('',(1.,0.));
#11061 = ( GEOMETRIC_REPRESENTATION_CONTEXT(2) 
PARAMETRIC_REPRESENTATION_CONTEXT() REPRESENTATION_CONTEXT('2D SPACE',''
  ) );
#11062 = ADVANCED_FACE('',(#11063),#11051,.F.);
#11063 = FACE_BOUND('',#11064,.F.);
#11064 = EDGE_LOOP('',(#11065));
#11065 = ORIENTED_EDGE('',*,*,#11036,.T.);
#11066 = ( GEOMETRIC_REPRESENTATION_CONTEXT(3) 
GLOBAL_UNCERTAINTY_ASSIGNED_CONTEXT((#11070)) 
GLOBAL_UNIT_ASSIGNED_CONTEXT((#11067,#11068,#11069)) 
REPRESENTATION_CONTEXT('Context #1',
  '3D Context with UNIT and UNCERTAINTY') );
#11067 = ( LENGTH_UNIT() NAMED_UNIT(*) SI_UNIT(.MILLI.,.METRE.) );
#11068 = ( NAMED_UNIT(*) PLANE_ANGLE_UNIT() SI_UNIT($,.RADIAN.) );
#11069 = ( NAMED_UNIT(*) SI_UNIT($,.STERADIAN.) SOLID_ANGLE_UNIT() );
#11070 = UNCERTAINTY_MEASURE_WITH_UNIT(LENGTH_MEASURE(1.E-07),#11067,
  'distance_accuracy_value','confusion accuracy');
#11071 = CONTEXT_DEPENDENT_SHAPE_REPRESENTATION(#11072,#11074);
#11072 = ( REPRESENTATION_RELATIONSHIP('','',#10323,#10) 
REPRESENTATION_RELATIONSHIP_WITH_TRANSFORMATION(#11073) 
SHAPE_REPRESENTATION_RELATIONSHIP() );
#11073 = ITEM_DEFINED_TRANSFORMATION('','',#11,#27);
#11074 = PRODUCT_DEFINITION_SHAPE('Placement','Placement of an item',
  #11075);
#11075 = NEXT_ASSEMBLY_USAGE_OCCURRENCE('4','power_button','',#5,#10318,
  $);
#11076 = PRODUCT_RELATED_PRODUCT_CATEGORY('part',$,(#10320));
ENDSEC;
END-ISO-10303-21;
